; ths1.txt - 11F16P00.PRB
;   f     |Ps|     Ps<    |Zs|     Zs<    |Px|     Px<
     4   -45.4   -36.4    83.8   127.3   -36.4   156.1
     8   -48.6  -161.8    79.9   113.3   -34.2    25.8
    12   -47.3   -33.5    76.6   112.2   -45.4  -101.9
    16   -47.3  -160.3    75.8   107.5   -41.6   177.0
    20   -52.3    24.4    71.6   100.0   -38.9   -11.5
    23   -48.1   173.7    68.4   106.5   -48.8  -123.8
    27   -72.4  -138.7    67.6    98.9   -42.8   154.0
    31   -55.4   105.3    67.5    98.2   -35.2    86.5
    35   -56.0    95.8    64.7    95.2   -42.4    22.3
    39   -40.2    63.6    64.1    78.4   -52.3   -22.5
    43   -38.8    16.7    66.7    82.4   -43.8    56.6
    47   -43.0   -41.6    67.1    98.9   -33.2   -57.0
    51   -35.9   -63.7    65.3   103.9   -29.9  -120.6
    55   -34.6   -61.5    66.2   101.6   -28.2   -76.1
    59   -22.5  -113.0    61.8   148.2   -33.7   170.6
    63   -28.8  -147.9    66.3   111.0   -27.1  -125.1
    66   -30.2    17.0    68.8    88.9   -26.9  -151.1
    70   -22.5  -167.7    63.4   118.8   -25.3   174.7
    74   -32.1   149.3    66.5   102.8   -22.9  -141.8
    78   -17.4  -173.8    59.6   116.3   -20.1   132.9
    82   -13.7  -162.3    54.0    41.4   -23.5   -42.9
    86   -16.1  -131.3    61.8    64.4   -21.7  -118.0
    90    -7.1    97.3    65.3   173.9   -48.3    78.9
    94    -1.7   142.7    65.1   -98.0   -43.0   -10.0
    98    -3.2   165.7    62.4   -24.8   -32.4   -95.1
   102    -3.5    89.6    61.9  -163.9   -28.0     2.1
   105   -11.7    77.8    60.0   124.3   -15.9    55.1
   109     0.9   128.5    64.0   -45.7   -31.7  -104.3
   113     4.2   104.6    67.3   -72.9   -32.2   -94.4
   117     1.6   108.4    63.1   -43.6   -29.0  -123.9
   121     6.8    71.7    68.9   -93.7   -43.6  -110.8
   125     7.9    76.0    69.6   -72.8   -43.2  -124.6
   129     5.3    99.6    67.1   -21.6   -33.8   177.3
   133     7.1   117.4    69.8     2.3   -34.3   150.8
   137     7.3    38.1    66.7   -89.3   -36.8  -154.1
   141     9.3    -4.1    69.1  -133.1   -34.8  -106.3
   145    11.3    40.2    70.3   -62.2   -39.7  -174.6
   148    14.8    46.9    74.2   -48.0   -44.7   137.8
   152    12.6    14.4    70.9   -75.4   -42.7   166.7
   156    12.2    52.0    70.6   -20.2   -38.0   111.6
   160    12.2    13.2    69.3   -54.9   -36.4   145.0
   164     9.1     4.4    64.1   -54.0   -29.6   142.4
   168    12.1    -8.3    67.9   -65.0   -36.8   129.7
   172    14.1   -22.5    69.8   -74.5   -45.3   111.3
   176    12.8   -37.6    67.7   -85.1   -36.8   140.4
   180     9.4   -56.8    62.1  -101.6   -25.3   149.2
   184    15.2   -46.5    69.8   -78.2   -53.2   111.3
   188    16.0   -56.2    70.4   -82.8   -56.8   148.5
   191    15.5   -52.7    69.5   -67.9   -55.6   152.8
   195    18.7   -50.5    72.9   -59.2   -51.7    98.9
   199    20.6   -66.3    74.6   -70.7   -51.0    50.6
   203    17.5   -74.7    70.7   -72.3   -47.1    67.2
   207    17.4   -85.0    70.1   -75.8   -52.2   127.6
   211    19.2   -80.7    71.9   -64.2   -53.9    93.2
   215    20.0   -89.7    72.6   -68.0   -50.7    91.6
   219    22.3  -113.5    74.8   -88.3   -52.9    47.6
   223    19.2  -112.7    70.9   -79.3   -47.5    85.7
   227    19.9  -113.4    71.3   -72.5   -48.7    37.0
   230    22.1  -104.8    73.8   -57.0   -66.0   -18.2
   234    21.4  -122.6    72.5   -69.8   -74.6   -33.8
   238    21.4  -127.6    72.2   -68.7   -51.5    65.3
   242    22.5  -140.7    73.2   -76.4   -49.1    14.2
   246    21.8  -135.8    72.2   -64.3   -49.0    27.6
   250    21.6  -144.7    71.8   -67.6   -78.2     3.0
   254    20.9  -147.8    70.7   -64.1   -61.6    70.8
   258    20.4  -161.7    69.7   -72.6   -47.4   -47.6
   262    23.2  -160.7    72.8   -66.1   -79.1   -40.0
   266    21.6  -179.3    70.6   -80.6   -51.8   -19.7
   270    21.8  -171.8    70.6   -64.6   -53.1     3.0
   273    21.4   175.6    69.8   -72.6   -58.1     8.1
   277    22.9   172.6    71.4   -69.7   -47.3   -51.9
   281    22.5   157.1    70.6   -81.1   -59.0   -28.2
   285    23.1   149.9    71.2   -83.1   -48.1   -23.3
   289    23.0   152.9    70.7   -73.1   -67.4  -142.1
   293    22.4   148.6    70.0   -71.2   -71.1   -88.9
   297    23.9   134.8    71.4   -80.8   -78.0   -69.3
   301    23.1   131.3    70.2   -78.4   -55.1   -53.3
   305    25.5   131.9    72.7   -72.3   -52.2   -56.9
   309    25.5   129.5    72.6   -68.5   -59.1   -73.7
   313    22.7   115.4    69.1   -77.7   -67.3    73.3
   316    22.9   112.8    69.1   -74.6   -51.9   -37.9
   320    24.4   115.0    70.7   -66.3   -54.5   -53.2
   324    24.6   110.3    70.8   -65.8   -68.4   150.0
   328    24.6    99.5    70.6   -71.8   -56.7  -131.0
   332    23.7    86.3    69.3   -80.8   -46.2   -82.9
   336    23.4    95.6    68.8   -63.3   -51.8   -71.1
   340    23.2    89.0    68.4   -64.8   -51.1  -114.4
   344    23.9    80.4    69.0   -68.8   -60.6  -170.0
   348    23.8    69.0    68.6   -75.5   -49.1  -124.8
   352    24.9    66.0    69.7   -73.0   -62.9   -39.1
   355    24.4    63.5    69.0   -69.6   -59.4   -67.2
   359    24.2    62.0    68.7   -65.7   -56.8   163.1
   363    24.1    48.7    68.4   -74.7   -57.6   126.9
   367    24.7    53.1    68.8   -64.1   -64.7  -163.5
   371    25.0    44.2    69.0   -68.3   -63.5   -64.5
   375    25.0    27.8    68.8   -80.5   -61.4  -163.1
   379    24.3    37.7    67.9   -63.3   -64.0    98.2
   383    25.4    33.8    69.2   -62.4   -51.6   152.6
   387    25.8    19.2    69.3   -72.6   -69.2   101.7
   391    26.4    15.5    69.8   -71.3   -52.6   176.1
   395    25.5    18.3    68.6   -61.7   -54.4   148.1
   398    25.4     9.7    68.4   -65.8   -57.7   105.2
   402    24.0     3.1    66.6   -66.5   -55.4    93.1
   406    26.4     3.7    69.2   -61.2   -55.1   124.8
   410    25.6    -1.3    68.2   -60.8   -59.3    24.2
   414    24.9    -8.3    67.2   -62.0   -47.9   111.9
   418    24.7   -23.9    66.7   -74.3   -43.7   148.6
   422    26.7   -25.3    68.9   -70.3   -65.2   140.3
   426    25.1   -24.1    67.0   -62.5   -51.1    86.2
   430    27.2   -31.6    69.2   -66.1   -55.5   133.5
   434    26.0   -36.3    67.7   -64.9   -57.5    73.4
   438    26.3   -38.2    67.9   -61.3   -53.3   125.0
   441    26.2   -45.4    67.7   -64.1   -62.4   -32.1
   445    26.2   -49.8    67.5   -62.9   -66.3    50.3
   449    26.5   -58.1    67.7   -66.7   -50.6    66.1
   453    27.4   -53.7    68.7   -56.6   -56.1    93.6
   457    26.1   -71.6    66.9   -70.3   -56.9    13.3
   461    26.3   -67.9    67.2   -60.0   -56.0     1.3
   465    26.6   -74.9    67.3   -62.6   -50.0     2.6
   469    25.9   -82.7    66.4   -65.3   -49.8    56.3
   473    26.8   -88.8    67.2   -66.5   -56.3   -19.3
   477    27.4   -88.8    67.9   -61.0   -55.5    40.5
   480    26.4   -95.8    66.6   -62.9   -47.8   -17.6
   484    26.2  -102.4    66.3   -64.3   -51.2    -0.7
   488    27.8  -111.1    67.9   -69.0   -59.9   101.9
   492    27.0  -117.3    66.9   -70.4   -51.7   -37.0
   496    26.7  -115.8    66.4   -62.9   -50.3   -17.6
   500    27.8  -127.8    67.5   -70.6   -57.9    -7.7
   504    27.5  -128.3    67.1   -65.2   -52.3   -42.7
   508    27.5  -124.7    67.1   -56.0   -49.4     6.7
   512    27.0  -132.5    66.5   -58.8   -51.3   -45.6
   516    27.0  -143.4    66.2   -65.2   -58.9   -22.2
   520    27.3  -143.6    66.6   -59.9   -59.5   -80.0
   523    27.6  -138.8    66.9   -48.9   -61.5   131.9
   527    27.6  -155.9    66.7   -62.4   -56.8  -102.5
   531    27.3  -153.3    66.3   -53.5   -51.5   -19.3
   535    27.0  -163.3    65.8   -59.0   -63.3   -25.3
   539    27.0  -170.0    65.6   -61.1   -53.1   -72.3
   543    27.4  -177.1    66.0   -63.4   -52.4  -105.6
   547    27.3   177.0    65.8   -63.9   -50.5  -105.3
   551    27.7   173.0    66.2   -63.0   -50.2   -95.2
   555    27.1   169.2    65.4   -61.3   -59.2    13.0
   559    27.4   164.5    65.7   -60.7   -56.8   -61.1
   563    28.4   157.3    66.7   -63.5   -71.0  -161.7
   566    28.5   157.7    66.8   -57.7   -70.8    42.4
   570    28.7   145.1    66.8   -65.7   -61.1  -128.2
   574    29.0   143.2    67.1   -62.5   -57.8  -120.2
   578    28.3   140.7    66.3   -59.3   -55.3  -148.4
   582    28.0   136.1    65.9   -58.6   -54.7   -50.5
   586    28.4   130.5    66.2   -59.4   -54.9   179.8
   590    28.3   126.3    66.0   -58.3   -57.2  -155.9
   594    28.4   119.3    66.1   -60.8   -49.8  -171.4
   598    28.6   118.2    66.3   -56.2   -53.7   -92.5
   602    28.1   107.5    65.5   -62.2   -63.0   -35.3
   605    29.1   106.3    66.6   -58.2   -62.6   -71.5
   609    28.7   101.5    66.1   -57.8   -53.7   156.7
   613    28.5    89.1    65.7   -65.8   -51.7  -160.6
   617    28.8    85.7    66.1   -64.0   -57.4   103.1
   621    29.4    85.1    66.6   -59.4   -65.4  -103.6
   625    29.4    76.8    66.5   -63.0   -56.5    57.6
   629    28.9    73.6    66.0   -60.7   -68.1   -68.6
   633    29.7    69.5    66.8   -60.0   -60.7    79.4
   637    29.2    64.7    66.1   -59.7   -63.3   136.0
   641    28.9    58.6    65.8   -60.9   -58.8  -170.8
   645    29.7    56.0    66.6   -58.6   -56.0  -146.9
   648    28.7    46.7    65.5   -63.0   -57.5    84.5
   652    28.8    43.4    65.6   -61.3   -51.4    79.0
   656    29.1    37.2    65.9   -62.8   -56.0    24.7
   660    28.2    36.2    64.9   -58.2   -57.2   -29.5
   664    28.7    25.8    65.3   -64.5   -56.1   -52.3
   668    28.6    23.0    65.2   -61.9   -68.1   119.4
   672    28.9    19.2    65.5   -60.9   -50.6   140.7
   676    28.8    15.4    65.4   -59.5   -83.4   -70.9
   680    28.5     6.0    65.0   -64.4   -50.6   147.8
   684    28.7     5.2    65.2   -59.6   -50.3  -177.6
   688    28.6     0.7    65.0   -59.3   -60.4   123.9
   691    28.8    -2.7    65.2   -57.7   -56.9  -169.6
   695    28.3    -7.1    64.7   -56.8   -62.4  -175.1
   699    28.6   -14.0    64.9   -59.1   -54.3  -139.0
   703    27.9   -14.2    64.2   -53.8   -53.4  -114.3
   707    27.5   -19.8    63.7   -53.9   -57.8   -13.3
   711    28.4   -29.7    64.6   -60.0   -61.5  -179.4
   715    28.8   -32.2    65.1   -57.8   -53.0   115.0
   719    28.2   -34.0    64.4   -54.2   -54.9    88.1
   723    28.3   -41.9    64.5   -57.5   -58.5   136.3
   727    28.9   -48.5    65.1   -59.5   -55.9   121.8
   730    28.5   -54.5    64.6   -60.7   -58.4   143.2
   734    29.0   -57.5    65.1   -58.7   -52.9    67.0
   738    28.3   -58.5    64.3   -54.0   -47.9    55.6
   742    28.0   -65.8    64.0   -56.7   -55.0    68.1
   746    28.3   -69.8    64.3   -56.1   -46.8    71.2
   750    29.3   -68.2    65.4   -49.4   -56.8   111.4
   754    28.4   -77.7    64.4   -54.1   -59.7   151.7
   758    28.3   -83.2    64.3   -54.7   -51.1   138.2
   762    28.1   -93.1    63.9   -60.2   -69.2   105.3
   766    28.2   -88.2    64.1   -49.7   -50.4   100.5
   770    28.5   -98.3    64.4   -55.8   -52.8    68.7
   773    28.3  -105.5    64.1   -58.2   -55.8  -177.2
   777    29.2  -107.6    65.1   -55.8   -50.4   -61.2
   781    28.7  -112.6    64.6   -56.0   -66.6    -7.5
   785    27.8  -118.3    63.6   -56.7   -56.0  -100.0
   789    27.9  -121.0    63.7   -54.3   -49.7    24.6
   793    28.4  -125.2    64.2   -54.1   -53.8    46.3
   797    28.2  -131.4    64.0   -55.7   -56.5    44.4
   801    27.5  -132.7    63.3   -51.4   -65.2   -34.7
   805    29.1  -136.4    65.0   -51.1   -55.6    67.1
   809    28.7  -146.1    64.5   -56.4   -58.2   -58.1
   813    28.3  -146.0    64.1   -50.8   -59.7    49.5
   816    29.5  -157.6    65.4   -58.9   -51.0   -83.3
   820    28.1  -159.7    63.8   -55.6   -59.4   -30.3
   824    28.2  -165.7    64.0   -57.0   -57.1   -62.1
   828    28.6  -168.8    64.4   -55.5   -60.5   -79.9
   832    28.7  -175.5    64.5   -57.3   -47.5   -64.6
   836    27.8   178.7    63.5   -58.2   -52.1   -61.7
   840    28.2  -179.2    63.9   -50.9   -48.4   -39.0
   844    27.3   170.1    63.0   -57.1   -54.9    13.1
   848    27.9   170.3    63.6   -52.0   -52.2   -51.1
   852    28.1   160.0    63.8   -58.3   -53.6  -111.1
   855    28.1   160.7    63.9   -52.2   -45.6   -67.9
   859    28.8   156.7    64.6   -52.0   -60.8    -0.3
   863    27.5   150.9    63.2   -52.6   -52.1   -52.8
   867    28.3   139.0    63.9   -61.0   -60.2    84.1
   871    28.8   140.0    64.5   -55.0   -47.4   -63.0
   875    28.9   133.8    64.6   -56.8   -47.6   -75.6
   879    28.0   124.5    63.7   -61.6   -44.3   -51.1
   883    27.9   129.2    63.6   -51.3   -49.7   -91.5
   887    28.4   120.4    64.1   -56.3   -47.9   -75.0
   891    28.0   112.7    63.7   -59.6   -57.2   -45.7
   895    28.1   114.2    63.8   -52.9   -44.5   -82.1
   898    28.1   108.0    63.8   -54.7   -52.4   -94.0
   902    27.9    99.5    63.6   -59.2   -53.7   -30.2
   906    27.8    94.1    63.5   -60.0   -64.2   -82.7
   910    28.0    99.3    63.8   -49.3   -52.0    -3.3
   914    27.8    89.7    63.5   -54.7   -60.9    28.9
   918    27.5    88.3    63.2   -51.1   -56.5    27.7
   922    27.5    79.6    63.2   -55.6   -53.0   157.6
   926    28.1    76.3    63.8   -54.5   -47.4   173.3
   930    27.4    73.4    63.1   -52.2   -45.9  -147.7
   934    28.4    66.4    64.1   -55.3   -52.4  -129.7
   938    28.0    67.7    63.7   -48.8   -54.3   157.3
   941    27.1    57.1    62.8   -55.2   -47.4   159.4
   945    28.4    48.0    64.1   -60.6   -55.2  -147.2
   949    28.1    50.6    63.8   -52.5   -57.4  -113.5
   953    27.5    46.3    63.2   -52.4   -49.0   -38.4
   957    27.3    38.0    63.0   -56.0   -52.9    53.1
   961    27.1    35.0    62.7   -54.2   -54.4  -108.4
   965    27.1    36.3    62.8   -48.1   -56.6   166.4
   969    26.9    27.8    62.5   -52.3   -57.2    62.6
   973    27.7    18.5    63.4   -58.1   -50.7   118.6
   977    27.5    19.8    63.1   -51.4   -49.0   119.1
   980    27.6    11.5    63.2   -56.1   -50.7    69.5
   984    27.9     8.7    63.5   -54.1   -49.4    78.9
   988    27.1     1.1    62.6   -57.3   -57.3   -64.8
   992    27.1     2.7    62.7   -51.0   -45.1   112.0
   996    27.3    -7.1    62.9   -56.8   -71.6    92.6
  1000    26.6   -12.9    62.1   -57.6   -57.3  -128.1
  1004    27.4   -14.3    63.0   -54.8   -56.5  -103.8
  1008    27.0   -24.8    62.5   -61.4   -46.9    74.8
  1012    27.2   -25.8    62.8   -57.5   -49.8    77.4
  1016    26.6   -26.8    62.2   -53.4   -48.2    78.3
  1020    27.1   -37.8    62.6   -60.7   -48.9   147.1
  1023    27.0   -38.0    62.5   -56.2   -46.5    68.0
  1027    27.1   -42.3    62.7   -56.2   -51.6    93.1
  1031    26.9   -46.4    62.5   -55.4   -51.8   110.5
  1035    26.7   -43.9    62.4   -47.9   -47.8    92.6
  1039    27.0   -48.3    62.7   -48.0   -53.7   151.7
  1043    26.0   -58.9    61.5   -54.1   -53.3    51.4
  1047    26.8   -65.4    62.4   -56.7   -44.5    66.8
  1051    25.9   -69.6    61.4   -56.2   -55.7   155.6
  1055    27.7   -69.8    63.4   -52.3   -54.5   109.4
  1059    26.8   -83.6    62.3   -62.1   -47.3    79.0
  1063    26.8   -81.0    62.4   -54.5   -52.2    26.7
  1066    28.2   -85.9    63.9   -55.7   -62.0    64.0
  1070    26.9   -95.7    62.4   -61.1   -61.5  -136.7
  1074    27.6   -92.3    63.2   -52.8   -51.5   119.6
  1078    26.4   -96.5    61.9   -52.2   -46.3    67.0
  1082    26.2  -106.3    61.6   -58.0   -50.4   136.0
  1086    25.8  -107.5    61.1   -54.4   -43.9    14.4
  1090    26.5  -112.4    61.9   -55.4   -65.4    57.4
  1094    25.6  -111.4    61.1   -49.1   -44.9    -4.7
  1098    26.3  -118.7    61.8   -52.7   -51.9   -19.8
  1102    26.2  -127.5    61.7   -57.6   -51.9    64.9
  1105    26.6  -129.6    62.0   -55.1   -55.2   -72.7
  1109    25.5  -131.4    60.9   -51.8   -50.6    29.7
  1113    26.3  -137.6    61.7   -54.1   -52.9    16.4
  1117    26.8  -147.5    62.3   -60.4   -51.7    67.2
  1121    25.7  -148.3    61.0   -56.0   -50.8    85.9
  1125    26.5  -153.5    62.0   -57.2   -53.4   147.7
  1129    25.6  -159.4    60.9   -58.4   -47.8   -61.6
  1133    26.0  -164.0    61.3   -58.7   -50.4    38.1
  1137    25.6  -165.9    60.9   -56.0   -47.9   -43.0
  1141    25.8  -171.6    61.1   -57.3   -51.1   -70.2
  1145    26.8  -174.3    62.2   -55.8   -47.5   -18.7
  1148    25.4  -177.7    60.7   -54.3   -54.5   -91.1
  1152    26.6   172.4    61.9   -60.9   -45.5   -11.7
  1156    25.0   173.1    60.2   -54.8   -50.9  -120.2
  1160    25.5   169.9    60.8   -53.7   -49.2    40.7
  1164    26.5   163.4    61.8   -56.5   -56.7  -126.1
  1168    26.1   158.4    61.4   -57.4   -58.0   108.7
  1172    25.8   153.9    61.0   -57.1   -45.5  -127.2
  1176    25.5   151.7    60.7   -54.8   -47.9   -19.4
  1180    25.5   147.1    60.6   -55.0   -52.3   -73.7
  1184    26.0   141.1    61.2   -57.2   -55.0   -27.0
  1188    26.1   139.8    61.3   -54.2   -53.5  -113.7
  1191    25.4   136.6    60.7   -52.2   -48.3  -146.1
  1195    25.8   125.6    61.0   -59.7   -51.2   -47.4
  1199    25.0   118.2    60.1   -62.9   -43.8   -97.1
  1203    25.5   117.1    60.6   -59.6   -50.0   172.9
  1207    25.9   116.1    61.1   -55.9   -51.4   -78.0
  1211    26.5   108.7    61.7   -59.3   -60.8  -167.1
  1215    25.9   106.9    61.1   -56.5   -69.6    67.3
  1219    25.8   102.0    60.9   -56.9   -48.5     7.6
  1223    25.7    90.2    60.7   -65.2   -50.7   -84.7
  1227    26.4    92.4    61.5   -58.0   -55.9   -27.8
  1230    25.8    92.2    60.9   -53.5   -51.5   -84.9
  1234    26.5    85.8    61.6   -56.0   -50.3  -149.4
  1238    25.8    81.9    60.8   -55.2   -52.9  -102.7
  1242    25.0    75.4    59.9   -57.6   -53.5  -146.6
  1246    25.7    71.4    60.6   -57.4   -65.0  -141.7
  1250    25.2    67.3    60.1   -57.1   -51.0   157.6
  1254    25.0    65.7    59.9   -54.2   -61.6  -107.6
  1258    25.4    63.7    60.3   -51.8   -54.5  -157.5
  1262    24.9    56.9    59.8   -54.3   -48.8  -128.9
  1266    25.4    52.6    60.3   -54.4   -51.6  -160.7
  1270    25.4    44.1    60.2   -59.0   -47.7  -117.0
  1273    25.2    45.0    60.0   -53.3   -50.6  -174.9
  1277    25.2    36.1    60.0   -57.9   -53.4  -162.8
  1281    24.6    36.4    59.4   -52.9   -49.8    91.7
  1285    24.9    27.3    59.6   -58.1   -50.7   152.4
  1289    25.3    25.4    60.2   -55.7   -51.2   119.9
  1293    25.2    16.9    59.9   -60.1   -52.8  -136.4
  1297    24.8    16.4    59.5   -55.8   -48.3  -176.5
  1301    25.0    13.6    59.7   -54.3   -62.0  -141.5
  1305    25.1     5.9    59.8   -58.0   -50.7   106.9
  1309    24.7     6.7    59.4   -52.3   -49.0  -143.6
  1313    24.6     1.4    59.2   -53.5   -66.9   -31.3
  1316    24.8    -9.2    59.3   -60.4   -48.7   171.0
  1320    24.9    -9.2    59.4   -55.9   -50.6   154.6
  1324    24.8   -13.5    59.4   -55.9   -49.6   140.3
  1328    25.1   -19.2    59.6   -57.4   -48.9   113.1
  1332    25.0   -23.3    59.5   -57.2   -45.3   166.0
  1336    25.0   -27.2    59.6   -56.7   -52.5   148.5
  1340    24.9   -29.9    59.4   -54.9   -51.4   177.6
  1344    24.8   -32.6    59.3   -53.2   -52.6   117.7
  1348    24.8   -36.6    59.2   -52.9   -53.1   138.3
  1352    24.8   -41.9    59.2   -53.9   -53.9   112.1
  1355    25.0   -46.8    59.4   -54.5   -52.9   117.8
  1359    24.9   -50.3    59.3   -53.5   -45.3   111.1
  1363    25.0   -55.2    59.3   -54.1   -53.4    98.4
  1367    24.7   -60.5    59.0   -55.2   -47.8   100.5
  1371    24.9   -63.1    59.2   -53.6   -45.4    38.7
  1375    24.8   -67.7    59.0   -53.8   -55.4    79.2
  1379    25.0   -74.2    59.3   -56.2   -55.1    21.2
  1383    24.7   -76.9    58.9   -54.5   -53.4    -7.3
  1387    24.7   -81.5    58.9   -54.8   -48.1   109.0
  1391    24.7   -85.2    58.9   -54.1   -50.7    50.1
  1395    25.0   -90.1    59.1   -55.1   -49.7    53.5
  1398    25.0   -92.6    59.2   -53.1   -47.4    49.7
  1402    24.8   -97.3    58.9   -53.5   -47.6    18.0
  1406    25.0  -102.0    59.0   -53.9   -54.3    27.8
  1410    24.5  -105.4    58.6   -53.1   -50.7    47.4
  1414    24.5  -111.0    58.5   -54.2   -52.3    97.6
  1418    24.9  -114.1    58.9   -53.0   -50.6    20.7
  1422    24.6  -117.9    58.6   -52.5   -47.3    43.0
  1426    24.5  -123.0    58.4   -53.4   -48.8    24.6
  1430    24.7  -128.1    58.6   -54.0   -55.5    30.4
  1434    24.4  -131.8    58.3   -53.3   -45.7    31.2
  1438    24.6  -137.5    58.5   -54.8   -50.8   -14.2
  1441    24.5  -140.0    58.3   -52.8   -56.5    32.7
  1445    24.5  -144.8    58.2   -53.5   -49.2   -12.2
  1449    24.5  -149.1    58.2   -53.4   -49.6    47.7
  1453    24.7  -153.1    58.4   -53.2   -49.5   -19.9
  1457    24.6  -156.5    58.3   -52.2   -49.4   -22.5
  1461    24.4  -161.3    58.1   -52.8   -50.3    13.4
  1465    24.7  -164.4    58.4   -51.8   -49.8   -13.0
  1469    24.6  -169.9    58.3   -52.9   -49.1    -6.7
  1473    24.6  -173.5    58.2   -52.3   -51.2    13.0
  1477    24.5  -178.6    58.1   -53.0   -48.2   -62.1
  1480    24.3   178.2    57.9   -51.7   -52.3   -11.9
  1484    24.4   172.9    57.9   -52.7   -52.3    -8.4
  1488    24.4   170.0    57.9   -51.3   -51.0   -54.5
  1492    24.6   163.3    58.1   -53.9   -46.0   -48.9
  1496    24.4   161.3    57.9   -51.2   -49.2   -70.9
  1500    24.6   156.0    58.0   -52.2   -49.0   -61.8
  1504    24.5   153.0    57.8   -51.1   -57.1  -127.0
  1508    24.4   148.7    57.7   -50.9   -49.3   -88.9
  1512    24.4   143.3    57.6   -52.0   -44.5   -81.9
  1516    24.3   141.4    57.6   -49.6   -49.2   -72.2
  1520    24.4   135.5    57.6   -51.3   -48.6   -85.0
  1523    24.3   131.7    57.5   -50.9   -51.8   -53.7
  1527    24.3   128.0    57.4   -50.2   -57.8  -121.9
  1531    24.4   123.5    57.6   -50.5   -46.4   -86.7
  1535    24.3   120.0    57.4   -49.6   -46.9   -93.0
  1539    24.4   115.5    57.4   -49.8   -48.4   -62.1
  1543    24.3   110.6    57.3   -50.5   -46.3   -84.0
  1547    24.2   107.1    57.2   -49.6   -47.5  -120.4
  1551    24.2   101.9    57.2   -50.4   -47.8  -151.8
  1555    24.3    99.3    57.2   -48.5   -47.5  -159.6
  1559    24.2    93.4    57.1   -50.1   -50.1  -172.2
  1563    24.4    90.6    57.2   -48.6   -46.6  -142.9
  1566    24.3    86.6    57.2   -48.3   -49.0  -160.4
  1570    24.3    81.3    57.1   -49.1   -47.7  -169.8
  1574    24.2    77.4    57.0   -48.7   -45.5  -139.5
  1578    24.2    73.2    57.0   -48.8   -49.8  -169.6
  1582    24.2    69.2    56.9   -48.5   -45.8  -178.9
  1586    24.2    65.7    56.9   -47.6   -47.0  -168.0
  1590    24.3    60.5    56.9   -48.5   -47.2   176.2
  1594    24.1    57.0    56.7   -47.9   -44.5  -152.0
  1598    24.3    52.7    56.9   -47.7   -44.5   173.5
  1602    24.0    47.3    56.6   -48.6   -44.2  -169.0
  1605    24.3    44.2    56.8   -47.4   -44.3   179.1
  1609    24.2    39.9    56.7   -47.5   -44.6   133.6
  1613    24.2    35.6    56.7   -47.4   -45.9   168.0
  1617    24.3    30.9    56.7   -47.6   -43.8   138.9
  1621    24.2    27.2    56.6   -46.9   -42.0   147.3
  1625    24.1    23.8    56.5   -46.2   -46.0   128.6
  1629    24.3    19.0    56.5   -46.4   -42.0   141.7
  1633    24.2    15.0    56.4   -46.2   -46.8   119.9
  1637    24.2    10.9    56.4   -46.0   -43.4   131.1
  1641    24.2     6.3    56.4   -46.2   -42.3   129.9
  1645    24.1     2.9    56.3   -45.4   -42.9   121.0
  1648    24.2    -1.3    56.3   -45.2   -42.0    93.9
  1652    24.2    -6.3    56.3   -45.8   -42.5   104.1
  1656    24.2   -10.3    56.3   -45.4   -42.2    97.3
  1660    24.1   -13.6    56.1   -44.5   -42.3    95.5
  1664    24.1   -18.3    56.1   -44.8   -42.1    93.1
  1668    24.2   -22.4    56.2   -44.4   -42.5    77.3
  1672    24.1   -26.6    56.0   -44.2   -41.2    59.9
  1676    24.1   -30.7    56.0   -44.1   -40.4    83.5
  1680    24.2   -34.6    56.0   -43.6   -40.1    54.7
  1684    24.1   -39.4    55.9   -44.1   -39.9    53.0
  1688    24.2   -43.5    55.9   -43.7   -40.8    49.3
  1691    24.2   -47.8    55.9   -43.7   -38.8    33.8
  1695    24.1   -51.5    55.8   -43.2   -39.3    35.6
  1699    24.2   -55.5    55.8   -42.8   -39.0    31.9
  1703    24.2   -59.7    55.8   -42.7   -39.9    22.2
  1707    24.2   -63.7    55.7   -42.3   -40.1     5.3
  1711    24.1   -68.3    55.7   -42.4   -39.5    -0.6
  1715    24.1   -72.2    55.7   -42.1   -37.9    -7.2
  1719    24.1   -77.0    55.6   -42.3   -38.9    -9.8
  1723    24.1   -80.5    55.5   -41.6   -38.0   -15.4
  1727    24.1   -84.4    55.5   -41.1   -37.1   -14.0
  1730    24.1   -89.3    55.5   -41.4   -38.3   -37.2
  1734    24.1   -93.4    55.5   -41.2   -37.8   -30.9
  1738    24.1   -97.1    55.4   -40.6   -37.6   -50.7
  1742    24.1  -101.3    55.4   -40.4   -36.6   -50.6
  1746    24.2  -105.3    55.4   -40.0   -37.7   -58.5
  1750    24.2  -109.5    55.3   -39.9   -37.1   -65.0
  1754    24.2  -113.8    55.3   -39.8   -36.9   -74.7
  1758    24.2  -117.4    55.3   -39.2   -36.5   -92.5
  1762    24.2  -121.6    55.2   -39.0   -36.7   -90.0
  1766    24.2  -125.7    55.2   -38.7   -37.8   -95.7
  1770    24.2  -130.1    55.2   -38.7   -37.8   -86.6
  1773    24.2  -134.2    55.1   -38.4   -36.5  -123.7
  1777    24.2  -138.5    55.1   -38.3   -35.6  -115.2
  1781    24.2  -142.5    55.1   -37.8   -36.0  -126.6
  1785    24.2  -146.6    55.0   -37.6   -37.0  -137.9
  1789    24.2  -150.9    55.0   -37.4   -35.5  -147.3
  1793    24.3  -154.8    55.0   -36.9   -36.9  -155.9
  1797    24.2  -159.1    54.9   -36.8   -35.6  -160.9
  1801    24.2  -163.1    54.9   -36.6   -36.8  -171.4
  1805    24.2  -167.3    54.8   -36.5   -36.6  -176.2
  1809    24.3  -171.3    54.9   -35.9   -35.8  -178.7
  1813    24.3  -175.7    54.8   -35.9   -37.0   178.0
  1816    24.3  -179.7    54.8   -35.5   -38.6   161.8
  1820    24.3   176.3    54.8   -35.1   -36.5   162.0
  1824    24.3   172.0    54.7   -34.9   -36.4   146.3
  1828    24.3   168.0    54.7   -34.7   -35.3   149.3
  1832    24.3   163.5    54.7   -34.5   -37.5   135.2
  1836    24.3   159.2    54.6   -34.4   -38.0   122.8
  1840    24.4   155.2    54.6   -33.9   -35.0   125.4
  1844    24.4   150.9    54.6   -33.7   -35.8   124.0
  1848    24.4   146.9    54.6   -33.5   -36.5   110.6
  1852    24.4   142.7    54.5   -33.3   -36.2   108.1
  1855    24.4   138.7    54.5   -32.8   -36.3    92.0
  1859    24.4   134.6    54.5   -32.5   -36.9    93.5
  1863    24.4   130.5    54.4   -32.4   -36.5    73.7
  1867    24.4   126.3    54.4   -31.9   -37.5    77.1
  1871    24.4   121.9    54.4   -31.9   -36.4    66.6
  1875    24.4   117.7    54.4   -31.5   -37.5    72.7
  1879    24.4   113.6    54.3   -31.3   -39.1    46.6
  1883    24.4   109.4    54.3   -31.0   -36.5    59.0
  1887    24.4   105.1    54.3   -30.9   -37.1    41.8
  1891    24.5   101.1    54.2   -30.4   -37.1    49.7
  1895    24.5    96.8    54.2   -30.2   -37.4    31.0
  1898    24.5    92.7    54.2   -29.9   -37.1    30.1
  1902    24.5    88.6    54.2   -29.6   -37.3    22.5
  1906    24.5    84.5    54.2   -29.2   -37.7    20.5
  1910    24.5    80.3    54.1   -29.2   -37.5    14.4
  1914    24.5    76.2    54.1   -28.7   -39.7    18.7
  1918    24.5    72.0    54.1   -28.4   -40.7    -2.6
  1922    24.5    67.7    54.1   -28.1   -39.6   -23.0
  1926    24.5    63.6    54.0   -27.8   -37.5   -17.7
  1930    24.6    59.3    54.0   -27.5   -38.8   -19.7
  1934    24.6    55.1    54.0   -27.4   -36.1   -24.0
  1938    24.6    51.0    54.0   -26.9   -38.4   -44.1
  1941    24.6    46.7    54.0   -26.9   -39.1   -41.8
  1945    24.6    42.6    53.9   -26.4   -41.2   -45.3
  1949    24.6    38.5    53.9   -25.9   -37.7   -53.9
  1953    24.7    34.3    53.9   -25.9   -37.3   -59.9
  1957    24.7    30.3    53.9   -25.4   -37.8   -77.0
  1961    24.7    26.1    53.9   -25.1   -38.8   -77.9
  1965    24.7    22.0    53.8   -24.9   -38.2   -77.5
  1969    24.7    17.8    53.8   -24.4   -37.8   -69.3
  1973    24.7    13.6    53.8   -24.1   -37.9   -92.0
  1977    24.7     9.3    53.7   -23.9   -39.7   -98.1
  1980    24.7     5.1    53.7   -23.7   -38.6  -106.1
  1984    24.7     1.0    53.7   -23.1   -39.9  -127.0
  1988    24.7    -3.2    53.7   -23.0   -37.9  -106.9
  1992    24.8    -7.5    53.7   -22.8   -39.2  -128.0
  1996    24.8   -11.5    53.7   -22.5   -39.4  -127.0
  2000    24.8   -15.7    53.7   -22.2   -44.1  -142.4
  2004    24.8   -19.8    53.6   -21.7   -37.3  -140.7
  2008    24.8   -24.0    53.6   -21.6   -38.4  -148.1
  2012    24.8   -28.3    53.6   -21.5   -36.1  -140.6
  2016    24.8   -32.3    53.6   -21.0   -40.7  -143.3
  2020    24.8   -36.5    53.5   -20.6   -41.0  -164.0
  2023    24.8   -40.6    53.6   -20.3   -39.3  -172.2
  2027    24.9   -45.0    53.6   -20.2   -36.8  -179.4
  2031    24.9   -49.2    53.5   -19.9   -37.6   178.3
  2035    24.9   -53.3    53.5   -19.4   -38.7   166.4
  2039    24.9   -57.5    53.5   -19.0   -39.5   167.7
  2043    24.9   -61.7    53.5   -18.8   -37.3   158.9
  2047    25.0   -65.7    53.5   -18.3   -37.0   152.6
  2051    25.0   -69.9    53.5   -18.3   -39.0   153.7
  2055    25.0   -74.1    53.4   -17.9   -39.4   159.1
  2059    25.0   -78.4    53.4   -17.8   -38.8   140.7
  2063    25.0   -82.3    53.5   -17.1   -40.3   129.8
  2066    25.0   -86.7    53.4   -17.0   -36.5   131.9
  2070    25.0   -90.8    53.4   -16.6   -37.7   127.4
  2074    25.0   -95.5    53.4   -16.8   -37.0   129.3
  2078    25.1   -99.3    53.4   -16.1   -39.2   115.7
  2082    25.1  -103.6    53.4   -15.9   -38.0   106.2
  2086    25.1  -107.5    53.4   -15.3   -36.7   110.9
  2090    25.1  -111.7    53.4   -15.0   -37.4    94.7
  2094    25.2  -116.0    53.4   -15.0   -37.4    78.0
  2098    25.2  -120.1    53.4   -14.7   -37.8    87.4
  2102    25.2  -124.5    53.3   -14.5   -38.0    67.5
  2105    25.2  -128.4    53.4   -13.9   -36.4    66.8
  2109    25.2  -132.9    53.3   -13.8   -36.1    68.1
  2113    25.2  -137.2    53.3   -13.7   -37.1    65.6
  2117    25.2  -141.4    53.3   -13.3   -36.6    53.7
  2121    25.2  -145.5    53.3   -12.8   -38.0    61.0
  2125    25.3  -149.7    53.4   -12.6   -38.8    48.8
  2129    25.3  -153.9    53.4   -12.3   -36.2    42.7
  2133    25.3  -158.0    53.3   -12.1   -36.4    29.7
  2137    25.4  -162.2    53.3   -11.8   -36.0    33.4
  2141    25.4  -166.3    53.3   -11.4   -36.0    22.3
  2145    25.4  -170.3    53.4   -11.0   -37.1    26.4
  2148    25.4  -174.4    53.3   -10.5   -37.5     8.1
  2152    25.4  -178.9    53.3   -10.5   -36.2    11.3
  2156    25.4   176.9    53.3   -10.2   -37.3     3.8
  2160    25.5   172.6    53.3   -10.0   -36.1     6.8
  2164    25.5   168.2    53.3    -9.9   -38.0     3.6
  2168    25.5   164.1    53.3    -9.5   -36.3    -8.1
  2172    25.5   160.0    53.3    -9.0   -35.3   -15.6
  2176    25.5   156.0    53.3    -8.6   -36.4   -21.1
  2180    25.6   151.4    53.3    -8.7   -35.1   -33.4
  2184    25.6   147.4    53.3    -8.4   -36.4   -27.8
  2188    25.6   143.4    53.3    -7.8   -36.1   -24.3
  2191    25.6   139.2    53.4    -7.7   -36.0   -48.6
  2195    25.6   134.9    53.3    -7.4   -36.9   -37.8
  2199    25.6   130.4    53.3    -7.3   -36.9   -42.3
  2203    25.7   126.4    53.4    -7.0   -35.6   -54.2
  2207    25.7   122.3    53.3    -6.5   -37.1   -66.4
  2211    25.7   118.0    53.3    -6.2   -35.9   -62.4
  2215    25.7   113.7    53.4    -6.0   -36.5   -67.2
  2219    25.8   110.1    53.4    -5.3   -36.2   -79.6
  2223    25.8   105.6    53.4    -5.2   -37.2   -76.9
  2227    25.8   101.6    53.4    -4.8   -37.4  -101.3
  2230    25.8    97.4    53.4    -4.6   -36.8   -91.4
  2234    25.9    93.4    53.4    -4.1   -36.9  -105.6
  2238    25.9    88.8    53.4    -4.3   -37.5  -100.6
  2242    25.9    84.8    53.4    -3.7   -37.5  -107.2
  2246    25.9    80.2    53.5    -3.8   -39.1  -115.4
  2250    26.0    76.3    53.5    -3.2   -38.7  -113.8
  2254    26.0    71.8    53.5    -3.1   -37.1  -130.0
  2258    26.1    67.8    53.5    -2.7   -36.9  -134.0
  2262    26.1    63.5    53.5    -2.6   -36.5  -137.3
  2266    26.1    59.3    53.5    -2.4   -38.1  -131.0
  2270    26.1    55.1    53.6    -2.1   -36.8  -140.8
  2273    26.1    51.1    53.5    -1.7   -37.3  -152.0
  2277    26.2    46.7    53.6    -1.6   -38.1  -159.7
  2281    26.2    42.6    53.6    -1.3   -39.0  -164.8
  2285    26.2    38.5    53.6    -0.7   -39.2  -168.3
  2289    26.2    34.0    53.6    -0.8   -38.5  -175.0
  2293    26.3    29.9    53.7    -0.4   -40.6  -175.2
  2297    26.3    25.4    53.6    -0.5   -39.3   178.5
  2301    26.4    21.3    53.7     0.0   -37.8   165.8
  2305    26.4    17.3    53.7     0.2   -40.0   161.9
  2309    26.4    13.1    53.7     0.5   -38.9   164.0
  2313    26.4     8.9    53.7     0.7   -37.5   155.8
  2316    26.4     4.8    53.7     1.2   -38.5   144.6
  2320    26.5     0.4    53.8     1.2   -39.2   141.0
  2324    26.5    -3.8    53.8     1.5   -39.3   130.6
  2328    26.5    -7.9    53.8     1.9   -39.0   131.4
  2332    26.6   -11.9    53.8     2.5   -39.4   123.7
  2336    26.7   -16.7    53.9     2.1   -41.7   120.1
  2340    26.7   -20.6    53.9     2.7   -39.3   113.1
  2344    26.7   -25.0    53.9     2.6   -38.7   104.9
  2348    26.8   -29.0    53.9     3.0   -39.4   109.0
  2352    26.8   -33.4    54.0     3.0   -39.5    98.8
  2355    26.8   -37.2    54.0     3.8   -41.4    89.2
  2359    26.9   -41.4    54.0     3.9   -39.8    82.9
  2363    26.9   -45.9    54.1     4.0   -44.8    78.6
  2367    26.9   -50.3    54.1     4.1   -42.7    75.9
  2371    27.0   -54.4    54.1     4.6   -44.1    77.5
  2375    27.0   -58.8    54.1     4.5   -41.7    79.3
  2379    27.1   -63.0    54.2     4.8   -43.3    49.5
  2383    27.1   -67.4    54.2     4.8   -45.1    66.3
  2387    27.1   -71.7    54.2     4.9   -42.1    58.2
  2391    27.2   -75.5    54.3     5.4   -43.7    68.1
  2395    27.2   -80.1    54.3     5.3   -49.4    21.8
  2398    27.3   -84.3    54.3     5.5   -46.2    50.5
  2402    27.3   -88.6    54.3     5.8   -44.5    32.8
  2406    27.3   -93.0    54.4     5.9   -45.7    29.8
  2410    27.4   -97.2    54.5     6.0   -48.6    11.3
  2414    27.4  -101.4    54.4     6.3   -46.7    51.0
  2418    27.4  -105.9    54.5     6.3   -43.9     3.5
  2422    27.5  -110.2    54.5     6.3   -46.6   -10.5
  2426    27.5  -114.5    54.5     6.4   -46.4    10.5
  2430    27.5  -118.4    54.6     6.9   -48.5    10.9
  2434    27.6  -123.0    54.6     6.7   -46.9    -1.6
  2438    27.6  -127.4    54.6     6.7   -47.7   -19.8
  2441    27.6  -131.5    54.7     7.1   -46.1   -13.4
  2445    27.7  -135.8    54.7     7.2   -43.9   -19.4
  2449    27.7  -140.2    54.7     7.3   -46.8   -42.1
  2453    27.7  -144.3    54.7     7.6   -48.6   -50.6
  2457    27.7  -148.7    54.7     7.7   -46.8   -40.3
  2461    27.8  -153.0    54.8     7.7   -46.0   -48.6
  2465    27.8  -157.0    54.8     8.0   -49.9   -53.2
  2469    27.9  -161.1    54.8     8.4   -46.4   -58.7
  2473    27.9  -165.4    54.9     8.5   -46.4   -49.3
  2477    27.9  -169.8    54.9     8.5   -52.7   -97.1
  2480    28.0  -173.9    54.9     8.8   -46.1   -84.0
  2484    28.0  -178.4    54.9     8.8   -45.3   -82.3
  2488    28.0   177.1    54.9     8.7   -46.4   -71.8
  2492    28.1   172.9    55.0     8.9   -46.8   -86.2
  2496    28.1   168.7    55.0     9.1   -44.5   -99.6
  2500    28.1   164.5    55.0     9.3   -47.3  -104.0
  2504    28.2   160.3    55.0     9.4   -51.0  -135.4
  2508    28.2   156.2    55.1     9.7   -47.9  -108.2
  2512    28.2   151.9    55.1     9.8   -47.1  -150.3
  2516    28.3   147.7    55.1    10.1   -48.3  -119.9
  2520    28.3   143.4    55.2    10.2   -47.1  -135.7
  2523    28.3   139.0    55.2    10.3   -47.0  -150.8
  2527    28.4   134.7    55.2    10.4   -45.8  -161.3
  2531    28.4   130.4    55.2    10.4   -46.4  -168.1
  2535    28.5   126.1    55.3    10.6   -46.2  -158.2
  2539    28.5   122.0    55.3    10.8   -43.2   178.3
  2543    28.6   117.8    55.3    10.9   -44.4  -156.8
  2547    28.6   113.4    55.3    10.9   -46.2   179.3
  2551    28.6   109.5    55.4    11.4   -45.1   172.5
  2555    28.6   105.1    55.4    11.4   -42.6   169.5
  2559    28.7   100.8    55.4    11.6   -45.6   169.7
  2563    28.7    96.2    55.5    11.4   -44.1   158.4
  2566    28.8    92.1    55.5    11.8   -42.7   169.4
  2570    28.9    87.9    55.5    12.0   -43.3   154.1
  2574    28.9    83.6    55.5    11.9   -43.5   137.2
  2578    28.9    79.4    55.5    12.0   -42.7   141.9
  2582    29.0    75.0    55.6    12.1   -43.4   125.8
  2586    28.9    70.9    55.6    12.3   -42.4   128.2
  2590    29.0    66.9    55.6    12.8   -42.1   106.2
  2594    29.1    62.2    55.7    12.5   -40.3   116.1
  2598    29.1    58.1    55.7    12.8   -41.9    95.8
  2602    29.2    53.8    55.7    12.9   -41.9   101.3
  2605    29.2    49.4    55.7    12.8   -39.7    98.3
  2609    29.2    45.3    55.7    13.0   -39.7    96.8
  2613    29.3    41.2    55.8    13.3   -40.5    78.9
  2617    29.3    36.6    55.8    13.2   -40.4    90.1
  2621    29.3    32.7    55.8    13.6   -40.3    77.2
  2625    29.4    28.1    55.9    13.4   -40.4    55.4
  2629    29.4    24.1    55.9    13.9   -38.8    66.6
  2633    29.5    19.8    56.0    14.0   -40.4    55.4
  2637    29.5    15.5    56.0    14.2   -38.7    63.8
  2641    29.5    11.0    56.0    13.9   -39.3    46.1
  2645    29.6     6.6    56.0    14.0   -39.0    36.7
  2648    29.7     2.8    56.1    14.5   -38.1    44.0
  2652    29.7    -1.4    56.1    14.7   -38.0    36.7
  2656    29.7    -5.6    56.1    14.9   -38.4    32.0
  2660    29.8   -10.0    56.2    14.9   -37.8    24.8
  2664    29.9   -14.4    56.2    15.0   -37.1    11.4
  2668    29.9   -18.5    56.2    15.4   -37.7    22.4
  2672    29.9   -22.7    56.2    15.6   -36.9     9.9
  2676    30.0   -26.9    56.3    15.7   -37.4    -0.6
  2680    30.0   -31.3    56.3    15.6   -37.1    -5.6
  2684    30.1   -35.4    56.3    15.9   -38.3    -5.4
  2688    30.1   -39.5    56.3    16.2   -36.8   -13.7
  2691    30.2   -44.0    56.4    16.1   -35.3   -13.6
  2695    30.2   -48.1    56.4    16.5   -37.7   -14.4
  2699    30.2   -52.8    56.4    16.2   -35.9   -23.5
  2703    30.3   -56.8    56.5    16.7   -36.0   -26.0
  2707    30.4   -61.1    56.5    16.8   -36.6   -28.9
  2711    30.4   -65.5    56.5    16.8   -36.6   -31.4
  2715    30.5   -69.5    56.5    17.1   -37.6   -42.0
  2719    30.5   -74.0    56.6    17.0   -38.1   -38.6
  2723    30.6   -78.2    56.6    17.3   -38.1   -51.0
  2727    30.6   -82.3    56.7    17.6   -36.2   -56.9
  2730    30.7   -86.4    56.7    17.9   -35.8   -63.8
  2734    30.7   -91.0    56.7    17.7   -37.6   -58.8
  2738    30.8   -95.5    56.8    17.6   -36.3   -69.3
  2742    30.8   -99.5    56.7    18.0   -36.7   -75.5
  2746    30.9  -103.8    56.8    18.2   -36.7   -81.4
  2750    30.9  -108.0    56.8    18.3   -37.4   -78.3
  2754    30.9  -112.2    56.8    18.5   -36.3   -86.2
  2758    31.0  -116.6    56.9    18.5   -37.2   -78.6
  2762    31.1  -121.0    56.9    18.6   -37.2   -89.1
  2766    31.1  -125.2    56.9    18.8   -38.4   -95.4
  2770    31.2  -129.6    57.0    18.9   -38.4   -92.3
  2773    31.2  -134.0    57.0    18.8   -37.3   -97.5
  2777    31.3  -138.4    57.0    18.9   -36.4  -109.2
  2781    31.3  -142.7    57.1    19.1   -35.7  -110.5
  2785    31.4  -146.9    57.1    19.2   -37.8  -105.4
  2789    31.4  -151.2    57.1    19.2   -37.3  -104.6
  2793    31.5  -155.6    57.1    19.2   -37.5  -111.7
  2797    31.5  -159.8    57.2    19.5   -37.3  -112.1
  2801    31.6  -164.2    57.2    19.5   -37.3  -121.2
  2805    31.6  -168.7    57.2    19.5   -37.5  -111.1
  2809    31.7  -173.1    57.2    19.5   -37.8  -113.8
  2813    31.7  -177.4    57.3    19.5   -36.6  -118.7
  2816    31.8   178.2    57.3    19.6   -37.2  -123.7
  2820    31.8   174.0    57.3    19.7   -35.9  -124.3
  2824    31.9   169.6    57.4    19.7   -35.6  -127.0
  2828    31.9   165.3    57.4    19.9   -36.4  -136.3
  2832    32.0   161.0    57.4    20.1   -35.2  -138.3
  2836    32.0   156.5    57.4    20.1   -35.2  -148.9
  2840    32.1   152.1    57.4    20.1   -35.4  -147.4
  2844    32.1   147.7    57.4    20.0   -35.5  -147.7
  2848    32.2   143.3    57.5    20.0   -33.7  -148.1
  2852    32.2   139.0    57.5    20.1   -35.1  -158.9
  2855    32.3   134.7    57.5    20.2   -34.5  -165.6
  2859    32.3   130.3    57.5    20.2   -34.6  -164.7
  2863    32.3   125.9    57.6    20.1   -33.7  -169.3
  2867    32.4   121.4    57.6    20.3   -34.7  -173.6
  2871    32.4   117.0    57.6    20.3   -33.3   178.4
  2875    32.5   112.7    57.6    20.4   -33.8   179.3
  2879    32.6   108.3    57.6    20.4   -33.3   171.4
  2883    32.6   104.0    57.7    20.5   -33.5   172.2
  2887    32.6    99.5    57.7    20.4   -33.5   164.9
  2891    32.7    95.2    57.7    20.6   -32.6   164.2
  2895    32.7    90.7    57.7    20.5   -32.4   154.1
  2898    32.8    86.3    57.7    20.6   -32.7   148.5
  2902    32.8    81.8    57.8    20.5   -33.1   145.7
  2906    32.9    77.4    57.8    20.7   -33.0   140.0
  2910    32.9    73.0    57.8    20.6   -32.0   138.2
  2914    33.0    68.6    57.8    20.6   -32.4   133.8
  2918    33.0    64.2    57.8    20.7   -32.2   130.8
  2922    33.1    59.8    57.9    20.7   -32.7   119.0
  2926    33.1    55.4    57.9    20.7   -31.8   118.9
  2930    33.2    50.9    57.9    20.8   -31.9   115.4
  2934    33.2    46.4    57.9    20.7   -31.9   105.2
  2938    33.3    42.0    57.9    20.7   -32.0   107.7
  2941    33.3    37.5    57.9    20.8   -31.5   104.4
  2945    33.4    33.1    58.0    20.7   -32.4   100.9
  2949    33.4    28.7    58.0    20.8   -32.3    96.7
  2953    33.5    24.3    58.0    20.8   -32.6    88.7
  2957    33.5    19.8    58.0    20.7   -32.1    86.1
  2961    33.6    15.3    58.0    20.8   -32.4    83.3
  2965    33.6    10.8    58.1    20.8   -31.9    75.5
  2969    33.7     6.3    58.1    20.8   -31.6    70.2
  2973    33.7     1.8    58.1    20.8   -31.4    67.7
  2977    33.8    -2.7    58.1    20.7   -31.2    66.7
  2980    33.9    -7.1    58.1    20.7   -31.4    57.2
  2984    33.9   -11.5    58.2    20.7   -31.5    58.0
  2988    33.9   -16.0    58.2    20.7   -31.8    50.5
  2992    34.0   -20.5    58.2    20.8   -31.2    45.1
  2996    34.0   -25.1    58.2    20.7   -31.9    44.9
  3000    34.1   -29.6    58.2    20.8   -31.9    29.6
  3004    34.1   -34.1    58.2    20.7   -30.7    31.0
  3008    34.2   -38.6    58.3    20.7   -31.3    29.9
  3012    34.3   -43.1    58.3    20.6   -30.8    26.5
  3016    34.3   -47.6    58.3    20.7   -31.3    20.1
  3020    34.3   -52.1    58.3    20.6   -31.2    12.6
  3023    34.4   -56.7    58.3    20.6   -31.1    11.9
  3027    34.4   -61.2    58.3    20.6   -31.8     8.1
  3031    34.5   -65.8    58.4    20.5   -31.1     1.6
  3035    34.6   -70.4    58.4    20.5   -31.2     3.1
  3039    34.6   -74.8    58.4    20.6   -31.3    -9.0
  3043    34.7   -79.3    58.4    20.5   -31.1   -10.0
  3047    34.7   -83.9    58.4    20.5   -31.5   -13.4
  3051    34.7   -88.4    58.4    20.4   -31.0   -19.0
  3055    34.8   -93.1    58.5    20.4   -31.3   -24.4
  3059    34.8   -97.6    58.5    20.4   -31.0   -27.2
  3063    34.9  -102.2    58.5    20.4   -30.9   -34.3
  3066    34.9  -106.8    58.5    20.3   -30.9   -37.4
  3070    35.0  -111.3    58.5    20.2   -30.9   -39.7
  3074    35.1  -115.9    58.5    20.2   -31.2   -46.4
  3078    35.1  -120.4    58.6    20.3   -31.2   -55.1
  3082    35.1  -125.0    58.6    20.2   -30.8   -56.0
  3086    35.2  -129.6    58.6    20.2   -31.1   -58.4
  3090    35.2  -134.3    58.6    20.1   -30.8   -65.1
  3094    35.3  -138.9    58.6    20.1   -30.8   -66.4
  3098    35.3  -143.5    58.6    20.0   -31.0   -70.3
  3102    35.4  -148.1    58.6    20.0   -30.9   -79.0
  3105    35.4  -152.6    58.7    20.0   -30.7   -78.9
  3109    35.5  -157.2    58.7    20.0   -30.5   -86.6
  3113    35.5  -161.7    58.7    20.0   -30.6   -89.1
  3117    35.6  -166.5    58.7    20.0   -30.9   -95.5
  3121    35.6  -171.1    58.7    19.9   -30.9  -101.0
  3125    35.7  -175.7    58.7    19.9   -30.5  -102.1
  3129    35.7   179.7    58.7    20.0   -30.8  -106.4
  3133    35.8   175.1    58.7    19.9   -30.8  -112.7
  3137    35.8   170.5    58.8    19.8   -30.9  -119.6
  3141    35.8   165.9    58.8    19.8   -31.1  -122.5
  3145    35.9   161.3    58.8    19.8   -30.5  -122.6
  3148    35.9   156.7    58.8    19.8   -31.1  -133.6
  3152    36.0   151.9    58.8    19.7   -31.2  -138.7
  3156    36.0   147.2    58.8    19.7   -31.1  -141.7
  3160    36.1   142.6    58.8    19.7   -31.1  -147.5
  3164    36.1   138.1    58.9    19.7   -30.9  -149.1
  3168    36.1   133.5    58.9    19.7   -31.1  -157.2
  3172    36.2   128.7    58.9    19.6   -31.3  -158.9
  3176    36.2   124.0    58.9    19.6   -30.9  -165.8
  3180    36.3   119.4    58.9    19.6   -30.8  -170.6
  3184    36.3   114.7    58.9    19.5   -31.0  -171.9
  3188    36.4   110.0    58.9    19.5   -31.0  -174.9
  3191    36.4   105.4    58.9    19.5   -30.7   178.6
  3195    36.4   100.7    59.0    19.4   -31.5   177.8
  3199    36.5    96.1    59.0    19.4   -31.1   169.2
  3203    36.5    91.4    59.0    19.4   -30.7   168.0
  3207    36.5    86.7    59.0    19.4   -30.7   163.7
  3211    36.6    81.9    59.0    19.3   -30.5   157.0
  3215    36.6    77.2    59.0    19.3   -31.1   154.5
  3219    36.7    72.6    59.0    19.3   -30.5   149.8
  3223    36.7    67.9    59.1    19.2   -31.2   144.6
  3227    36.8    63.2    59.1    19.2   -30.8   139.0
  3230    36.8    58.6    59.1    19.2   -30.3   136.7
  3234    36.8    53.9    59.1    19.2   -30.9   131.3
  3238    36.9    49.0    59.1    19.1   -31.0   130.5
  3242    36.9    44.3    59.1    19.1   -30.6   124.5
  3246    36.9    39.6    59.1    19.1   -30.9   116.7
  3250    37.0    34.9    59.1    19.0   -30.9   115.4
  3254    37.0    30.3    59.2    19.0   -31.0   111.8
  3258    37.0    25.6    59.2    19.0   -30.7   105.1
  3262    37.1    20.8    59.2    18.9   -30.6    99.6
  3266    37.1    16.0    59.2    18.9   -31.0    96.6
  3270    37.1    11.3    59.2    18.9   -30.8    91.8
  3273    37.2     6.6    59.2    18.9   -30.5    86.0
  3277    37.2     1.9    59.2    18.9   -30.8    79.9
  3281    37.2    -2.8    59.2    18.8   -30.5    76.9
  3285    37.2    -7.5    59.2    18.8   -30.7    73.3
  3289    37.3   -12.3    59.3    18.8   -30.8    64.8
  3293    37.3   -17.2    59.3    18.7   -30.8    61.5
  3297    37.3   -22.0    59.3    18.6   -30.3    58.8
  3301    37.3   -26.6    59.3    18.6   -30.4    54.4
  3305    37.4   -31.3    59.3    18.6   -30.1    50.0
  3309    37.4   -36.0    59.3    18.7   -30.3    42.9
  3313    37.4   -40.7    59.3    18.6   -30.3    41.8
  3316    37.4   -45.5    59.3    18.5   -30.0    36.1
  3320    37.4   -50.2    59.3    18.6   -30.1    30.4
  3324    37.5   -55.1    59.3    18.5   -30.5    27.0
  3328    37.5   -59.8    59.3    18.5   -30.0    20.8
  3332    37.5   -64.7    59.4    18.4   -30.5    19.3
  3336    37.6   -69.1    59.4    18.6   -30.5    12.0
  3340    37.6   -74.0    59.4    18.4   -30.3     4.1
  3344    37.6   -78.7    59.4    18.4   -30.5     2.5
  3348    37.6   -83.4    59.4    18.5   -30.2     1.1
  3352    37.6   -88.2    59.4    18.4   -30.2    -4.8
  3355    37.6   -93.1    59.4    18.3   -30.2   -10.9
  3359    37.6   -97.8    59.4    18.3   -29.9   -13.5
  3363    37.7  -102.5    59.4    18.3   -30.0   -19.4
  3367    37.7  -107.2    59.4    18.3   -30.3   -24.1
  3371    37.7  -111.8    59.5    18.4   -29.7   -30.3
  3375    37.7  -116.8    59.4    18.2   -30.2   -34.0
  3379    37.7  -121.4    59.4    18.3   -29.8   -38.8
  3383    37.7  -126.3    59.5    18.2   -29.8   -40.7
  3387    37.7  -131.0    59.5    18.2   -29.9   -46.1
  3391    37.7  -135.7    59.5    18.2   -30.2   -52.6
  3395    37.7  -140.5    59.5    18.2   -29.7   -56.5
  3398    37.7  -145.2    59.5    18.2   -29.9   -63.1
  3402    37.7  -149.9    59.5    18.2   -30.0   -66.2
  3406    37.7  -154.7    59.5    18.1   -29.4   -70.9
  3410    37.8  -159.5    59.5    18.1   -29.7   -74.1
  3414    37.8  -164.2    59.5    18.2   -29.9   -80.7
  3418    37.8  -168.9    59.5    18.2   -29.6   -87.5
  3422    37.8  -173.5    59.5    18.2   -29.7   -90.7
  3426    37.8  -178.2    59.6    18.2   -29.4   -91.5
  3430    37.8   176.9    59.6    18.1   -29.8   -97.3
  3434    37.8   172.2    59.6    18.1   -29.6  -105.9
  3438    37.8   167.3    59.6    18.1   -29.6  -107.7
  3441    37.8   162.6    59.6    18.1   -29.5  -115.4
  3445    37.8   158.0    59.6    18.1   -29.8  -117.5
  3449    37.8   153.3    59.6    18.1   -29.1  -124.1
  3453    37.8   148.7    59.6    18.2   -29.0  -128.3
  3457    37.8   143.9    59.6    18.2   -29.1  -130.6
  3461    37.8   139.1    59.6    18.1   -29.6  -137.2
  3465    37.8   134.3    59.6    18.1   -29.2  -142.6
  3469    37.8   129.7    59.6    18.1   -29.2  -146.4
  3473    37.8   125.0    59.6    18.2   -29.4  -151.8
  3477    37.8   120.4    59.6    18.2   -29.5  -158.3
  3480    37.7   115.6    59.6    18.1   -29.4  -163.0
  3484    37.7   110.8    59.7    18.1   -29.1  -165.0
  3488    37.7   106.1    59.7    18.1   -29.2  -170.8
  3492    37.7   101.5    59.7    18.3   -29.3  -177.3
  3496    37.7    96.8    59.7    18.2   -29.2   178.6
  3500    37.7    92.1    59.7    18.2   -29.4   175.0
  3504    37.7    87.5    59.7    18.2   -29.1   170.1
  3508    37.7    82.7    59.7    18.2   -29.5   160.8
  3512    37.7    78.0    59.7    18.2   -29.6   158.9
  3516    37.7    73.3    59.7    18.2   -28.9   154.9
  3520    37.7    68.6    59.7    18.2   -29.4   148.9
  3523    37.7    64.0    59.7    18.3   -29.3   145.6
  3527    37.7    59.4    59.7    18.3   -29.5   139.2
  3531    37.6    54.7    59.7    18.3   -29.7   133.9
  3535    37.6    50.0    59.7    18.2   -29.0   129.4
  3539    37.6    45.2    59.8    18.2   -29.2   126.5
  3543    37.6    40.5    59.8    18.2   -29.4   116.9
  3547    37.6    35.9    59.8    18.3   -29.0   111.7
  3551    37.6    31.3    59.8    18.3   -29.3   106.8
  3555    37.6    26.7    59.8    18.3   -28.9   101.2
  3559    37.6    22.1    59.8    18.4   -29.5    99.2
  3563    37.5    17.5    59.8    18.4   -29.0    94.0
  3566    37.5    12.6    59.8    18.3   -29.6    90.9
  3570    37.5     7.9    59.8    18.3   -29.7    85.2
  3574    37.5     3.3    59.8    18.3   -29.2    80.5
  3578    37.5    -1.3    59.8    18.3   -29.8    75.0
  3582    37.5    -5.9    59.8    18.4   -29.2    69.3
  3586    37.5   -10.5    59.8    18.4   -29.7    63.5
  3590    37.4   -15.1    59.8    18.5   -29.5    57.3
  3594    37.4   -19.8    59.8    18.5   -29.6    53.7
  3598    37.4   -24.5    59.9    18.5   -29.9    48.0
  3602    37.4   -29.1    59.9    18.5   -29.8    43.8
  3605    37.4   -33.7    59.9    18.5   -29.8    37.1
  3609    37.4   -38.2    59.9    18.6   -29.6    33.1
  3613    37.4   -42.8    59.9    18.6   -29.5    27.3
  3617    37.3   -47.5    59.9    18.6   -29.5    21.6
  3621    37.3   -52.2    59.9    18.6   -29.8    17.6
  3625    37.3   -56.8    59.9    18.6   -29.5    10.5
  3629    37.3   -61.4    59.9    18.6   -30.3     9.9
  3633    37.3   -66.0    59.9    18.7   -30.1     2.9
  3637    37.3   -70.5    59.9    18.7   -29.8    -4.5
  3641    37.2   -75.2    59.9    18.6   -30.3    -7.0
  3645    37.2   -79.9    60.0    18.6   -30.5   -12.7
  3648    37.2   -84.5    60.0    18.6   -30.3   -20.3
  3652    37.2   -89.1    60.0    18.7   -30.2   -25.7
  3656    37.2   -93.5    60.0    18.9   -29.6   -28.9
  3660    37.2   -98.1    60.0    18.8   -30.0   -37.9
  3664    37.2  -102.7    60.0    18.9   -30.7   -43.7
  3668    37.2  -107.4    60.0    18.8   -30.4   -44.8
  3672    37.1  -112.0    60.0    18.9   -30.7   -50.6
  3676    37.1  -116.5    60.0    18.9   -30.6   -56.1
  3680    37.1  -121.1    60.0    18.9   -30.5   -59.3
  3684    37.1  -125.7    60.1    18.9   -31.4   -70.5
  3688    37.1  -130.3    60.1    18.9   -31.4   -73.7
  3691    37.1  -134.8    60.1    19.0   -30.8   -78.8
  3695    37.0  -139.4    60.1    19.0   -31.1   -83.1
  3699    37.0  -144.0    60.1    19.0   -31.2   -88.5
  3703    37.0  -148.7    60.1    19.0   -31.1   -90.8
  3707    37.0  -153.2    60.1    19.0   -32.0   -95.7
  3711    37.0  -157.8    60.1    19.0   -31.4  -102.2
  3715    37.0  -162.4    60.1    19.0   -32.1  -108.3
  3719    36.9  -166.9    60.2    19.1   -31.9  -116.2
  3723    36.9  -171.5    60.2    19.2   -31.5  -118.5
  3727    36.9  -176.1    60.2    19.2   -31.9  -122.4
  3730    36.9   179.3    60.2    19.2   -32.0  -132.6
  3734    36.9   174.8    60.2    19.3   -32.2  -134.4
  3738    36.9   170.3    60.2    19.3   -32.0  -137.2
  3742    36.8   165.7    60.2    19.3   -32.4  -140.9
  3746    36.8   161.0    60.2    19.2   -32.7  -144.1
  3750    36.8   156.4    60.2    19.2   -32.8  -156.1
  3754    36.8   151.9    60.2    19.4   -32.4  -159.1
  3758    36.8   147.4    60.2    19.5   -32.9  -165.3
  3762    36.8   142.9    60.3    19.5   -32.1  -170.2
  3766    36.7   138.3    60.2    19.5   -32.7  -174.0
  3770    36.7   133.6    60.3    19.4   -33.7  -177.4
  3773    36.7   129.0    60.3    19.4   -33.5   179.8
  3777    36.7   124.5    60.3    19.5   -33.2   175.1
  3781    36.7   119.9    60.3    19.5   -33.6   169.1
  3785    36.6   115.4    60.3    19.6   -34.0   163.9
  3789    36.6   110.9    60.3    19.7   -34.0   166.5
  3793    36.6   106.3    60.3    19.7   -34.1   159.9
  3797    36.6   101.7    60.3    19.8   -34.6   151.1
  3801    36.5    97.1    60.3    19.8   -34.5   149.8
  3805    36.5    92.6    60.3    19.9   -34.9   150.7
  3809    36.5    88.1    60.3    19.9   -35.5   144.8
  3813    36.5    83.5    60.3    19.9   -34.7   137.6
  3816    36.4    79.0    60.4    20.1   -35.5   140.4
  3820    36.4    74.4    60.4    20.2   -35.0   129.8
  3824    36.4    69.9    60.4    20.3   -34.7   132.9
  3828    36.4    65.3    60.4    20.4   -35.7   127.0
  3832    36.3    60.8    60.4    20.4   -35.1   126.3
  3836    36.3    56.4    60.4    20.6   -35.3   122.5
  3840    36.3    51.8    60.4    20.6   -35.3   120.0
  3844    36.2    47.3    60.4    20.7   -35.1   114.7
  3848    36.2    42.7    60.4    20.8   -34.4   114.2
  3852    36.2    38.2    60.4    21.1   -35.3   114.9
  3855    36.1    33.7    60.4    21.3   -33.8   109.8
  3859    36.1    29.3    60.4    21.4   -33.5   104.2
  3863    36.0    24.8    60.4    21.6   -33.4   105.3
  3867    36.0    20.3    60.4    21.8   -33.1   106.1
  3871    35.9    15.7    60.4    21.9   -32.8    97.6
  3875    35.9    11.3    60.4    22.2   -31.9    98.0
  3879    35.8     6.8    60.4    22.5   -31.8    92.0
  3883    35.8     2.4    60.4    22.8   -31.2    90.7
  3887    35.7    -2.0    60.4    23.0   -30.9    84.0
  3891    35.7    -6.4    60.4    23.5   -30.5    79.8
  3895    35.6   -10.9    60.4    23.8   -29.9    76.2
  3898    35.5   -15.2    60.4    24.3   -29.5    70.9
  3902    35.5   -19.6    60.4    24.6   -28.9    67.3
  3906    35.4   -23.8    60.4    25.1   -28.7    61.7
  3910    35.3   -28.0    60.4    25.7   -28.8    55.4
  3914    35.2   -32.3    60.4    26.2   -27.9    49.8
  3918    35.1   -36.4    60.4    27.0   -27.6    42.6
  3922    35.0   -40.5    60.4    27.7   -27.5    36.3
  3926    34.9   -44.5    60.5    28.5   -26.9    31.0
  3930    34.8   -48.3    60.5    29.2   -26.5    24.2
  3934    34.7   -52.0    60.6    30.0   -26.5    20.8
  3938    34.6   -55.6    60.7    31.0   -26.1    12.9
  3941    34.5   -59.0    60.8    31.9   -25.7     9.4
  3945    34.4   -62.3    61.0    32.8   -25.4     3.9
  3949    34.4   -65.3    61.1    33.5   -25.1    -3.0
  3953    34.4   -68.3    61.3    33.9   -25.0    -7.6
  3957    34.4   -71.1    61.5    34.1   -24.6   -12.6
  3961    34.5   -74.2    61.8    33.9   -24.2   -17.9
  3965    34.7   -77.5    62.0    33.2   -23.9   -24.8
  3969    35.0   -81.3    62.2    31.9   -23.3   -29.5
  3973    35.3   -85.6    62.4    30.2   -22.9   -36.1
  3977    35.5   -90.3    62.5    28.2   -22.7   -45.6
  3980    35.8   -95.6    62.6    26.1   -22.4   -51.8
  3984    36.1  -101.2    62.7    23.9   -22.4   -59.6
  3988    36.3  -107.2    62.7    21.6   -22.6   -66.9
  3992    36.4  -113.0    62.7    19.7   -22.6   -75.5
  3996    36.5  -118.8    62.6    18.0   -22.4   -82.8
  4000    36.6  -124.4    62.6    16.6   -23.1   -93.0
  4004    36.7  -129.9    62.5    15.5   -23.1   -97.5
  4008    36.7  -135.2    62.5    14.7   -23.2  -105.4
  4012    36.7  -140.6    62.4    13.9   -23.4  -111.5
  4016    36.7  -145.8    62.3    13.3   -23.5  -117.8
  4020    36.7  -150.9    62.2    12.9   -23.6  -124.7
  4023    36.7  -155.9    62.2    12.4   -23.9  -130.0
  4027    36.6  -160.9    62.1    12.0   -24.1  -137.3
  4031    36.6  -165.8    62.0    11.8   -24.1  -143.2
  4035    36.6  -170.7    62.0    11.6   -24.5  -150.2
  4039    36.5  -175.6    61.9    11.4   -24.5  -155.7
  4043    36.5   179.7    61.9    11.3   -24.5  -158.9
  4047    36.5   174.9    61.8    11.2   -24.7  -164.9
  4051    36.4   170.1    61.7    11.0   -25.1  -168.6
  4055    36.4   165.3    61.7    10.8   -25.2  -175.6
  4059    36.3   160.6    61.7    10.7   -25.3   178.2
  4063    36.3   155.9    61.6    10.6   -25.5   171.6
  4066    36.3   151.2    61.6    10.6   -26.0   168.6
  4070    36.2   146.6    61.5    10.6   -25.4   162.9
  4074    36.2   142.0    61.5    10.6   -25.6   157.7
  4078    36.1   137.3    61.4    10.5   -25.8   150.7
  4082    36.1   132.7    61.4    10.6   -26.3   148.0
  4086    36.1   128.0    61.4    10.5   -26.4   142.7
  4090    36.0   123.2    61.3    10.2   -26.6   136.6
  4094    36.0   118.8    61.3    10.3   -26.8   130.6
  4098    36.0   114.3    61.3    10.3   -26.8   126.2
  4102    35.9   109.6    61.3    10.2   -26.6   122.9
  4105    35.9   105.2    61.2    10.5   -27.2   118.2
  4109    35.9   100.5    61.2    10.3   -27.3   111.2
  4113    35.8    95.9    61.2    10.3   -27.2   106.6
  4117    35.8    91.3    61.1    10.1   -27.3   101.8
  4121    35.8    86.6    61.1    10.0   -27.7    98.5
  4125    35.7    82.1    61.1    10.1   -27.9    91.2
  4129    35.7    77.6    61.1    10.1   -27.7    89.4
  4133    35.6    73.1    61.0    10.2   -27.6    82.8
  4137    35.6    68.6    61.0    10.2   -28.1    78.6
  4141    35.6    64.0    61.0    10.1   -28.1    73.6
  4145    35.5    59.4    61.0    10.1   -28.6    67.7
  4148    35.5    54.8    60.9    10.0   -28.5    62.1
  4152    35.5    50.3    60.9    10.0   -28.7    58.6
  4156    35.4    45.4    60.9     9.7   -28.5    52.8
  4160    35.4    41.2    60.9    10.0   -28.9    48.5
  4164    35.4    36.5    60.8     9.8   -28.4    48.0
  4168    35.4    32.1    60.8     9.9   -28.7    39.6
  4172    35.3    27.6    60.8    10.0   -29.2    34.2
  4176    35.3    23.1    60.8    10.0   -28.7    29.9
  4180    35.2    18.2    60.7     9.7   -29.2    24.5
  4184    35.2    13.7    60.7     9.6   -29.3    21.0
  4188    35.2     9.5    60.7     9.9   -29.2    14.5
  4191    35.1     4.6    60.7     9.5   -29.5     8.0
  4195    35.1     0.2    60.7     9.7   -29.6     7.6
  4199    35.1    -4.3    60.6     9.7   -29.3     2.7
  4203    35.1    -8.8    60.6     9.6   -30.3    -2.4
  4207    35.0   -13.5    60.6     9.5   -30.2    -7.5
  4211    35.0   -18.1    60.6     9.4   -30.5   -13.8
  4215    35.0   -22.6    60.6     9.3   -30.1   -18.8
  4219    34.9   -27.3    60.5     9.2   -30.3   -22.1
  4223    34.9   -31.5    60.5     9.5   -30.7   -27.3
  4227    34.9   -36.3    60.5     9.3   -30.7   -31.9
  4230    34.9   -40.5    60.5     9.4   -30.9   -33.4
  4234    34.8   -45.3    60.4     9.2   -31.0   -41.6
  4238    34.8   -49.8    60.4     9.3   -31.4   -44.5
  4242    34.8   -54.6    60.4     9.0   -31.9   -50.7
  4246    34.8   -58.9    60.4     9.1   -31.7   -57.7
  4250    34.7   -63.4    60.4     9.1   -31.1   -60.9
  4254    34.7   -68.1    60.3     9.0   -31.6   -65.7
  4258    34.7   -72.2    60.3     9.4   -31.3   -70.7
  4262    34.6   -77.2    60.3     8.9   -31.4   -68.9
  4266    34.5   -81.6    60.2     9.0   -31.7   -80.2
  4270    34.6   -86.2    60.3     8.8   -31.9   -84.2
  4273    34.6   -90.7    60.3     8.8   -31.8   -89.7
  4277    34.5   -95.3    60.2     8.8   -32.0   -91.5
  4281    34.5   -99.7    60.2     8.9   -32.1   -95.0
  4285    34.4  -104.1    60.2     9.1   -32.4   -99.8
  4289    34.4  -108.9    60.2     8.8   -32.3  -104.9
  4293    34.4  -113.2    60.1     8.9   -32.9  -109.6
  4297    34.4  -117.9    60.1     8.7   -33.0  -120.0
  4301    34.4  -122.1    60.1     9.0   -32.4  -121.1
  4305    34.3  -127.1    60.1     8.5   -32.5  -125.2
  4309    34.3  -131.3    60.1     8.8   -32.5  -132.6
  4313    34.3  -135.6    60.1     9.0   -32.6  -134.4
  4316    34.2  -140.2    60.0     8.9   -33.1  -140.3
  4320    34.2  -144.8    60.1     8.8   -32.9  -146.4
  4324    34.2  -149.5    60.0     8.6   -33.9  -147.8
  4328    34.2  -154.1    60.0     8.5   -33.4  -157.5
  4332    34.1  -158.6    60.0     8.6   -33.3  -154.2
  4336    34.1  -163.1    60.0     8.5   -33.8  -161.9
  4340    34.1  -167.5    59.9     8.6   -33.4  -167.3
  4344    34.0  -172.0    59.9     8.6   -33.6  -168.6
  4348    34.1  -176.7    59.9     8.4   -33.3  -172.9
  4352    34.0   178.8    59.9     8.5   -34.1   176.8
  4355    34.0   174.4    59.9     8.6   -34.1   175.8
  4359    33.9   169.8    59.8     8.5   -33.8   169.0
  4363    34.0   165.3    59.9     8.4   -34.1   168.7
  4367    33.9   160.9    59.8     8.5   -33.9   156.9
  4371    33.9   156.4    59.8     8.6   -33.8   155.7
  4375    33.9   151.7    59.8     8.4   -34.0   149.9
  4379    33.8   146.8    59.7     8.0   -34.7   146.0
  4383    33.8   142.7    59.8     8.4   -33.7   141.7
  4387    33.8   138.5    59.7     8.8   -34.4   137.7
  4391    33.7   133.5    59.7     8.2   -34.2   131.7
  4395    33.7   129.0    59.7     8.2   -34.7   127.9
  4398    33.7   124.4    59.7     8.2   -33.9   124.5
  4402    33.7   120.2    59.7     8.4   -34.3   117.2
  4406    33.7   115.6    59.7     8.3   -35.4   121.8
  4410    33.7   110.9    59.7     8.2   -34.4   111.7
  4414    33.6   106.3    59.6     8.2   -35.7    98.6
  4418    33.6   101.7    59.6     8.1   -34.9   101.4
  4422    33.5    97.5    59.6     8.4   -34.5    92.4
  4426    33.6    92.8    59.6     8.0   -35.0    90.9
  4430    33.5    88.6    59.6     8.4   -34.9    93.6
  4434    33.4    83.9    59.5     8.3   -34.9    82.8
  4438    33.5    79.2    59.5     8.1   -35.5    77.4
  4441    33.4    74.7    59.5     8.1   -34.2    74.8
  4445    33.4    70.5    59.5     8.4   -35.2    62.9
  4449    33.4    65.7    59.5     8.1   -34.5    62.7
  4453    33.3    61.2    59.4     8.2   -35.0    55.5
  4457    33.3    56.7    59.4     8.2   -34.9    57.1
  4461    33.3    52.1    59.4     8.1   -35.6    50.3
  4465    33.3    47.5    59.4     8.0   -35.8    45.9
  4469    33.3    43.2    59.4     8.2   -35.5    40.3
  4473    33.2    38.6    59.3     8.1   -35.5    38.0
  4477    33.2    34.0    59.3     8.2   -35.3    28.4
  4480    33.1    29.6    59.3     8.2   -34.6    22.6
  4484    33.2    25.0    59.3     8.1   -36.1    25.9
  4488    33.1    20.7    59.3     8.3   -35.7    22.2
  4492    33.1    15.9    59.3     8.0   -35.6    12.7
  4496    33.1    11.6    59.3     8.3   -35.5     7.0
  4500    33.1     6.8    59.3     8.1   -35.6    -0.6
  4504    33.0     2.4    59.2     8.2   -35.5    -8.0
  4508    33.0    -2.1    59.3     8.1   -35.1    -8.0
  4512    33.0    -6.6    59.3     8.2   -35.6    -9.7
  4516    33.0   -11.0    59.2     8.3   -35.5   -18.2
  4520    33.0   -15.9    59.2     7.9   -35.9   -18.4
  4523    32.9   -20.1    59.2     8.2   -35.1   -20.0
  4527    32.9   -24.6    59.2     8.3   -35.9   -27.0
  4531    32.9   -29.0    59.2     8.4   -35.6   -33.9
  4535    32.8   -33.5    59.2     8.3   -35.7   -37.6
  4539    32.8   -38.3    59.1     8.2   -35.4   -44.3
  4543    32.8   -42.8    59.1     8.2   -35.5   -42.7
  4547    32.7   -47.1    59.1     8.4   -35.7   -52.4
  4551    32.8   -51.6    59.1     8.4   -35.9   -53.3
  4555    32.7   -56.3    59.1     8.3   -35.7   -61.0
  4559    32.7   -60.7    59.1     8.3   -35.4   -64.8
  4563    32.7   -65.3    59.1     8.3   -35.0   -70.4
  4566    32.7   -69.9    59.1     8.3   -35.7   -74.5
  4570    32.6   -74.1    59.1     8.6   -35.6   -76.0
  4574    32.7   -78.8    59.1     8.4   -35.5   -78.8
  4578    32.6   -83.5    59.0     8.2   -36.2   -87.1
  4582    32.5   -88.0    59.0     8.3   -36.1   -92.9
  4586    32.5   -92.6    59.0     8.2   -35.8   -91.7
  4590    32.5   -97.3    59.0     8.0   -35.6  -100.7
  4594    32.4  -101.4    59.0     8.4   -35.6  -104.4
  4598    32.4  -106.1    59.0     8.2   -35.4  -102.7
  4602    32.4  -110.6    58.9     8.4   -35.9  -110.9
  4605    32.3  -114.9    58.9     8.6   -35.8  -115.5
  4609    32.3  -119.6    58.9     8.3   -35.2  -120.9
  4613    32.3  -124.4    58.9     8.1   -35.2  -127.4
  4617    32.3  -128.7    58.9     8.4   -35.7  -124.6
  4621    32.3  -133.3    58.9     8.3   -35.5  -134.8
  4625    32.3  -137.9    58.9     8.2   -35.9  -136.3
  4629    32.2  -142.0    58.9     8.6   -35.4  -143.0
  4633    32.2  -146.7    58.9     8.4   -35.0  -149.0
  4637    32.2  -151.1    58.9     8.5   -35.8  -149.6
  4641    32.1  -155.7    58.9     8.6   -35.8  -158.1
  4645    32.1  -160.4    58.9     8.3   -34.9  -163.7
  4648    32.1  -164.5    58.9     8.7   -35.9  -162.5
  4652    32.1  -169.4    58.8     8.4   -35.3  -166.3
  4656    32.1  -173.8    58.8     8.5   -35.4  -176.3
  4660    32.0  -178.3    58.8     8.6   -34.9   176.6
  4664    32.0   176.9    58.8     8.3   -35.6   175.7
  4668    32.0   172.4    58.8     8.3   -35.3   167.3
  4672    32.0   167.9    58.8     8.3   -35.0   171.0
  4676    31.9   163.6    58.8     8.5   -35.0   168.3
  4680    31.9   159.0    58.8     8.5   -36.0   157.2
  4684    31.9   154.6    58.8     8.7   -35.3   156.2
  4688    31.8   150.1    58.8     8.6   -35.2   148.0
  4691    31.8   145.6    58.7     8.6   -35.9   148.9
  4695    31.8   141.1    58.7     8.7   -35.3   144.0
  4699    31.7   136.4    58.7     8.6   -35.4   136.2
  4703    31.7   132.2    58.8     8.9   -34.8   131.8
  4707    31.7   127.5    58.8     8.7   -35.1   127.8
  4711    31.7   122.8    58.7     8.5   -34.9   128.8
  4715    31.7   118.4    58.8     8.6   -35.1   120.0
  4719    31.6   114.0    58.7     8.8   -35.7   118.9
  4723    31.6   109.3    58.7     8.6   -34.8   109.2
  4727    31.6   105.2    58.7     9.0   -34.5   109.2
  4730    31.6   100.4    58.7     8.7   -35.3   104.1
  4734    31.6    96.0    58.8     8.9   -35.3   100.4
  4738    31.4    91.4    58.7     8.7   -35.5    95.6
  4742    31.5    87.0    58.7     9.0   -35.3    90.8
  4746    31.4    82.5    58.7     8.8   -34.9    88.1
  4750    31.4    78.0    58.7     8.9   -35.0    81.2
  4754    31.4    73.1    58.7     8.5   -34.8    76.7
  4758    31.3    68.6    58.6     8.5   -34.9    72.1
  4762    31.4    64.3    58.7     8.8   -35.2    71.2
  4766    31.3    60.1    58.7     9.1   -34.8    65.3
  4770    31.3    55.3    58.7     8.8   -34.2    60.9
  4773    31.3    50.9    58.7     8.8   -34.6    54.6
  4777    31.2    46.3    58.7     8.8   -34.8    52.4
  4781    31.2    42.0    58.7     9.1   -35.0    45.3
  4785    31.2    37.4    58.7     9.0   -34.5    48.8
  4789    31.2    33.1    58.7     9.1   -34.9    40.1
  4793    31.1    28.8    58.7     9.4   -35.0    35.3
  4797    31.1    23.7    58.7     8.8   -35.0    31.7
  4801    31.0    19.5    58.6     9.1   -34.5    30.2
  4805    31.0    15.1    58.7     9.2   -34.5    24.0
  4809    31.0    10.4    58.7     9.0   -34.3    18.1
  4813    31.0     5.8    58.7     8.9   -34.8    16.0
  4816    31.0     1.7    58.7     9.3   -34.0    10.1
  4820    31.0    -3.0    58.7     9.2   -34.6     5.7
  4824    30.9    -7.5    58.7     9.1   -34.1     0.3
  4828    30.9   -12.0    58.7     9.1   -34.5    -6.3
  4832    30.9   -16.2    58.7     9.4   -33.8    -5.8
  4836    30.8   -20.9    58.7     9.2   -34.1   -14.7
  4840    30.8   -25.4    58.7     9.2   -34.4   -13.5
  4844    30.8   -29.6    58.7     9.5   -34.3   -14.2
  4848    30.8   -34.6    58.7     9.0   -34.4   -22.2
  4852    30.7   -38.8    58.6     9.3   -34.0   -26.5
  4855    30.8   -43.3    58.7     9.3   -34.1   -30.6
  4859    30.7   -47.5    58.7     9.7   -34.0   -35.8
  4863    30.7   -51.8    58.7     9.8   -34.2   -41.9
  4867    30.6   -56.8    58.7     9.3   -34.0   -43.9
  4871    30.6   -60.9    58.7     9.6   -34.0   -44.7
  4875    30.6   -65.6    58.7     9.4   -34.0   -55.1
  4879    30.6   -70.1    58.8     9.5   -34.2   -57.7
  4883    30.5   -74.7    58.7     9.4   -33.3   -56.7
  4887    30.5   -78.9    58.7     9.7   -33.9   -62.9
  4891    30.5   -83.3    58.7     9.7   -33.5   -67.2
  4895    30.5   -87.9    58.8     9.6   -34.3   -74.6
  4898    30.4   -92.6    58.7     9.4   -34.1   -80.0
  4902    30.4   -96.6    58.7     9.8   -33.7   -83.4
  4906    30.4  -101.5    58.7     9.4   -33.8   -90.3
  4910    30.4  -105.5    58.8     9.9   -33.3   -93.5
  4914    30.3  -109.8    58.7    10.1   -33.8   -96.1
  4918    30.3  -114.3    58.7    10.0   -33.8   -95.8
  4922    30.3  -119.2    58.8     9.7   -34.2  -103.3
  4926    30.3  -123.4    58.8     9.9   -33.6  -112.1
  4930    30.2  -127.6    58.7    10.1   -33.3  -114.6
  4934    30.1  -132.5    58.7     9.6   -33.2  -117.1
  4938    30.2  -136.6    58.7    10.1   -33.1  -120.2
  4941    30.2  -141.5    58.8     9.7   -32.8  -118.1
  4945    30.2  -145.5    58.8    10.1   -33.6  -123.7
  4949    30.2  -150.3    58.9     9.8   -32.5  -130.3
  4953    30.1  -154.9    58.8     9.7   -33.3  -138.8
  4957    30.1  -159.0    58.8    10.1   -32.7  -137.6
  4961    30.0  -163.7    58.8     9.7   -32.7  -146.2
  4965    30.0  -167.9    58.9    10.0   -33.8  -148.3
  4969    30.0  -172.4    58.9    10.0   -33.2  -153.5
  4973    30.0  -176.8    58.9    10.1   -33.2  -158.2
  4977    29.9   179.5    58.8    10.8   -33.4  -164.9
  4980    29.9   174.6    58.8    10.4   -32.5  -171.0
  4984    29.9   170.2    58.9    10.5   -32.6  -171.6
  4988    29.8   165.8    58.8    10.5   -32.8  -171.5
  4992    29.8   161.3    58.8    10.4   -32.8  -177.1
  4996    29.8   156.9    58.8    10.4   -33.0   178.6
  5000    29.9   152.2    59.0    10.2   -33.4   176.7
  5004    29.8   148.3    58.9    10.7   -33.0   168.9
  5008    29.7   143.1    58.9    10.0   -32.9   166.9
  5012    29.8   139.0    59.0    10.5   -33.6   160.4
  5016    29.7   134.6    59.0    10.5   -33.2   158.7
  5020    29.7   130.3    59.0    10.6   -32.8   157.1
  5023    29.7   126.3    58.9    10.9   -33.0   148.9
  5027    29.7   121.5    59.0    10.7   -33.2   144.0
  5031    29.6   117.5    59.0    11.2   -33.2   141.8
  5035    29.6   113.2    58.9    11.3   -33.1   138.1
  5039    29.7   109.0    59.1    11.5   -32.8   133.1
  5043    29.5   104.0    59.0    10.9   -32.7   127.7
  5047    29.6    99.7    59.0    11.0   -32.9   124.4
  5051    29.6    95.3    59.1    11.1   -33.2   120.5
  5055    29.5    91.1    59.1    11.3   -33.0   114.4
  5059    29.5    85.9    59.1    10.6   -32.7   111.4
  5063    29.5    82.0    59.1    11.1   -33.3   107.0
  5066    29.4    78.0    59.1    11.5   -32.7   104.9
  5070    29.4    73.7    59.1    11.7   -33.1   102.4
  5074    29.5    69.0    59.2    11.4   -33.1    95.5
  5078    29.4    65.0    59.1    11.7   -32.9    91.4
  5082    29.4    60.3    59.1    11.4   -33.4    90.8
  5086    29.4    56.2    59.2    11.8   -32.7    85.1
  5090    29.3    51.7    59.1    11.7   -33.2    74.3
  5094    29.3    47.3    59.1    11.8   -33.1    77.6
  5098    29.3    42.7    59.2    11.5   -33.3    72.2
  5102    29.3    38.2    59.2    11.6   -33.2    62.5
  5105    29.3    34.2    59.2    12.0   -32.9    61.0
  5109    29.2    30.3    59.1    12.4   -33.2    57.3
  5113    29.1    25.8    59.1    12.3   -32.7    58.1
  5117    29.2    21.4    59.2    12.4   -33.4    52.2
  5121    29.1    17.0    59.2    12.3   -32.9    47.7
  5125    29.1    12.5    59.2    12.2   -33.5    42.3
  5129    29.1     8.0    59.2    12.2   -32.7    38.5
  5133    29.1     3.6    59.3    12.2   -32.9    33.7
  5137    29.0    -0.5    59.2    12.4   -33.1    32.1
  5141    29.0    -4.5    59.2    12.9   -33.0    29.2
  5145    29.0    -9.2    59.3    12.6   -33.1    21.8
  5148    29.0   -13.4    59.3    12.8   -33.1    20.9
  5152    29.0   -18.3    59.3    12.3   -33.2    11.9
  5156    29.0   -21.9    59.3    13.1   -34.3     6.9
  5160    29.0   -26.4    59.3    13.0   -32.9     9.8
  5164    28.9   -30.7    59.3    13.0   -33.4     3.6
  5168    28.8   -35.2    59.2    12.8   -33.2     2.2
  5172    28.8   -40.3    59.3    12.1   -33.3    -4.8
  5176    28.7   -43.8    59.2    13.0   -33.8   -11.4
  5180    28.8   -48.4    59.4    12.9   -33.4   -14.8
  5184    28.8   -53.0    59.4    12.7   -33.4   -18.0
  5188    28.7   -56.6    59.3    13.4   -33.1   -18.1
  5191    28.8   -60.7    59.4    13.9   -33.8   -26.3
  5195    28.7   -66.1    59.4    12.7   -34.0   -30.1
  5199    28.7   -69.7    59.4    13.6   -33.7   -32.1
  5203    28.7   -74.3    59.4    13.3   -33.6   -38.5
  5207    28.7   -78.5    59.5    13.6   -34.4   -37.6
  5211    28.6   -82.7    59.3    13.6   -33.8   -44.0
  5215    28.6   -87.4    59.4    13.3   -34.1   -51.5
  5219    28.5   -91.3    59.4    13.8   -33.8   -55.4
  5223    28.6   -96.2    59.5    13.3   -33.7   -52.2
  5227    28.5  -100.4    59.4    13.4   -34.1   -62.8
  5230    28.5  -104.8    59.5    13.5   -33.9   -62.5
  5234    28.5  -108.1    59.4    14.5   -33.8   -68.4
  5238    28.5  -113.1    59.5    13.8   -34.7   -71.9
  5242    28.3  -117.8    59.3    13.3   -33.9   -74.3
  5246    28.4  -122.2    59.5    13.6   -34.1   -80.9
  5250    28.4  -126.6    59.5    13.5   -34.1   -88.0
  5254    28.4  -130.3    59.5    14.2   -34.4   -89.9
  5258    28.3  -134.7    59.5    14.1   -33.9   -94.7
  5262    28.2  -139.1    59.4    14.0   -34.1   -98.8
  5266    28.2  -143.5    59.4    13.9   -35.3  -100.9
  5270    28.2  -147.9    59.5    13.9   -34.8  -104.9
  5273    28.2  -152.4    59.5    13.9   -34.7  -111.9
  5277    28.2  -156.6    59.6    14.1   -34.8  -119.3
  5281    28.1  -160.9    59.5    14.0   -34.9  -124.1
  5285    28.1  -165.4    59.5    13.9   -34.9  -117.9
  5289    28.1  -169.8    59.5    13.7   -34.9  -127.4
  5293    28.1  -173.7    59.5    14.3   -35.4  -126.5
  5297    28.1  -178.1    59.6    14.3   -35.3  -134.9
  5301    28.1   177.6    59.6    14.3   -35.1  -137.6
  5305    28.0   173.6    59.5    14.6   -35.4  -143.4
  5309    28.0   168.7    59.5    14.0   -34.9  -143.3
  5313    28.0   164.2    59.6    13.9   -35.3  -149.5
  5316    28.0   159.8    59.6    13.9   -36.2  -151.2
  5320    28.0   155.2    59.6    13.7   -35.7  -159.9
  5324    27.9   151.2    59.5    13.9   -35.6  -163.2
  5328    27.9   147.3    59.6    14.4   -35.3  -164.4
  5332    27.8   142.8    59.5    14.2   -36.5  -164.4
  5336    27.7   138.1    59.5    13.7   -36.4  -174.1
  5340    27.7   133.8    59.5    13.8   -35.9  -175.4
  5344    27.8   129.1    59.6    13.5   -35.3   173.7
  5348    27.8   125.6    59.6    14.4   -35.7   177.2
  5352    27.7   121.4    59.5    14.5   -36.2   174.3
  5355    27.7   116.7    59.6    14.2   -36.2   167.4
  5359    27.6   112.2    59.6    13.9   -36.7   158.0
  5363    27.6   107.9    59.6    13.9   -36.5   157.9
  5367    27.6   103.6    59.6    14.1   -36.7   151.5
  5371    27.7    99.0    59.7    13.9   -36.8   145.5
  5375    27.6    95.3    59.6    14.5   -36.9   145.9
  5379    27.5    90.9    59.6    14.2   -36.5   144.2
  5383    27.5    85.7    59.6    13.3   -36.9   138.4
  5387    27.4    81.8    59.6    13.7   -36.5   133.1
  5391    27.4    77.7    59.6    14.1   -36.0   133.2
  5395    27.5    72.9    59.7    13.7   -36.9   130.3
  5398    27.4    68.9    59.6    14.0   -37.5   118.8
  5402    27.3    64.5    59.6    13.7   -37.7   119.1
  5406    27.3    60.0    59.6    13.7   -36.9   108.0
  5410    27.3    55.3    59.7    13.3   -36.9   109.6
  5414    27.3    51.2    59.7    13.6   -37.9   103.5
  5418    27.3    47.1    59.7    13.8   -38.0   100.6
  5422    27.2    42.8    59.6    13.7   -37.1   100.0
  5426    27.2    38.4    59.6    13.6   -38.0    89.9
  5430    27.2    34.0    59.6    13.5   -39.0    89.6
  5434    27.2    29.5    59.7    13.5   -37.3    85.1
  5438    27.2    25.2    59.7    13.4   -37.8    80.1
  5441    27.2    20.6    59.8    13.2   -37.9    76.6
  5445    27.0    16.8    59.6    13.6   -37.7    75.5
  5449    27.1    12.4    59.7    13.5   -39.1    66.7
  5453    27.0     7.7    59.7    13.0   -38.3    66.6
  5457    27.0     2.9    59.7    12.6   -37.7    56.6
  5461    27.0    -0.9    59.7    13.2   -38.9    54.8
  5465    27.0    -5.1    59.7    13.4   -38.5    55.7
  5469    27.0    -9.5    59.7    13.3   -38.4    50.1
  5473    26.9   -13.6    59.7    13.3   -38.9    40.4
  5477    26.9   -18.6    59.7    12.6   -38.2    41.6
  5480    26.9   -23.1    59.8    12.5   -38.2    36.3
  5484    26.9   -27.1    59.8    13.0   -39.4    39.2
  5488    26.9   -31.3    59.8    13.0   -38.6    26.9
  5492    26.8   -35.2    59.7    13.4   -40.6    21.1
  5496    26.8   -39.8    59.7    13.1   -38.0    23.4
  5500    26.7   -44.6    59.7    12.3   -39.5    16.5
  5504    26.8   -49.1    59.8    12.3   -39.3    14.1
  5508    26.7   -53.1    59.8    12.7   -38.7     4.0
  5512    26.7   -57.3    59.8    12.8   -39.8     3.2
  5516    26.7   -61.9    59.8    12.4   -40.1     2.3
  5520    26.6   -66.3    59.7    12.2   -40.3    -9.5
  5523    26.6   -70.5    59.7    12.3   -40.1    -7.2
  5527    26.6   -75.0    59.8    12.4   -39.1   -16.2
  5531    26.6   -79.2    59.8    12.5   -39.4   -21.4
  5535    26.6   -83.4    59.8    12.5   -40.7   -23.4
  5539    26.5   -87.7    59.7    12.3   -39.8   -24.6
  5543    26.5   -92.3    59.8    12.1   -40.4   -31.3
  5547    26.4   -96.9    59.8    11.7   -41.0   -38.1
  5551    26.5  -101.2    59.9    11.9   -39.9   -44.9
  5555    26.5  -105.3    59.8    12.1   -40.8   -47.0
  5559    26.4  -109.6    59.8    12.0   -40.8   -49.8
  5563    26.4  -114.0    59.8    11.9   -40.9   -46.4
  5566    26.3  -118.6    59.8    11.6   -42.1   -54.1
  5570    26.4  -123.1    59.9    11.4   -41.1   -58.8
  5574    26.3  -127.5    59.9    11.4   -41.3   -67.4
  5578    26.4  -131.4    59.9    11.9   -41.4   -65.6
  5582    26.3  -135.8    59.9    11.7   -41.9   -72.0
  5586    26.2  -140.1    59.8    11.5   -42.2   -76.4
  5590    26.2  -144.9    59.9    11.0   -42.0   -89.7
  5594    26.2  -149.3    59.9    11.1   -41.1   -89.6
  5598    26.2  -153.7    60.0    11.1   -40.9   -97.6
  5602    26.2  -157.7    59.9    11.3   -41.7   -94.7
  5605    26.2  -162.0    59.9    11.1   -43.2  -100.3
  5609    26.1  -166.6    59.9    10.7   -43.4  -113.7
  5613    26.1  -171.0    59.9    10.6   -43.2  -121.0
  5617    26.1  -175.5    60.0    10.6   -43.2  -116.2
  5621    26.1  -179.6    60.0    10.8   -42.7  -108.9
  5625    26.1   176.1    60.0    10.9   -43.4  -119.2
  5629    26.0   171.7    60.0    10.7   -45.0  -122.7
  5633    26.0   167.2    59.9    10.2   -43.9  -141.1
  5637    26.0   162.7    60.0    10.0   -43.1  -147.7
  5641    26.0   158.4    60.0    10.2   -42.6  -138.8
  5645    26.0   154.2    60.0    10.4   -45.3  -132.8
  5648    25.9   150.0    60.0    10.4   -45.0  -146.4
  5652    25.8   145.7    59.9    10.2   -48.9  -160.2
  5656    25.8   141.2    60.0     9.9   -45.1  -167.0
  5660    25.8   136.7    60.0     9.8   -44.9  -162.6
  5664    25.9   132.4    60.1    10.1   -44.5  -164.1
  5668    25.8   128.2    60.0    10.1   -46.9  -170.9
  5672    25.8   124.1    60.0    10.1   -47.6   172.1
  5676    25.7   119.7    60.0     9.9   -47.7   161.6
  5680    25.7   115.1    60.0     9.5   -45.9   163.3
  5684    25.7   110.8    60.1     9.7   -46.1   168.7
  5688    25.7   106.7    60.1    10.1   -45.2   177.1
  5691    25.7   102.5    60.0    10.1   -49.9   159.1
  5695    25.6    98.2    60.0     9.9   -50.2   138.5
  5699    25.6    93.7    60.0     9.5   -49.8   136.7
  5703    25.6    89.3    60.0     9.5   -49.7   141.9
  5707    25.6    85.0    60.1     9.8   -48.4   167.6
  5711    25.6    80.8    60.1    10.0   -50.7   170.3
  5715    25.5    76.6    60.1    10.0   -51.9   172.9
  5719    25.5    72.3    60.0     9.8   -51.4    23.3
  5723    25.5    67.8    60.1     9.5   -51.5    75.0
  5727    25.5    63.4    60.1     9.5   -51.1    75.2
  5730    25.5    59.1    60.2     9.8   -58.7   138.4
  5734    25.5    55.0    60.1    10.1   -61.7   155.2
  5738    25.4    50.8    60.1    10.0   -56.1   -67.4
  5742    25.4    46.4    60.1     9.6   -49.8   -25.0
  5746    25.4    41.9    60.2     9.5   -47.6    -9.9
  5750    25.4    37.6    60.2     9.7   -55.3   -31.5
  5754    25.4    33.5    60.2    10.1   -53.8   -96.8
  5758    25.3    29.3    60.2    10.2   -46.3   -82.3
  5762    25.3    24.9    60.1     9.8   -42.6   -71.7
  5766    25.3    20.4    60.2     9.6   -41.4   -67.5
  5770    25.3    16.1    60.3     9.7   -44.9   -65.6
  5773    25.3    11.9    60.3    10.1   -44.0   -95.1
  5777    25.3     7.7    60.3    10.3   -42.0  -116.9
  5781    25.2     3.4    60.2    10.2   -37.7  -108.1
  5785    25.2    -1.0    60.2     9.9   -37.0  -102.4
  5789    25.2    -5.4    60.3     9.8   -37.3  -105.2
  5793    25.2    -9.6    60.3    10.1   -37.3  -115.7
  5797    25.1   -13.8    60.3    10.5   -36.3  -129.4
  5801    25.1   -18.1    60.3    10.4   -34.2  -136.9
  5805    25.1   -22.4    60.3    10.1   -32.5  -136.6
  5809    25.1   -26.7    60.3    10.0   -31.2  -137.0
  5813    25.1   -31.1    60.4    10.2   -32.1  -147.3
  5816    25.0   -35.2    60.4    10.6   -31.5  -158.0
  5820    25.0   -39.4    60.4    10.9   -29.5  -167.9
  5824    25.0   -43.7    60.4    10.5   -27.7  -168.8
  5828    24.9   -48.1    60.4    10.3   -27.0  -174.7
  5832    24.9   -52.3    60.5    10.5   -26.7   178.3
  5836    24.9   -56.5    60.5    10.9   -26.4   166.9
  5840    24.9   -60.6    60.5    11.4   -25.5   155.2
  5844    24.9   -64.9    60.4    11.5   -23.9   149.5
  5848    24.8   -69.2    60.5    11.1   -22.9   143.6
  5852    24.8   -73.3    60.6    11.3   -23.0   135.4
  5855    24.8   -77.4    60.6    11.9   -22.7   124.6
  5859    24.8   -81.5    60.7    12.8   -21.9   112.2
  5863    24.7   -85.5    60.7    13.4   -20.9   101.0
  5867    24.7   -89.7    60.7    13.6   -20.0    93.2
  5871    24.7   -93.6    60.8    14.2   -19.8    82.7
  5875    24.7   -97.3    61.0    15.3   -19.9    69.9
  5879    24.6  -100.9    61.1    17.1   -19.4    55.7
  5883    24.5  -104.5    61.2    18.7   -18.8    43.0
  5887    24.5  -108.2    61.3    19.8   -18.4    32.3
  5891    24.4  -111.5    61.5    21.1   -18.2    21.6
  5895    24.4  -114.5    61.7    22.3   -18.0     9.1
  5898    24.4  -117.5    62.0    23.7   -17.9    -3.1
  5902    24.3  -120.8    62.2    24.6   -17.6   -12.9
  5906    24.3  -124.4    62.2    24.8   -17.3   -20.6
  5910    24.3  -128.0    62.3    24.4   -17.4   -28.8
  5914    24.4  -131.5    62.5    23.6   -17.4   -37.7
  5918    24.5  -135.3    62.7    22.1   -17.4   -47.2
  5922    24.6  -139.7    62.7    20.6   -17.5   -54.5
  5926    24.6  -144.7    62.6    19.1   -17.6   -60.9
  5930    24.6  -150.1    62.3    17.0   -17.7   -65.9
  5934    24.7  -155.4    62.2    14.7   -18.2   -73.1
  5938    24.9  -160.5    62.3    12.0   -18.8   -82.1
  5941    25.0  -165.5    62.3    10.3   -19.1   -89.9
  5945    25.0  -170.7    62.1     9.4   -19.3   -95.2
  5949    24.9  -176.0    61.8     8.7   -19.7   -99.8
  5953    24.9   178.6    61.6     7.2   -20.3  -104.2
  5957    25.0   173.7    61.6     5.6   -20.9  -113.6
  5961    25.1   169.2    61.7     4.7   -21.1  -121.3
  5965    25.0   164.7    61.7     4.9   -21.4  -127.8
  5969    24.9   160.0    61.4     5.3   -21.6  -129.4
  5973    24.8   154.9    61.2     4.7   -22.4  -133.3
  5977    24.9   149.9    61.2     3.5   -22.8  -142.1
  5980    25.0   145.7    61.3     3.1   -23.3  -149.6
  5984    25.0   141.6    61.4     3.3   -23.6  -156.1
  5988    24.8   137.4    61.2     4.3   -23.4  -157.8
  5992    24.7   132.7    61.0     4.5   -24.0  -159.6
  5996    24.7   127.7    60.9     3.6   -24.9  -164.6
  6000    24.8   123.3    61.1     2.8   -25.3  -175.4
  6004    24.9   119.5    61.2     3.0   -25.2   179.9
  6008    24.7   115.5    61.1     4.0   -25.3   176.8
  6012    24.5   111.0    60.9     4.7   -25.7   178.9
  6016    24.5   105.9    60.8     3.9   -26.6   175.3
  6020    24.6   101.4    60.8     3.3   -27.3   166.1
  6023    24.7    97.4    61.1     2.9   -27.0   159.0
  6027    24.7    93.8    61.1     3.9   -26.9   157.9
  6031    24.4    89.5    60.9     4.8   -27.0   159.6
  6035    24.4    84.6    60.7     4.6   -28.0   161.2
  6039    24.4    79.9    60.7     3.7   -29.0   151.8
  6043    24.6    75.6    60.9     3.1   -28.9   138.8
  6047    24.6    72.2    61.0     4.0   -28.2   138.1
  6051    24.4    68.2    60.9     5.1   -28.3   141.9
  6055    24.2    63.4    60.6     5.1   -28.6   143.3
  6059    24.3    58.3    60.6     4.0   -30.5   140.0
  6063    24.4    54.0    60.8     3.4   -30.7   129.3
  6066    24.5    50.3    61.0     3.7   -29.9   123.9
  6070    24.3    46.7    60.9     4.9   -29.3   125.2
  6074    24.1    42.0    60.7     5.2   -29.9   132.7
  6078    24.1    36.9    60.6     4.5   -30.6   130.7
  6082    24.2    32.3    60.6     3.6   -31.6   118.6
  6086    24.4    28.6    60.9     3.6   -31.2   107.1
  6090    24.3    25.1    60.9     4.7   -30.2   106.0
  6094    24.1    20.8    60.7     5.5   -29.7   115.0
  6098    24.0    15.8    60.5     5.1   -30.6   119.7
  6102    24.0    10.8    60.6     3.9   -31.7   116.8
  6105    24.2     6.8    60.8     3.5   -32.5   100.2
  6109    24.3     3.7    60.9     4.5   -31.0    92.4
  6113    24.0    -0.3    60.7     5.6   -29.5    97.7
  6117    23.9    -5.1    60.5     5.5   -29.8   103.9
  6121    23.9   -10.3    60.5     4.3   -31.6   102.2
  6125    24.1   -14.7    60.7     3.6   -32.5    93.8
  6129    24.2   -18.1    60.9     4.3   -31.5    79.1
  6133    24.1   -21.9    60.8     5.1   -30.0    79.9
  6137    23.8   -26.3    60.6     5.7   -29.5    87.2
  6141    23.8   -31.6    60.5     4.6   -30.9    92.6
  6145    24.0   -36.1    60.7     3.8   -33.1    86.9
  6148    24.1   -39.9    60.8     4.0   -32.7    66.2
  6152    24.0   -43.5    60.8     4.8   -29.8    62.5
  6156    23.8   -47.6    60.6     5.7   -29.1    73.5
  6160    23.7   -52.9    60.5     4.8   -29.4    78.7
  6164    23.8   -57.7    60.6     3.9   -31.4    69.9
  6168    24.0   -61.5    60.8     3.7   -32.6    52.5
  6172    24.0   -65.1    60.9     4.5   -30.8    44.0
  6176    23.9   -69.0    60.8     5.3   -28.6    49.0
  6180    23.7   -73.9    60.5     5.1   -28.9    56.1
  6184    23.7   -79.0    60.5     4.1   -30.8    59.5
  6188    23.9   -83.3    60.8     3.5   -31.9    43.8
  6191    24.0   -86.5    60.9     4.4   -30.8    28.5
  6195    23.8   -90.4    60.8     5.1   -29.1    30.9
  6199    23.7   -95.2    60.6     5.1   -28.3    37.5
  6203    23.6  -100.3    60.6     4.3   -29.1    38.8
  6207    23.8  -104.7    60.7     3.6   -30.9    30.9
  6211    24.0  -108.5    60.9     3.7   -30.5    16.7
  6215    23.8  -112.1    60.8     4.7   -29.0    12.2
  6219    23.7  -116.6    60.7     4.9   -27.8    16.6
  6223    23.6  -121.6    60.6     4.3   -28.1    19.5
  6227    23.7  -126.1    60.7     3.7   -29.9    17.8
  6230    23.9  -130.3    60.9     3.3   -30.6     2.5
  6234    23.9  -133.5    61.0     4.5   -29.4    -5.5
  6238    23.6  -138.4    60.7     4.5   -27.8    -4.5
  6242    23.6  -142.7    60.7     4.5   -27.8     2.6
  6246    23.7  -147.5    60.7     3.7   -28.8    -0.2
  6250    23.9  -151.7    61.0     3.2   -30.2   -11.5
  6254    23.8  -155.6    61.0     3.7   -29.3   -22.9
  6258    23.7  -159.6    60.8     4.4   -27.8   -23.1
  6262    23.5  -164.2    60.7     4.3   -27.0   -20.2
  6266    23.7  -169.4    60.8     3.1   -28.3   -17.5
  6270    23.8  -173.2    61.0     3.1   -29.8   -26.7
  6273    23.9  -176.9    61.0     3.7   -29.2   -39.1
  6277    23.7   179.1    60.9     4.2   -27.7   -43.0
  6281    23.5   174.5    60.7     4.3   -26.9   -41.8
  6285    23.7   170.0    60.9     3.8   -28.1   -37.7
  6289    23.8   165.2    61.0     3.0   -29.0   -45.8
  6293    23.9   161.5    61.1     3.4   -29.2   -56.6
  6297    23.7   157.2    61.0     3.7   -27.7   -59.4
  6301    23.6   152.9    60.9     3.8   -26.8   -60.8
  6305    23.6   148.3    60.9     3.5   -27.6   -60.5
  6309    23.8   144.0    61.0     3.2   -28.2   -64.1
  6313    23.8   140.2    61.1     3.5   -28.4   -73.1
  6316    23.7   135.8    61.1     3.5   -27.4   -82.1
  6320    23.6   131.5    60.9     3.8   -26.5   -79.6
  6324    23.6   126.8    60.9     3.3   -26.9   -78.6
  6328    23.7   122.6    61.1     3.1   -27.7   -82.3
  6332    23.8   118.4    61.2     3.1   -28.6   -92.6
  6336    23.8   114.4    61.2     3.4   -27.7   -97.3
  6340    23.6   110.1    61.0     3.6   -26.5  -100.3
  6344    23.6   105.4    61.0     3.3   -26.4   -99.2
  6348    23.7   101.3    61.1     3.2   -27.4  -101.5
  6352    23.9    97.2    61.3     3.3   -28.2  -109.2
  6355    23.8    93.3    61.2     3.7   -27.0  -117.3
  6359    23.6    88.9    61.1     3.7   -26.3  -118.9
  6363    23.6    84.3    61.0     3.5   -26.0  -118.8
  6367    23.7    79.9    61.1     3.2   -27.1  -119.9
  6371    23.8    75.3    61.3     2.7   -27.6  -130.3
  6375    23.8    72.1    61.3     3.8   -27.0  -135.7
  6379    23.7    67.5    61.2     3.7   -25.9  -138.9
  6383    23.7    62.9    61.2     3.3   -25.9  -138.0
  6387    23.7    58.8    61.2     3.3   -26.4  -140.9
  6391    23.8    54.5    61.4     3.2   -27.3  -149.1
  6395    23.8    50.3    61.3     3.3   -26.7  -156.2
  6398    23.7    45.9    61.2     3.4   -25.7  -158.8
  6402    23.7    41.8    61.2     3.5   -25.6  -159.3
  6406    23.8    37.4    61.4     3.2   -26.8  -161.4
  6410    23.8    33.4    61.4     3.5   -27.0  -169.3
  6414    23.8    28.9    61.4     3.3   -26.7  -172.8
  6418    23.7    24.6    61.3     3.4   -25.6  -178.1
  6422    23.7    20.6    61.3     3.6   -25.4  -178.8
  6426    23.8    16.2    61.4     3.5   -26.1   179.1
  6430    23.8    12.3    61.5     3.7   -26.9   172.0
  6434    23.8     7.9    61.4     3.7   -26.0   164.8
  6438    23.8     3.9    61.4     4.0   -25.7   162.0
  6441    23.7    -0.7    61.4     3.7   -25.1   159.6
  6445    23.8    -5.3    61.5     3.3   -26.0   160.0
  6449    23.9    -9.0    61.5     3.8   -26.3   151.7
  6453    23.8   -13.3    61.5     3.8   -26.0   146.0
  6457    23.7   -18.0    61.4     3.4   -25.4   141.9
  6461    23.7   -22.2    61.4     3.6   -24.9   140.9
  6465    23.7   -26.7    61.4     3.3   -25.4   138.3
  6469    23.8   -29.9    61.6     4.3   -25.9   132.2
  6473    23.8   -34.4    61.5     4.0   -25.7   125.3
  6477    23.7   -38.9    61.4     4.0   -25.0   120.9
  6480    23.7   -43.3    61.4     3.8   -24.7   119.0
  6484    23.7   -47.8    61.5     3.6   -25.1   117.4
  6488    23.9   -51.3    61.6     4.3   -25.8   111.5
  6492    23.8   -55.5    61.5     4.3   -25.5   105.6
  6496    23.7   -59.7    61.5     4.4   -24.8   101.0
  6500    23.7   -64.5    61.5     4.0   -24.4    99.1
  6504    23.7   -68.5    61.5     4.2   -24.9    97.0
  6508    23.8   -72.3    61.6     4.6   -25.5    92.3
  6512    23.9   -76.9    61.7     4.3   -25.2    84.5
  6516    23.8   -81.3    61.6     4.3   -24.5    79.2
  6520    23.6   -84.6    61.5     5.3   -23.9    79.6
  6523    23.8   -88.6    61.6     5.5   -24.6    76.2
  6527    23.9   -93.4    61.7     4.9   -25.2    70.8
  6531    23.8   -97.6    61.7     5.0   -24.9    66.2
  6535    23.7  -101.9    61.5     5.1   -24.1    61.2
  6539    23.6  -106.0    61.5     5.3   -23.7    59.2
  6543    23.7  -109.7    61.6     5.8   -24.2    57.5
  6547    23.9  -114.1    61.7     5.6   -24.7    50.6
  6551    23.8  -119.4    61.7     4.6   -24.5    43.4
  6555    23.7  -122.9    61.6     5.3   -23.7    40.9
  6559    23.6  -126.3    61.5     6.4   -23.6    38.1
  6563    23.8  -130.8    61.7     6.0   -24.1    35.4
  6566    23.8  -134.8    61.7     6.3   -24.6    31.5
  6570    23.7  -138.8    61.7     6.5   -23.9    23.3
  6574    23.6  -143.3    61.6     6.4   -23.4    19.8
  6578    23.6  -147.9    61.6     6.1   -23.4    18.3
  6582    23.6  -151.6    61.6     6.6   -23.8    15.4
  6586    23.7  -156.0    61.6     6.5   -23.9     9.5
  6590    23.7  -159.9    61.7     6.8   -24.0     1.8
  6594    23.6  -163.5    61.5     7.6   -23.2    -0.8
  6598    23.6  -168.1    61.6     7.1   -23.3    -1.2
  6602    23.7  -172.0    61.7     7.7   -23.8    -5.2
  6605    23.7  -176.3    61.8     7.5   -24.1   -11.8
  6609    23.7   179.2    61.7     7.3   -23.6   -18.5
  6613    23.6   175.0    61.6     7.4   -22.8   -20.6
  6617    23.6   171.7    61.6     8.4   -22.8   -23.4
  6621    23.6   167.1    61.7     8.0   -23.3   -27.9
  6625    23.6   162.8    61.6     8.1   -23.6   -33.2
  6629    23.7   159.3    61.7     8.9   -23.1   -39.2
  6633    23.5   155.0    61.6     8.7   -22.6   -41.4
  6637    23.5   150.9    61.5     8.9   -22.7   -44.7
  6641    23.6   146.6    61.7     9.0   -23.0   -47.3
  6645    23.7   142.3    61.7     8.9   -23.3   -54.2
  6648    23.5   138.3    61.6     9.2   -22.8   -59.9
  6652    23.4   133.9    61.5     9.1   -22.3   -62.4
  6656    23.5   130.5    61.6    10.0   -22.6   -64.5
  6660    23.6   126.2    61.7     9.9   -23.1   -68.1
  6664    23.6   121.4    61.7     9.5   -23.3   -74.2
  6668    23.5   118.0    61.5    10.2   -22.2   -80.2
  6672    23.3   113.2    61.4     9.7   -21.7   -82.1
  6676    23.4   109.6    61.5    10.5   -22.5   -85.1
  6680    23.5   105.3    61.6    10.4   -23.1   -89.0
  6684    23.5   101.4    61.6    10.9   -22.6   -96.5
  6688    23.4    97.5    61.5    11.2   -22.2  -101.4
  6691    23.3    92.9    61.4    10.8   -21.7  -102.9
  6695    23.3    89.6    61.5    11.8   -22.2  -106.2
  6699    23.5    84.9    61.6    11.4   -22.8  -110.4
  6703    23.4    80.5    61.5    11.3   -22.5  -117.0
  6707    23.3    76.1    61.5    11.0   -21.9  -120.3
  6711    23.2    73.3    61.3    12.6   -21.6  -124.2
  6715    23.2    68.9    61.4    12.5   -21.8  -126.5
  6719    23.4    64.7    61.5    12.6   -22.4  -131.4
  6723    23.4    60.4    61.5    12.5   -22.1  -138.3
  6727    23.1    55.9    61.3    12.3   -21.3  -141.9
  6730    23.1    51.7    61.3    12.3   -21.2  -144.6
  6734    23.2    47.6    61.3    12.5   -21.5  -147.8
  6738    23.3    43.4    61.5    12.7   -22.3  -152.9
  6742    23.3    39.3    61.4    12.7   -21.7  -158.8
  6746    23.0    34.9    61.2    12.6   -21.1  -162.9
  6750    23.0    31.2    61.2    13.2   -21.1  -164.8
  6754    23.1    27.0    61.3    13.3   -21.6  -167.7
  6758    23.2    23.2    61.4    13.9   -22.0  -175.4
  6762    23.0    19.0    61.2    13.9   -21.2   179.7
  6766    22.8    15.3    60.9    14.2   -20.5   176.0
  6770    22.9    10.7    61.1    14.1   -20.8   173.8
  6773    23.0     6.4    61.2    14.0   -21.5   169.3
  6777    23.0     2.6    61.1    14.6   -21.4   164.7
  6781    22.9    -1.4    61.0    14.7   -20.7   159.1
  6785    22.8    -5.4    61.0    15.0   -20.6   156.0
  6789    22.9    -9.7    61.0    15.1   -21.0   153.3
  6793    22.9   -14.0    61.0    15.1   -21.4   148.7
  6797    22.9   -18.2    61.0    15.1   -21.2   142.6
  6801    22.7   -22.1    60.9    15.4   -20.5   138.2
  6805    22.6   -26.3    60.7    15.4   -20.3   135.8
  6809    22.6   -30.6    60.8    15.5   -20.7   133.3
  6813    22.8   -34.5    60.9    15.9   -21.0   127.7
  6816    22.7   -40.0    60.8    14.5   -20.7   122.4
  6820    22.5   -43.0    60.6    15.7   -20.0   118.0
  6824    22.5   -47.6    60.6    15.5   -20.3   115.2
  6828    22.6   -51.7    60.8    15.8   -20.7   112.3
  6832    22.7   -55.6    60.9    16.2   -21.1   106.2
  6836    22.5   -59.8    60.7    16.2   -20.5   101.4
  6840    22.3   -63.8    60.4    16.2   -19.7    98.1
  6844    22.3   -67.8    60.5    16.6   -20.1    95.4
  6848    22.4   -72.5    60.5    16.3   -20.4    91.6
  6852    22.4   -76.0    60.6    17.2   -20.5    85.2
  6855    22.3   -80.8    60.4    16.4   -20.0    80.1
  6859    22.1   -84.6    60.3    16.8   -19.8    77.2
  6863    22.3   -88.4    60.4    17.4   -20.1    75.6
  6867    22.4   -93.5    60.5    16.7   -20.5    69.8
  6871    22.4   -97.3    60.5    17.1   -20.5    64.5
  6875    22.1  -101.5    60.2    16.9   -19.8    60.3
  6879    22.0  -105.4    60.1    17.2   -19.5    57.7
  6883    22.1  -110.1    60.2    17.1   -20.0    54.7
  6887    22.2  -113.7    60.3    17.9   -20.1    48.1
  6891    22.1  -118.4    60.2    17.3   -19.9    42.8
  6895    21.8  -122.7    59.9    17.0   -19.3    40.5
  6898    21.9  -126.7    60.0    17.5   -19.6    37.4
  6902    22.0  -131.2    60.1    17.4   -20.1    33.9
  6906    22.0  -135.2    60.1    17.7   -20.1    28.1
  6910    21.9  -139.0    60.0    17.9   -19.6    22.7
  6914    21.6  -143.3    59.7    17.7   -19.1    19.8
  6918    21.7  -147.8    59.8    17.7   -19.5    18.0
  6922    21.9  -151.9    60.0    18.0   -19.9    13.1
  6926    21.8  -155.9    59.9    18.1   -19.8     7.3
  6930    21.6  -160.4    59.7    17.7   -19.3     2.9
  6934    21.6  -164.7    59.7    17.7   -19.4     0.4
  6938    21.7  -169.2    59.8    17.6   -19.7    -1.7
  6941    21.8  -173.6    59.8    17.6   -19.8    -8.5
  6945    21.6  -177.6    59.7    17.7   -19.6   -13.4
  6949    21.4   178.1    59.5    17.4   -19.0   -16.8
  6953    21.4   173.2    59.5    16.8   -19.1   -19.3
  6957    21.6   169.1    59.6    17.3   -19.5   -22.3
  6961    21.6   165.9    59.6    18.5   -19.8   -29.0
  6965    21.4   161.3    59.4    17.7   -19.2   -33.5
  6969    21.2   156.8    59.2    17.2   -18.8   -35.9
  6973    21.3   152.1    59.3    17.0   -19.1   -38.0
  6977    21.5   148.3    59.5    17.9   -19.6   -43.3
  6980    21.4   144.0    59.4    17.8   -19.3   -49.8
  6984    21.1   139.6    59.1    17.2   -18.8   -53.2
  6988    21.1   135.4    59.1    17.3   -18.8   -55.1
  6992    21.1   130.9    59.1    17.3   -19.0   -58.3
  6996    21.4   126.4    59.4    17.3   -19.6   -63.2
  7000    21.2   123.0    59.1    17.9   -18.9   -69.8
  7004    20.9   118.5    58.9    17.2   -18.6   -73.0
  7008    21.0   113.4    59.0    16.7   -18.9   -74.8
  7012    21.1   108.8    59.2    16.5   -19.2   -78.7
  7016    21.1   104.8    59.1    16.8   -19.3   -85.0
  7020    20.9   100.8    58.9    16.7   -18.7   -89.1
  7023    20.8    96.5    58.7    16.4   -18.4   -91.3
  7027    20.9    91.7    58.9    16.3   -18.7   -93.4
  7031    21.1    87.7    59.0    16.9   -19.2   -98.9
  7035    20.9    83.4    58.9    16.5   -18.8  -104.6
  7039    20.7    78.9    58.7    15.9   -18.4  -108.7
  7043    20.6    74.0    58.6    15.2   -18.3  -110.4
  7047    20.9    69.8    58.9    15.9   -18.9  -113.8
  7051    20.9    66.2    58.8    16.6   -18.9  -119.8
  7055    20.7    61.7    58.7    15.9   -18.6  -124.7
  7059    20.5    56.6    58.5    14.7   -18.3  -127.1
  7063    20.7    52.2    58.7    15.1   -18.6  -129.1
  7066    20.8    48.1    58.7    15.5   -18.9  -133.5
  7070    20.7    44.1    58.6    15.5   -18.7  -140.6
  7074    20.4    39.4    58.4    14.5   -18.2  -144.1
  7078    20.4    34.6    58.4    13.8   -18.1  -145.6
  7082    20.6    30.1    58.6    14.3   -18.7  -149.1
  7086    20.7    26.1    58.6    14.7   -18.9  -154.9
  7090    20.5    22.3    58.4    14.8   -18.5  -160.8
  7094    20.4    17.5    58.3    13.9   -18.2  -162.6
  7098    20.4    12.4    58.4    13.3   -18.3  -164.7
  7102    20.6     8.6    58.6    14.4   -18.8  -168.9
  7105    20.5     4.3    58.4    13.9   -18.6  -175.0
  7109    20.3    -0.4    58.2    12.9   -18.1  -179.0
  7113    20.2    -5.5    58.2    12.0   -18.1   179.0
  7117    20.4   -10.0    58.4    12.4   -18.4   176.8
  7121    20.5   -13.8    58.4    13.0   -18.8   170.8
  7125    20.3   -17.6    58.2    13.0   -18.3   165.2
  7129    20.1   -22.4    58.1    12.1   -18.0   162.8
  7133    20.2   -27.4    58.2    11.6   -18.2   160.5
  7137    20.4   -31.8    58.4    12.2   -18.7   156.1
  7141    20.3   -35.4    58.3    12.6   -18.5   150.1
  7145    20.1   -39.8    58.0    11.8   -18.1   145.8
  7148    20.1   -45.3    58.1    10.5   -18.0   145.3
  7152    20.2   -49.6    58.2    11.1   -18.4   141.3
  7156    20.3   -53.4    58.3    11.8   -18.6   136.4
  7160    20.2   -57.2    58.1    11.9   -18.2   130.0
  7164    20.0   -62.1    58.0    10.7   -18.0   128.2
  7168    20.1   -67.4    58.1     9.9   -18.1   125.9
  7172    20.3   -71.6    58.2    10.7   -18.5   121.6
  7176    20.2   -75.4    58.1    11.0   -18.5   115.9
  7180    20.0   -80.0    57.9     9.8   -18.0   111.1
  7184    19.9   -85.1    57.9     8.9   -17.9   109.1
  7188    20.1   -89.7    58.2     9.5   -18.3   107.0
  7191    20.1   -93.4    58.1    10.1   -18.4   100.5
  7195    20.0   -97.5    57.9     9.7   -18.3    95.3
  7199    19.9  -102.4    57.9     8.6   -17.9    92.4
  7203    20.0  -107.5    58.0     8.2   -18.0    91.0
  7207    20.1  -111.5    58.2     9.2   -18.5    86.9
  7211    20.1  -115.2    58.1     9.6   -18.5    79.9
  7215    19.9  -119.9    57.8     8.4   -18.0    76.4
  7219    19.9  -125.2    57.9     7.3   -18.0    75.0
  7223    20.1  -129.8    58.2     7.8   -18.4    71.9
  7227    20.1  -133.1    58.1     8.8   -18.5    66.2
  7230    19.9  -137.6    57.9     8.1   -18.3    60.5
  7234    19.8  -142.6    57.9     6.9   -18.0    57.6
  7238    20.0  -147.3    58.1     7.1   -18.2    56.4
  7242    20.1  -151.2    58.1     7.9   -18.6    51.2
  7246    20.0  -154.8    58.0     8.4   -18.3    45.8
  7250    19.9  -159.7    57.9     7.2   -18.1    41.3
  7254    19.9  -164.8    58.0     6.4   -18.1    40.2
  7258    20.1  -169.2    58.1     7.1   -18.5    36.8
  7262    20.1  -173.0    58.1     7.5   -18.5    30.0
  7266    19.9  -177.3    57.9     6.8   -18.4    25.6
  7270    19.8   177.5    57.9     5.7   -18.1    23.5
  7273    20.0   172.7    58.1     5.9   -18.3    21.3
  7277    20.1   169.3    58.2     7.3   -18.7    15.9
  7281    20.0   165.3    58.0     7.1   -18.5    10.2
  7285    19.9   160.1    57.9     5.4   -18.2     6.2
  7289    19.9   154.8    58.1     4.8   -18.3     5.9
  7293    20.1   151.0    58.2     6.0   -18.7     0.7
  7297    20.1   147.6    58.1     6.9   -18.7    -4.8
  7301    19.9   142.6    58.0     5.4   -18.4    -8.9
  7305    19.9   137.6    58.0     4.4   -18.3   -11.1
  7309    20.1   133.1    58.2     5.2   -18.6   -13.6
  7313    20.1   129.5    58.2     6.3   -18.8   -20.2
  7316    20.0   125.4    58.0     5.7   -18.6   -25.0
  7320    19.9   120.1    58.0     4.2   -18.3   -28.4
  7324    20.0   115.2    58.2     4.1   -18.3   -29.6
  7328    20.2   111.5    58.3     5.7   -18.8   -35.2
  7332    20.1   107.8    58.1     5.9   -19.0   -41.2
  7336    19.9   102.8    58.1     4.3   -18.7   -45.1
  7340    20.0    97.7    58.2     3.7   -18.4   -46.7
  7344    20.1    93.5    58.3     4.6   -18.7   -49.5
  7348    20.2    90.0    58.2     5.6   -19.0   -55.3
  7352    20.0    85.4    58.1     4.5   -18.8   -60.9
  7355    20.0    80.3    58.1     3.4   -18.5   -62.7
  7359    20.1    75.9    58.3     4.1   -18.7   -65.3
  7363    20.2    72.2    58.3     5.3   -19.0   -70.4
  7367    20.1    68.3    58.1     5.0   -18.9   -76.6
  7371    20.0    63.1    58.1     3.6   -18.6   -79.2
  7375    20.1    57.9    58.3     3.2   -18.8   -81.8
  7379    20.2    54.3    58.4     4.8   -19.0   -85.4
  7383    20.2    50.6    58.2     4.9   -19.1   -92.5
  7387    20.0    45.9    58.2     3.8   -18.8   -96.3
  7391    20.1    40.7    58.3     3.2   -18.7   -98.5
  7395    20.2    36.4    58.5     4.1   -18.9  -100.9
  7398    20.2    32.9    58.3     5.0   -19.3  -107.2
  7402    20.1    28.5    58.2     4.1   -19.0  -111.3
  7406    20.1    23.4    58.3     3.1   -18.8  -115.1
  7410    20.2    18.8    58.4     3.6   -19.0  -116.7
  7414    20.3    15.2    58.4     4.9   -19.2  -122.2
  7418    20.2    11.3    58.2     4.5   -19.2  -128.4
  7422    20.1     6.4    58.2     3.4   -19.0  -131.5
  7426    20.2     1.4    58.4     3.4   -19.0  -134.5
  7430    20.3    -2.4    58.5     4.7   -19.3  -137.8
  7434    20.2    -6.1    58.3     5.0   -19.4  -143.8
  7438    20.2   -10.8    58.2     3.8   -19.2  -148.0
  7441    20.2   -15.9    58.4     3.1   -19.1  -150.4
  7445    20.3   -20.1    58.5     4.3   -19.4  -153.4
  7449    20.3   -23.7    58.4     5.2   -19.5  -158.6
  7453    20.2   -28.0    58.2     4.2   -19.6  -163.7
  7457    20.2   -33.0    58.4     3.3   -19.3  -167.1
  7461    20.3   -37.6    58.5     4.0   -19.4  -169.8
  7465    20.3   -41.2    58.4     5.1   -19.6  -174.7
  7469    20.2   -45.3    58.2     4.7   -19.5  -179.6
  7473    20.2   -50.1    58.3     3.6   -19.5   177.3
  7477    20.3   -54.8    58.5     4.1   -19.6   174.2
  7480    20.3   -58.7    58.5     5.2   -19.6   170.4
  7484    20.3   -62.6    58.3     5.3   -19.7   165.2
  7488    20.2   -67.3    58.3     4.1   -19.6   160.5
  7492    20.3   -72.2    58.4     3.8   -19.5   157.8
  7496    20.4   -76.2    58.5     5.2   -19.8   154.0
  7500    20.3   -80.0    58.3     5.6   -20.0   148.9
  7504    20.2   -84.5    58.2     4.5   -19.8   144.8
  7508    20.3   -89.3    58.4     4.1   -19.7   141.6
  7512    20.3   -93.6    58.5     5.1   -19.8   138.4
  7516    20.4   -97.4    58.4     6.0   -20.0   134.2
  7520    20.3  -101.7    58.2     5.2   -19.9   128.6
  7523    20.2  -106.5    58.3     4.2   -20.0   126.3
  7527    20.3  -110.9    58.5     5.2   -19.8   122.3
  7531    20.4  -114.7    58.3     6.3   -19.9   119.2
  7535    20.3  -118.9    58.2     5.6   -20.0   113.9
  7539    20.3  -123.6    58.3     4.7   -19.9   110.0
  7543    20.3  -128.1    58.4     5.1   -19.9   106.6
  7547    20.3  -132.1    58.4     6.4   -20.2   102.3
  7551    20.3  -136.1    58.2     6.3   -20.2    98.3
  7555    20.3  -140.7    58.2     5.1   -20.0    94.2
  7559    20.3  -145.3    58.3     5.3   -20.0    90.4
  7563    20.3  -149.4    58.3     6.4   -20.1    88.1
  7566    20.3  -153.5    58.2     6.8   -20.3    83.7
  7570    20.3  -158.0    58.1     5.7   -20.0    79.7
  7574    20.3  -162.5    58.3     5.4   -20.1    76.5
  7578    20.3  -166.7    58.3     6.7   -20.2    72.7
  7582    20.3  -170.7    58.1     7.3   -20.2    68.3
  7586    20.3  -175.1    58.0     6.3   -20.1    64.2
  7590    20.3  -179.8    58.2     5.7   -20.2    61.4
  7594    20.3   176.0    58.2     6.7   -20.1    58.2
  7598    20.3   171.9    58.1     7.6   -20.2    52.7
  7602    20.2   167.6    58.0     6.8   -20.1    49.9
  7605    20.2   163.1    58.0     6.1   -20.0    46.1
  7609    20.3   158.8    58.2     6.9   -20.1    43.1
  7613    20.3   154.6    58.0     7.9   -20.1    38.3
  7617    20.2   150.3    57.9     7.4   -19.9    34.6
  7621    20.2   145.8    57.9     6.4   -19.8    32.6
  7625    20.2   141.5    58.1     7.0   -19.9    28.7
  7629    20.2   137.3    58.0     8.3   -19.9    23.5
  7633    20.2   133.0    57.8     7.9   -19.7    19.6
  7637    20.2   128.5    57.8     6.9   -19.5    16.6
  7641    20.2   124.2    58.0     7.2   -19.6    13.3
  7645    20.2   120.0    57.9     8.5   -19.8     8.8
  7648    20.2   115.6    57.7     8.4   -19.3     3.8
  7652    20.2   111.2    57.7     7.3   -19.2     1.5
  7656    20.2   106.9    57.9     7.4   -19.2    -1.2
  7660    20.2   102.7    57.9     8.8   -19.2    -7.0
  7664    20.1    98.3    57.6     8.9   -19.0   -11.9
  7668    20.1    93.8    57.6     7.8   -18.7   -13.7
  7672    20.2    89.6    57.8     7.7   -18.8   -16.8
  7676    20.1    85.4    57.8     9.0   -19.0   -22.6
  7680    20.1    81.0    57.6     9.5   -18.5   -27.1
  7684    20.1    76.4    57.5     8.2   -18.1   -29.7
  7688    20.1    72.2    57.6     8.0   -18.1   -32.2
  7691    20.1    68.1    57.7     9.3   -18.3   -38.5
  7695    20.0    63.6    57.5     9.8   -18.0   -44.2
  7699    20.1    59.0    57.4     8.8   -17.5   -48.0
  7703    20.1    54.8    57.5     8.3   -17.5   -49.5
  7707    20.1    50.8    57.6     9.5   -17.7   -54.1
  7711    20.0    46.2    57.4    10.2   -17.5   -61.0
  7715    20.0    41.5    57.2     9.3   -16.9   -66.7
  7719    20.0    37.4    57.4     8.7   -16.7   -68.3
  7723    20.0    33.4    57.5     9.8   -16.9   -72.7
  7727    19.9    28.9    57.3    10.9   -16.9   -80.2
  7730    20.0    24.1    57.1     9.9   -16.3   -86.2
  7734    20.0    19.9    57.3     9.1   -15.9   -88.1
  7738    20.0    16.0    57.4    10.3   -16.2   -92.2
  7742    19.9    11.6    57.2    11.6   -16.4  -100.6
  7746    19.9     6.7    57.0    10.8   -15.8  -107.7
  7750    20.0     2.5    57.1    10.1   -15.5  -111.1
  7754    19.9    -1.2    57.3    11.1   -15.7  -114.5
  7758    19.8    -5.6    57.1    12.7   -16.0  -122.9
  7762    19.8   -10.6    56.9    12.3   -15.7  -132.0
  7766    19.9   -14.8    57.0    11.6   -15.3  -135.7
  7770    19.8   -18.3    57.2    12.9   -15.6  -139.1
  7773    19.7   -22.7    57.0    14.8   -16.2  -147.5
  7777    19.7   -27.7    56.8    14.6   -16.1  -158.2
  7781    19.7   -31.9    56.9    14.3   -15.7  -164.0
  7785    19.7   -35.3    57.0    15.8   -16.2  -167.0
  7789    19.5   -39.5    56.9    17.8   -17.2  -174.5
  7793    19.4   -44.5    56.7    18.5   -17.5   174.0
  7797    19.5   -48.6    56.7    18.6   -17.4   166.1
  7801    19.4   -51.9    56.8    20.1   -17.9   163.4
  7805    19.2   -56.0    56.7    22.2   -19.1   158.4
  7809    19.0   -61.1    56.5    23.0   -20.1   147.0
  7813    19.0   -65.3    56.5    23.4   -20.3   138.3
  7816    18.9   -68.5    56.6    24.9   -20.7   136.8
  7820    18.7   -72.6    56.5    26.6   -21.9   136.4
  7824    18.5   -77.5    56.3    27.6   -23.3   130.8
  7828    18.5   -81.8    56.3    27.9   -23.9   120.7
  7832    18.4   -85.2    56.3    29.2   -23.8   120.1
  7836    18.2   -89.2    56.2    30.5   -24.5   125.3
  7840    18.0   -94.0    56.1    31.4   -25.6   124.7
  7844    18.0   -98.3    56.1    31.9   -26.2   119.4
  7848    17.8  -101.7    56.1    32.9   -25.7   117.4
  7852    17.6  -105.6    56.0    34.2   -25.4   121.8
  7855    17.4  -110.3    55.9    34.9   -25.6   125.2
  7859    17.4  -114.5    55.8    35.5   -25.9   120.9
  7863    17.3  -117.9    55.9    36.5   -25.7   115.9
  7867    17.0  -121.6    55.8    37.8   -25.0   115.7
  7871    16.8  -126.2    55.7    38.6   -24.7   117.0
  7875    16.7  -130.3    55.7    39.2   -24.9   112.4
  7879    16.6  -133.5    55.7    40.2   -24.8   105.3
  7883    16.4  -136.8    55.8    41.5   -24.0   104.0
  7887    16.1  -141.1    55.7    42.6   -23.9   101.0
  7891    16.0  -145.1    55.7    43.2   -23.6    97.1
  7895    16.0  -147.8    55.8    44.0   -23.6    91.5
  7898    15.7  -150.6    55.8    45.6   -23.4    88.2
  7902    15.4  -154.5    55.8    46.7   -23.1    84.6
  7906    15.3  -158.3    55.8    47.3   -23.1    79.3
  7910    15.3  -160.6    55.9    48.1   -23.0    72.9
  7914    15.0  -162.4    56.1    49.5   -22.9    68.5
  7918    14.8  -165.8    56.1    50.4   -22.8    64.1
  7922    14.8  -169.6    56.1    50.5   -22.9    59.7
  7926    14.8  -171.2    56.3    51.0   -23.0    53.2
  7930    14.8  -172.7    56.5    51.9   -23.0    48.0
  7934    14.6  -175.5    56.6    52.5   -23.3    44.0
  7938    14.8  -179.5    56.6    51.8   -23.5    38.3
  7941    15.0   177.8    56.8    51.4   -23.7    32.6
  7945    15.1   176.2    57.0    51.6   -24.1    30.4
  7949    15.2   173.1    57.1    51.3   -24.7    25.9
  7953    15.5   167.6    57.1    49.7   -25.0    22.1
  7957    15.9   162.9    57.1    47.7   -25.4    19.4
  7961    16.2   160.3    57.3    47.1   -26.0    19.6
  7965    16.4   156.5    57.5    46.2   -26.7    16.0
  7969    16.7   149.7    57.4    43.6   -26.9    13.5
  7973    17.2   143.1    57.4    40.5   -27.0    12.3
  7977    17.5   138.9    57.5    39.0   -27.4    13.6
  7980    17.7   135.3    57.7    38.4   -27.3    13.4
  7984    18.0   127.9    57.6    35.4   -27.4     8.6
  7988    18.3   120.5    57.5    31.9   -27.2     7.6
  7992    18.6   115.9    57.6    30.2   -27.0     8.8
  7996    18.8   111.8    57.8    29.6   -27.3     7.8
  8000    18.9   105.9    57.7    28.1   -27.1     0.4
  8004    19.1    97.9    57.5    24.5   -26.4    -5.5
  8008    19.4    92.4    57.5    22.3   -26.1    -4.1
  8012    19.5    89.4    57.8    22.8   -26.3    -6.0
  8016    19.5    84.2    57.7    22.5   -26.0   -11.4
  8020    19.6    76.4    57.4    19.2   -25.4   -18.4
  8023    19.8    70.7    57.4    17.1   -24.9   -18.9
  8027    19.9    67.9    57.6    17.8   -25.2   -19.9
  8031    19.8    63.4    57.5    18.3   -25.2   -26.4
  8035    19.8    56.3    57.2    15.8   -24.5   -33.3
  8039    20.0    50.3    57.2    13.5   -24.0   -34.7
  8043    20.0    47.6    57.4    14.7   -24.2   -35.9
  8047    19.9    43.4    57.3    15.5   -24.2   -41.9
  8051    19.9    36.6    57.0    13.4   -23.8   -48.7
  8055    20.0    31.2    57.0    11.8   -23.2   -51.2
  8059    20.1    28.5    57.2    12.9   -23.5   -52.2
  8063    20.0    24.5    57.1    13.9   -23.6   -58.6
  8066    19.9    17.7    56.7    12.2   -23.0   -65.9
  8070    20.0    12.3    56.7    10.6   -22.7   -68.1
  8074    20.1     9.2    56.9    11.4   -22.7   -68.7
  8078    20.0     5.6    56.8    12.7   -22.9   -75.4
  8082    19.8    -0.5    56.5    11.6   -22.4   -82.1
  8086    19.9    -5.9    56.5    10.2   -22.1   -84.5
  8090    20.0    -9.1    56.6    10.8   -22.3   -85.9
  8094    19.9   -12.5    56.6    12.5   -22.4   -91.2
  8098    19.8   -18.9    56.3    11.0   -21.9   -99.4
  8102    19.8   -23.8    56.2    10.1   -21.6  -101.6
  8105    19.9   -26.9    56.4    11.0   -21.8  -102.0
  8109    19.8   -30.7    56.3    12.0   -22.0  -108.7
  8113    19.7   -36.7    56.1    11.0   -21.5  -116.9
  8117    19.8   -41.9    56.0     9.7   -21.3  -118.8
  8121    19.8   -44.8    56.1    11.0   -21.5  -119.7
  8125    19.7   -48.8    56.1    11.8   -21.6  -125.8
  8129    19.6   -54.3    55.8    11.2   -21.2  -133.6
  8133    19.6   -59.4    55.8    10.2   -20.9  -135.1
  8137    19.6   -62.5    55.9    11.2   -21.1  -136.9
  8141    19.5   -66.6    55.8    11.8   -21.2  -143.2
  8145    19.4   -71.9    55.6    11.4   -20.9  -149.8
  8148    19.5   -76.9    55.6    10.4   -20.6  -152.0
  8152    19.5   -80.2    55.7    11.3   -20.8  -153.0
  8156    19.4   -84.2    55.6    12.1   -20.9  -160.1
  8160    19.4   -89.6    55.4    11.4   -20.5  -166.8
  8164    19.4   -94.4    55.4    10.8   -20.4  -169.4
  8168    19.4   -97.7    55.5    11.7   -20.6  -170.8
  8172    19.3  -101.6    55.4    12.5   -20.7  -176.6
  8176    19.2  -106.8    55.2    12.0   -20.4   176.6
  8180    19.3  -111.5    55.2    11.5   -20.1   174.5
  8184    19.3  -115.1    55.3    12.2   -20.4   172.3
  8188    19.2  -119.1    55.3    12.7   -20.5   165.8
  8191    19.2  -124.4    55.1    12.2   -20.2   159.9
  8195    19.1  -128.7    55.0    12.2   -19.9   157.6
  8199    19.2  -132.6    55.1    12.5   -20.2   154.5
  8203    19.1  -136.8    55.0    12.9   -20.4   149.4
  8207    19.0  -141.7    54.9    12.8   -20.0   142.8
  8211    19.0  -146.2    54.8    12.5   -19.8   140.6
  8215    19.1  -149.8    54.9    13.0   -20.1   138.7
  8219    19.1  -154.0    54.9    13.4   -20.2   131.8
  8223    18.9  -159.0    54.7    13.1   -19.8   126.5
  8227    19.0  -163.2    54.7    13.2   -19.8   123.7
  8230    19.0  -167.2    54.7    13.4   -20.0   120.5
  8234    18.9  -171.4    54.7    13.7   -20.1   114.9
  8238    18.9  -176.5    54.6    13.3   -19.8   109.9
  8242    18.9   179.3    54.5    13.4   -19.7   107.5
  8246    18.9   175.4    54.6    13.7   -19.9   103.9
  8250    18.9   170.8    54.5    13.8   -20.0    97.7
  8254    18.8   166.3    54.4    13.7   -19.8    92.6
  8258    18.8   162.0    54.4    13.8   -19.6    90.4
  8262    18.8   158.0    54.4    14.1   -19.9    86.8
  8266    18.8   153.6    54.4    14.3   -19.8    80.7
  8270    18.7   149.1    54.3    14.2   -19.6    76.4
  8273    18.7   144.9    54.3    14.3   -19.6    74.1
  8277    18.7   140.7    54.3    14.5   -19.9    70.7
  8281    18.7   136.1    54.2    14.4   -19.8    64.6
  8285    18.7   131.7    54.1    14.5   -19.6    59.8
  8289    18.7   127.4    54.1    14.5   -19.6    57.2
  8293    18.7   123.0    54.1    14.6   -19.8    52.8
  8297    18.6   118.7    54.1    14.7   -19.6    47.4
  8301    18.6   114.2    54.0    14.6   -19.6    43.7
  8305    18.6   110.0    54.0    14.8   -19.7    41.2
  8309    18.6   105.7    54.0    14.9   -19.8    36.4
  8313    18.6   101.1    53.9    14.7   -19.7    30.0
  8316    18.6    96.8    53.9    14.9   -19.5    27.8
  8320    18.6    92.4    53.9    14.8   -19.7    24.1
  8324    18.6    88.2    53.9    15.0   -19.8    19.0
  8328    18.6    83.6    53.8    14.8   -19.7    14.1
  8332    18.5    79.1    53.8    14.8   -19.6    10.4
  8336    18.6    74.8    53.8    14.7   -19.7     7.6
  8340    18.5    70.6    53.8    15.0   -19.8     2.4
  8344    18.5    66.0    53.7    15.0   -19.6    -2.1
  8348    18.5    61.6    53.7    14.9   -19.6    -5.1
  8352    18.5    57.4    53.6    15.1   -19.6    -8.8
  8355    18.5    53.0    53.6    15.1   -19.7   -14.5
  8359    18.5    48.5    53.6    15.0   -19.7   -18.7
  8363    18.5    43.9    53.5    14.8   -19.7   -21.3
  8367    18.5    39.8    53.5    15.0   -19.7   -25.5
  8371    18.5    35.4    53.5    15.0   -19.9   -31.0
  8375    18.4    30.9    53.5    15.0   -19.7   -35.3
  8379    18.5    26.4    53.4    14.9   -19.7   -38.1
  8383    18.5    22.0    53.4    14.8   -19.9   -42.3
  8387    18.4    17.7    53.4    15.0   -19.8   -47.4
  8391    18.4    13.1    53.4    14.8   -19.7   -50.9
  8395    18.4     8.6    53.3    14.7   -19.8   -53.8
  8398    18.5     4.2    53.3    14.6   -19.8   -58.6
  8402    18.4    -0.3    53.3    14.6   -19.8   -63.7
  8406    18.4    -4.7    53.3    14.6   -19.7   -67.8
  8410    18.4    -9.2    53.2    14.5   -19.8   -70.8
  8414    18.4   -13.4    53.2    14.6   -19.9   -75.3
  8418    18.4   -18.1    53.2    14.5   -19.7   -80.0
  8422    18.4   -22.5    53.1    14.4   -19.7   -83.9
  8426    18.4   -26.9    53.1    14.4   -19.9   -86.6
  8430    18.4   -31.3    53.1    14.4   -19.9   -91.5
  8434    18.4   -35.8    53.1    14.3   -19.8   -96.6
  8438    18.4   -40.3    53.1    14.2   -19.8   -99.0
  8441    18.4   -44.9    53.0    14.0   -19.9  -103.4
  8445    18.4   -49.1    53.0    14.2   -19.9  -108.5
  8449    18.4   -53.6    53.0    14.2   -19.8  -112.7
  8453    18.4   -58.2    53.0    14.0   -19.8  -115.7
  8457    18.4   -62.7    53.0    13.8   -19.9  -119.4
  8461    18.4   -67.0    52.9    13.9   -19.9  -125.0
  8465    18.4   -71.5    52.9    13.9   -19.8  -128.7
  8469    18.4   -76.1    52.9    13.7   -19.9  -131.8
  8473    18.4   -80.5    52.9    13.6   -20.0  -136.5
  8477    18.4   -84.9    52.8    13.7   -19.9  -141.1
  8480    18.4   -89.5    52.8    13.4   -19.8  -145.1
  8484    18.4   -94.1    52.8    13.3   -19.9  -148.1
  8488    18.4   -98.4    52.8    13.3   -20.0  -152.3
  8492    18.4  -102.9    52.7    13.2   -19.9  -157.7
  8496    18.4  -107.5    52.7    13.1   -19.8  -161.1
  8500    18.4  -111.9    52.7    13.1   -19.8  -164.0
  8504    18.4  -116.3    52.7    13.1   -19.9  -169.1
  8508    18.4  -120.9    52.7    13.0   -19.8  -173.6
  8512    18.4  -125.4    52.6    12.9   -19.8  -176.4
  8516    18.5  -129.9    52.6    12.7   -19.9   179.9
  8520    18.5  -134.3    52.6    12.8   -19.9   174.3
  8523    18.4  -138.8    52.6    12.7   -19.8   169.9
  8527    18.5  -143.4    52.6    12.5   -19.7   166.9
  8531    18.5  -147.9    52.6    12.4   -19.9   163.5
  8535    18.5  -152.3    52.6    12.4   -19.9   158.2
  8539    18.5  -156.8    52.5    12.4   -19.7   153.8
  8543    18.5  -161.3    52.5    12.2   -19.8   151.0
  8547    18.5  -165.8    52.5    12.1   -19.8   146.1
  8551    18.5  -170.3    52.5    12.1   -19.8   141.5
  8555    18.5  -174.8    52.4    12.0   -19.8   138.2
  8559    18.5  -179.4    52.4    11.8   -19.8   134.1
  8563    18.5   176.2    52.4    11.8   -19.9   130.0
  8566    18.5   171.7    52.4    11.7   -19.8   124.9
  8570    18.5   167.1    52.4    11.6   -19.7   122.3
  8574    18.5   162.6    52.4    11.5   -19.8   118.3
  8578    18.5   158.3    52.4    11.6   -19.7   113.4
  8582    18.5   153.6    52.3    11.4   -19.7   108.8
  8586    18.5   149.1    52.3    11.2   -19.7   106.1
  8590    18.5   144.7    52.3    11.3   -19.7   101.5
  8594    18.5   140.1    52.3    11.1   -19.7    96.5
  8598    18.5   135.6    52.3    11.0   -19.6    93.3
  8602    18.6   131.2    52.3    11.0   -19.6    89.2
  8605    18.6   126.6    52.3    10.9   -19.7    85.2
  8609    18.6   122.1    52.2    10.7   -19.7    80.3
  8613    18.6   117.6    52.2    10.7   -19.6    77.4
  8617    18.6   113.0    52.2    10.5   -19.5    72.5
  8621    18.6   108.7    52.2    10.6   -19.6    68.7
  8625    18.6   104.0    52.2    10.5   -19.5    64.5
  8629    18.6    99.5    52.2    10.3   -19.6    60.6
  8633    18.6    95.1    52.2    10.3   -19.6    56.7
  8637    18.6    90.6    52.2    10.3   -19.5    52.3
  8641    18.6    86.0    52.1    10.1   -19.5    47.5
  8645    18.6    81.5    52.2    10.0   -19.5    44.9
  8648    18.6    77.0    52.2     9.9   -19.5    40.1
  8652    18.6    72.5    52.1    10.0   -19.5    36.0
  8656    18.6    67.9    52.1     9.8   -19.4    31.8
  8660    18.7    63.4    52.1     9.7   -19.4    27.7
  8664    18.7    59.0    52.1     9.7   -19.5    23.2
  8668    18.7    54.5    52.1     9.7   -19.3    19.8
  8672    18.7    49.9    52.1     9.5   -19.3    15.4
  8676    18.7    45.4    52.1     9.4   -19.3    11.5
  8680    18.7    41.0    52.1     9.5   -19.3     6.4
  8684    18.7    36.4    52.1     9.3   -19.2     2.9
  8688    18.7    31.9    52.1     9.3   -19.3    -1.3
  8691    18.7    27.4    52.1     9.2   -19.3    -5.4
  8695    18.7    22.9    52.1     9.2   -19.3    -9.6
  8699    18.7    18.3    52.0     9.1   -19.2   -13.8
  8703    18.7    13.8    52.0     8.8   -19.2   -17.8
  8707    18.7     9.3    52.0     8.9   -19.2   -22.0
  8711    18.7     4.9    52.0     8.9   -19.1   -26.2
  8715    18.7     0.3    52.0     8.9   -19.0   -29.9
  8719    18.8    -4.1    52.0     8.8   -19.2   -33.8
  8723    18.8    -8.6    52.0     8.8   -19.1   -38.4
  8727    18.8   -13.2    52.0     8.7   -19.1   -42.7
  8730    18.8   -17.7    52.0     8.6   -19.0   -46.1
  8734    18.8   -22.1    52.0     8.7   -19.0   -50.2
  8738    18.8   -26.6    52.0     8.6   -19.0   -54.9
  8742    18.8   -31.2    52.0     8.5   -18.9   -59.0
  8746    18.8   -35.7    52.0     8.5   -18.9   -62.6
  8750    18.8   -40.2    52.0     8.4   -18.9   -66.8
  8754    18.8   -44.7    52.0     8.4   -18.8   -70.7
  8758    18.8   -49.3    52.0     8.3   -18.8   -74.9
  8762    18.9   -53.7    52.0     8.3   -18.8   -78.3
  8766    18.9   -58.2    52.0     8.2   -18.8   -83.2
  8770    18.9   -62.8    52.0     8.2   -18.7   -88.1
  8773    18.9   -67.2    52.0     8.3   -18.7   -91.0
  8777    18.9   -71.7    52.0     8.2   -18.8   -94.9
  8781    18.9   -76.2    52.0     8.3   -18.7   -99.7
  8785    18.9   -80.7    52.0     8.2   -18.6  -103.7
  8789    18.9   -85.2    52.0     8.2   -18.6  -107.7
  8793    18.9   -89.6    52.0     8.2   -18.6  -111.6
  8797    18.9   -94.2    52.0     8.1   -18.5  -116.2
  8801    18.9   -98.8    52.0     8.1   -18.5  -119.1
  8805    18.9  -103.2    52.0     8.1   -18.5  -123.3
  8809    18.9  -107.6    52.0     8.1   -18.5  -127.7
  8813    18.9  -112.2    52.0     8.2   -18.4  -132.2
  8816    19.0  -116.7    52.0     8.1   -18.3  -135.4
  8820    19.0  -121.2    52.0     8.0   -18.3  -139.7
  8824    19.0  -125.6    52.0     8.2   -18.4  -144.5
  8828    19.0  -130.2    52.0     8.2   -18.3  -147.9
  8832    19.0  -134.7    52.0     8.1   -18.2  -151.6
  8836    19.0  -139.1    52.0     8.3   -18.3  -156.1
  8840    19.0  -143.6    52.0     8.2   -18.1  -160.3
  8844    19.0  -148.2    52.0     8.1   -18.1  -163.8
  8848    19.0  -152.5    52.0     8.3   -18.1  -167.9
  8852    19.0  -157.1    52.0     8.3   -18.1  -172.1
  8855    19.0  -161.6    52.0     8.4   -17.9  -175.9
  8859    19.0  -166.1    52.0     8.4   -17.9   180.0
  8863    19.0  -170.5    52.0     8.5   -17.9   176.7
  8867    19.0  -175.1    52.0     8.4   -17.8   172.0
  8871    19.0  -179.5    52.0     8.5   -17.8   168.1
  8875    19.0   175.9    52.0     8.6   -17.7   164.5
  8879    19.0   171.6    52.0     8.6   -17.7   160.7
  8883    19.0   166.9    52.0     8.7   -17.6   156.2
  8887    19.0   162.5    52.0     8.8   -17.5   152.7
  8891    19.0   158.2    52.1     8.8   -17.4   149.1
  8895    19.0   153.5    52.0     8.9   -17.5   143.8
  8898    19.0   149.0    52.1     9.0   -17.4   140.5
  8902    19.0   144.6    52.1     9.1   -17.3   136.6
  8906    19.0   140.2    52.1     9.3   -17.2   132.4
  8910    19.0   135.6    52.0     9.2   -17.2   128.6
  8914    19.0   131.0    52.0     9.3   -17.0   124.6
  8918    19.0   126.6    52.0     9.5   -17.0   120.7
  8922    19.0   122.2    52.0     9.7   -17.0   116.6
  8926    19.0   117.6    52.0     9.7   -16.8   112.6
  8930    19.0   113.2    52.0     9.9   -16.7   108.5
  8934    19.0   108.8    52.0     9.9   -16.7   104.4
  8938    18.9   104.1    52.0    10.0   -16.7    99.8
  8941    19.0    99.6    52.0    10.2   -16.6    96.2
  8945    18.9    95.3    52.0    10.4   -16.5    92.8
  8949    18.9    90.7    52.0    10.5   -16.5    88.1
  8953    18.9    86.2    52.0    10.6   -16.3    84.2
  8957    18.9    81.6    51.9    10.8   -16.3    80.3
  8961    18.9    77.3    51.9    11.1   -16.2    76.2
  8965    18.8    72.8    51.9    11.4   -16.2    71.9
  8969    18.8    68.0    51.9    11.2   -16.1    67.7
  8973    18.8    63.7    51.9    11.5   -15.9    63.9
  8977    18.8    59.2    51.8    11.6   -16.0    59.6
  8980    18.7    54.5    51.8    11.9   -15.9    55.1
  8984    18.7    50.2    51.8    12.2   -15.8    51.8
  8988    18.6    45.7    51.8    12.3   -15.7    47.7
  8992    18.6    41.2    51.7    12.6   -15.7    43.4
  8996    18.6    36.6    51.7    12.7   -15.6    39.1
  9000    18.5    32.0    51.7    12.9   -15.5    34.9
  9004    18.5    27.6    51.6    13.1   -15.4    30.4
  9008    18.4    23.0    51.6    13.3   -15.4    26.7
  9012    18.4    18.2    51.5    13.5   -15.3    22.8
  9016    18.3    13.9    51.5    13.8   -15.2    18.7
  9020    18.2     9.3    51.4    14.0   -15.2    14.6
  9023    18.2     4.7    51.4    14.3   -15.1    10.1
  9027    18.1     0.1    51.3    14.3   -15.1     6.4
  9031    18.1    -4.4    51.3    14.7   -15.1     2.1
  9035    18.0    -8.9    51.2    15.0   -15.0    -2.2
  9039    17.9   -13.6    51.2    15.0   -14.9    -6.2
  9043    17.9   -18.3    51.1    15.3   -14.9    -9.8
  9047    17.8   -22.7    51.0    15.6   -14.9   -14.1
  9051    17.7   -27.3    51.0    15.8   -14.9   -18.8
  9055    17.6   -32.2    50.9    15.8   -14.8   -22.5
  9059    17.5   -36.7    50.8    16.1   -14.7   -26.3
  9063    17.4   -41.4    50.7    16.3   -14.8   -31.1
  9066    17.4   -45.9    50.7    16.8   -14.7   -35.0
  9070    17.3   -50.5    50.6    16.9   -14.7   -38.9
  9074    17.2   -55.3    50.5    17.0   -14.8   -43.2
  9078    17.1   -59.8    50.4    17.3   -14.7   -47.4
  9082    17.0   -65.0    50.3    17.1   -14.7   -51.3
  9086    16.9   -69.4    50.3    17.5   -14.7   -55.5
  9090    16.8   -74.2    50.1    17.6   -14.7   -59.6
  9094    16.7   -79.0    50.1    17.6   -14.7   -63.3
  9098    16.6   -83.5    50.0    17.8   -14.8   -67.9
  9102    16.5   -88.4    49.9    17.9   -14.8   -71.3
  9105    16.4   -93.1    49.8    18.1   -14.8   -75.9
  9109    16.3   -98.1    49.7    18.1   -14.7   -79.2
  9113    16.2  -102.5    49.6    18.4   -14.9   -83.4
  9117    16.1  -107.3    49.6    18.3   -14.9   -87.6
  9121    16.0  -112.3    49.5    18.3   -15.0   -91.6
  9125    15.9  -117.0    49.3    18.4   -14.9   -95.0
  9129    15.8  -121.7    49.3    18.4   -15.0   -98.8
  9133    15.7  -126.7    49.2    18.3   -15.1  -103.6
  9137    15.6  -131.4    49.1    18.6   -15.1  -107.1
  9141    15.5  -136.0    49.0    18.5   -15.2  -110.5
  9145    15.3  -141.0    48.9    18.5   -15.3  -115.0
  9148    15.3  -145.9    48.8    18.3   -15.4  -118.7
  9152    15.2  -150.7    48.8    18.2   -15.5  -122.2
  9156    15.1  -155.6    48.7    18.0   -15.6  -125.8
  9160    15.0  -160.3    48.6    18.1   -15.7  -130.6
  9164    14.9  -165.4    48.5    17.7   -15.7  -134.0
  9168    14.9  -170.0    48.5    17.7   -15.8  -137.7
  9172    14.8  -174.9    48.4    17.4   -16.0  -141.2
  9176    14.7  -179.7    48.3    17.4   -16.1  -145.2
  9180    14.6   175.6    48.3    17.3   -16.2  -149.3
  9184    14.5   170.7    48.2    16.9   -16.4  -153.2
  9188    14.5   165.6    48.1    16.6   -16.5  -157.0
  9191    14.4   160.9    48.0    16.7   -16.5  -160.2
  9195    14.3   156.0    48.0    16.2   -16.6  -163.0
  9199    14.3   151.3    48.0    16.1   -16.8  -167.7
  9203    14.2   146.6    47.9    16.0   -16.9  -170.8
  9207    14.1   141.7    47.9    15.8   -17.1  -175.3
  9211    14.1   136.8    47.8    15.3   -17.2  -178.1
  9215    14.0   131.7    47.8    14.9   -17.3   178.0
  9219    14.0   127.1    47.8    14.8   -17.4   174.2
  9223    13.9   122.4    47.7    14.4   -17.6   170.5
  9227    13.8   117.6    47.7    14.2   -17.8   167.0
  9230    13.8   112.7    47.7    13.6   -17.9   163.2
  9234    13.8   107.9    47.6    13.4   -18.0   160.3
  9238    13.7   103.3    47.6    13.3   -18.2   156.1
  9242    13.7    98.3    47.6    12.7   -18.3   152.5
  9246    13.6    93.7    47.6    12.6   -18.5   148.9
  9250    13.6    88.8    47.6    12.0   -18.6   145.8
  9254    13.5    84.0    47.6    11.7   -18.7   141.7
  9258    13.5    79.1    47.6    11.3   -19.0   138.1
  9262    13.5    74.7    47.6    11.1   -19.1   134.9
  9266    13.4    69.9    47.6    10.9   -19.2   131.3
  9270    13.4    64.9    47.6    10.3   -19.3   127.1
  9273    13.4    60.4    47.6    10.2   -19.4   123.6
  9277    13.4    55.8    47.6     9.9   -19.6   120.4
  9281    13.3    50.8    47.6     9.4   -19.7   117.1
  9285    13.3    46.1    47.6     9.0   -19.8   113.5
  9289    13.3    41.7    47.6     9.1   -19.9   109.9
  9293    13.2    36.9    47.6     8.5   -20.1   106.0
  9297    13.2    32.1    47.7     8.3   -20.2   102.2
  9301    13.2    27.4    47.7     8.0   -20.2    98.9
  9305    13.2    22.8    47.7     7.6   -20.4    95.6
  9309    13.2    18.1    47.8     7.4   -20.5    92.2
  9313    13.1    13.4    47.7     7.0   -20.7    87.5
  9316    13.1     9.1    47.8     7.1   -20.7    84.7
  9320    13.1     4.4    47.9     6.7   -20.8    80.9
  9324    13.1    -0.2    47.9     6.4   -20.9    77.7
  9328    13.0    -5.1    47.9     5.9   -20.9    74.2
  9332    13.0    -9.6    47.9     5.8   -21.0    70.7
  9336    13.0   -14.3    48.0     5.4   -21.1    67.2
  9340    13.0   -18.8    48.0     5.3   -21.1    64.4
  9344    13.0   -23.4    48.1     4.9   -21.2    59.9
  9348    13.0   -28.0    48.1     4.9   -21.2    57.6
  9352    13.0   -32.7    48.2     4.4   -21.2    54.2
  9355    13.0   -37.4    48.2     4.1   -21.3    49.9
  9359    13.0   -41.9    48.3     3.9   -21.4    46.6
  9363    12.9   -46.2    48.3     4.0   -21.4    43.3
  9367    13.0   -51.4    48.4     3.2   -21.5    39.3
  9371    13.0   -56.0    48.4     2.8   -21.4    36.6
  9375    12.9   -60.4    48.4     2.9   -21.4    32.6
  9379    12.9   -64.8    48.5     3.0   -21.4    28.6
  9383    12.9   -69.5    48.5     2.4   -21.5    25.3
  9387    12.9   -73.8    48.6     2.4   -21.5    22.0
  9391    12.8   -78.5    48.6     2.3   -21.3    18.2
  9395    12.8   -83.0    48.7     2.1   -21.4    14.6
  9398    12.8   -87.5    48.7     2.0   -21.3    11.2
  9402    12.8   -92.0    48.8     1.9   -21.4     7.4
  9406    12.8   -96.7    48.8     1.6   -21.2     4.6
  9410    12.8  -100.9    48.9     1.8   -21.2     0.3
  9414    12.8  -105.2    48.9     1.8   -21.2    -3.6
  9418    12.8  -110.1    49.0     1.4   -21.2    -6.6
  9422    12.8  -114.5    49.1     1.2   -21.1   -10.4
  9426    12.7  -119.2    49.1     0.8   -21.1   -14.0
  9430    12.8  -123.9    49.2     0.7   -21.0   -17.6
  9434    12.7  -128.1    49.2     0.7   -20.7   -20.5
  9438    12.7  -132.2    49.3     1.1   -20.8   -24.7
  9441    12.7  -137.2    49.3     0.4   -20.9   -29.0
  9445    12.6  -141.6    49.3     0.5   -20.7   -32.6
  9449    12.6  -145.9    49.3     0.7   -20.5   -35.9
  9453    12.6  -150.3    49.5     0.3   -20.5   -39.6
  9457    12.6  -154.8    49.5     0.4   -20.4   -43.4
  9461    12.6  -158.8    49.5     0.8   -20.2   -47.2
  9465    12.6  -163.2    49.6     0.6   -20.2   -51.2
  9469    12.5  -167.5    49.6     1.0   -20.1   -54.6
  9473    12.5  -171.8    49.6     0.9   -19.8   -58.0
  9477    12.5  -176.7    49.7     0.2   -19.9   -62.1
  9480    12.4   179.2    49.7     0.6   -19.7   -65.8
  9484    12.4   174.6    49.8     0.3   -19.5   -69.2
  9488    12.3   170.3    49.7     0.5   -19.3   -73.0
  9492    12.3   166.4    49.8     0.8   -19.2   -77.1
  9496    12.3   161.9    49.9     0.8   -19.3   -81.4
  9500    12.3   158.1    49.9     1.3   -18.9   -84.8
  9504    12.3   154.1    49.9     1.6   -18.9   -89.0
  9508    12.3   149.5    50.1     1.6   -19.0   -93.2
  9512    12.2   145.4    50.0     1.8   -18.6   -97.0
  9516    12.1   141.7    50.0     2.2   -18.4  -100.5
  9520    12.1   137.4    50.1     2.5   -18.4  -105.3
  9523    12.1   132.7    50.1     2.1   -18.2  -108.5
  9527    12.1   129.3    50.1     3.3   -18.1  -113.1
  9531    12.0   125.1    50.1     3.2   -17.9  -117.1
  9535    12.0   120.5    50.2     3.0   -17.8  -120.8
  9539    12.0   116.8    50.2     3.9   -17.6  -125.1
  9543    11.8   113.0    50.1     4.1   -17.3  -128.7
  9547    11.8   108.9    50.2     4.7   -17.3  -133.4
  9551    11.8   105.1    50.2     5.3   -17.1  -137.7
  9555    11.8   101.2    50.2     5.5   -16.9  -141.4
  9559    11.7    97.2    50.2     6.0   -16.7  -145.4
  9563    11.6    93.3    50.2     6.5   -16.6  -149.9
  9566    11.5    89.7    50.1     7.4   -16.2  -153.9
  9570    11.5    85.8    50.1     7.8   -16.2  -158.5
  9574    11.5    81.7    50.2     8.2   -16.1  -162.5
  9578    11.3    78.2    49.9     9.0   -15.6  -166.6
  9582    11.3    74.4    50.0     9.5   -15.6  -170.9
  9586    11.2    70.3    50.0    10.3   -15.5  -175.4
  9590    11.1    66.8    49.9    11.0   -15.3  -179.7
  9594    11.0    63.3    49.9    11.8   -15.1   176.1
  9598    10.9    59.6    49.8    12.6   -15.0   171.4
  9602    10.7    56.1    49.7    13.0   -14.8   167.7
  9605    10.6    52.5    49.6    13.8   -14.5   163.3
  9609    10.5    48.8    49.6    14.1   -14.5   159.4
  9613    10.4    45.9    49.5    15.2   -14.3   155.2
  9617    10.3    42.5    49.4    16.1   -14.0   151.0
  9621    10.1    39.3    49.3    16.7   -13.9   146.8
  9625    10.0    35.7    49.1    17.2   -13.6   143.1
  9629    10.1    32.3    49.2    18.2   -13.7   138.0
  9633     9.8    29.4    48.9    18.7   -13.3   134.4
  9637     9.9    25.9    49.0    20.0   -13.3   129.5
  9641     9.8    22.6    48.9    20.8   -13.1   124.9
  9645     9.6    19.3    48.6    21.3   -12.7   121.6
  9648     9.8    16.5    48.7    23.6   -12.8   116.0
  9652     9.7    12.8    48.6    24.2   -12.6   111.5
  9656     9.7     9.2    48.5    25.0   -12.4   106.6
  9660     9.5     6.5    48.3    26.7   -12.1   102.5
  9664     9.5     2.9    48.3    27.9   -12.0    97.5
  9668     9.6    -1.2    48.3    28.3   -12.0    92.7
  9672     9.5    -4.4    48.1    29.3   -11.7    88.3
  9676     9.6    -8.2    48.3    30.7   -11.8    82.9
  9680     9.6   -12.0    48.3    31.7   -11.8    77.8
  9684     9.4   -15.5    48.0    32.6   -11.4    73.6
  9688     9.5   -19.1    48.1    33.9   -11.4    68.4
  9691     9.4   -23.0    48.1    34.6   -11.4    63.8
  9695     9.4   -26.5    47.9    36.3   -11.1    58.8
  9699     9.4   -30.3    47.8    36.8   -11.0    54.6
  9703     9.3   -34.5    47.8    37.5   -11.0    49.3
  9707     9.4   -38.6    47.8    38.1   -11.0    44.4
  9711     9.3   -41.9    47.7    40.1   -10.7    39.6
  9715     9.3   -46.2    47.7    40.6   -10.7    34.7
  9719     9.3   -49.9    47.8    42.0   -10.7    29.2
  9723     9.2   -54.1    47.7    42.6   -10.7    24.3
  9727     9.3   -58.2    47.7    42.9   -10.7    20.1
  9730     9.2   -62.1    47.6    44.1   -10.6    14.7
  9734     9.2   -66.7    47.5    44.3   -10.5    10.5
  9738     9.2   -70.5    47.6    45.3   -10.6     5.5
  9742     9.1   -74.8    47.5    46.2   -10.4     0.8
  9746     9.1   -79.0    47.5    47.2   -10.5    -4.8
  9750     9.0   -83.4    47.4    46.6   -10.4    -8.2
  9754     9.0   -87.8    47.5    47.6   -10.5   -13.5
  9758     8.9   -91.9    47.4    48.6   -10.4   -18.5
  9762     8.9   -96.5    47.4    48.8   -10.5   -22.9
  9766     8.9  -100.7    47.4    49.0   -10.4   -27.3
  9770     8.8  -105.1    47.3    49.9   -10.4   -32.4
  9773     8.8  -109.6    47.4    50.2   -10.5   -36.6
  9777     8.8  -113.9    47.3    50.3   -10.5   -41.0
  9781     8.7  -118.6    47.3    51.4   -10.5   -45.9
  9785     8.7  -123.0    47.3    51.0   -10.5   -49.9
  9789     8.6  -127.5    47.2    51.7   -10.5   -54.9
  9793     8.6  -132.2    47.2    51.6   -10.5   -59.2
  9797     8.5  -136.6    47.2    51.7   -10.6   -63.5
  9801     8.5  -141.4    47.1    52.0   -10.5   -67.9
  9805     8.4  -145.6    47.2    52.1   -10.6   -72.0
  9809     8.3  -150.5    47.1    52.7   -10.6   -77.0
  9813     8.3  -155.2    47.1    52.4   -10.6   -81.2
  9816     8.2  -159.8    47.0    52.5   -10.6   -85.3
  9820     8.2  -164.6    47.0    52.7   -10.7   -90.0
  9824     8.1  -169.1    47.0    52.4   -10.7   -94.1
  9828     8.0  -174.0    46.9    52.5   -10.6   -98.1
  9832     8.0  -178.8    46.9    52.1   -10.7  -102.2
  9836     7.9   176.5    46.9    52.5   -10.7  -106.8
  9840     7.9   171.8    46.9    52.4   -10.8  -110.7
  9844     7.8   167.2    46.9    52.4   -10.8  -115.1
  9848     7.7   162.1    46.8    52.3   -10.9  -119.5
  9852     7.7   157.5    46.8    51.8   -10.8  -123.0
  9855     7.6   152.6    46.8    51.8   -10.9  -127.3
  9859     7.6   147.6    46.7    51.7   -10.9  -132.0
  9863     7.5   142.9    46.7    51.5   -10.9  -135.9
  9867     7.4   137.9    46.6    51.1   -10.9  -139.8
  9871     7.4   133.2    46.7    51.1   -11.0  -144.2
  9875     7.3   128.2    46.6    50.8   -11.0  -148.6
  9879     7.2   123.5    46.6    50.9   -11.1  -152.4
  9883     7.1   118.5    46.5    50.6   -11.1  -156.7
  9887     7.1   113.2    46.4    50.3   -11.0  -160.9
  9891     7.0   108.7    46.4    50.0   -11.0  -164.8
  9895     6.9   103.6    46.4    49.9   -11.1  -169.0
  9898     6.9    98.7    46.4    49.3   -11.2  -172.8
  9902     6.8    93.8    46.3    49.1   -11.2  -177.2
  9906     6.7    88.5    46.2    48.6   -11.2   179.2
  9910     6.6    84.0    46.3    48.7   -11.4   174.7
  9914     6.5    78.5    46.1    48.2   -11.2   171.0
  9918     6.5    73.9    46.2    48.1   -11.4   166.9
  9922     6.3    68.9    46.1    47.7   -11.4   163.0
  9926     6.4    63.9    46.1    47.2   -11.4   158.8
  9930     6.2    59.3    46.0    47.5   -11.5   154.5
  9934     6.1    53.8    46.0    47.1   -11.4   150.4
  9938     6.1    48.7    45.9    46.7   -11.5   146.5
  9941     6.0    43.5    45.9    46.3   -11.5   142.3
  9945     5.9    38.4    45.9    46.1   -11.6   138.2
  9949     5.8    33.2    45.8    45.5   -11.7   134.4
  9953     5.7    27.4    45.6    44.7   -11.6   130.5
  9957     5.6    22.5    45.6    44.6   -11.7   126.2
  9961     5.5    16.5    45.4    44.0   -11.6   122.5
  9965     5.4    11.7    45.4    43.3   -11.6   118.4
  9969     5.2     6.3    45.3    42.9   -11.7   115.0
  9973     5.1     1.0    45.2    42.5   -11.7   110.8
  9977     5.0    -4.3    45.1    42.1   -11.7   107.1
  9980     4.9   -10.1    44.9    41.0   -11.6   103.2
  9984     4.8   -15.3    44.8    40.8   -11.6    99.0
  9988     4.6   -20.9    44.6    40.5   -11.6    95.1
  9992     4.5   -26.2    44.5    39.7   -11.6    91.4
  9996     4.3   -31.8    44.3    39.6   -11.6    87.3
 10000     4.1   -38.0    44.1    39.2   -11.5    83.2
 10004     4.0   -42.6    44.0    38.7   -11.6    79.7
 10008     3.7   -48.6    43.8    38.6   -11.5    75.0
 10012     3.6   -54.1    43.7    37.9   -11.5    71.5
 10016     3.4   -60.0    43.4    37.0   -11.4    67.3
 10020     3.2   -65.7    43.2    36.7   -11.4    63.5
 10023     3.0   -70.9    43.0    36.8   -11.4    59.4
 10027     2.9   -77.1    42.7    35.5   -11.3    55.4
 10031     2.6   -82.7    42.4    35.3   -11.2    51.6
 10035     2.4   -89.0    42.1    34.7   -11.1    47.2
 10039     2.2   -94.6    41.9    34.4   -11.0    43.1
 10043     2.0  -101.3    41.3    32.7   -10.7    39.2
 10047     1.7  -107.2    41.1    32.9   -10.7    34.6
 10051     1.5  -113.3    40.6    31.5   -10.4    31.0
 10055     1.2  -119.3    40.3    31.4   -10.4    26.4
 10059     0.9  -125.5    39.9    31.6   -10.2    21.4
 10063     0.6  -132.1    39.4    30.9   -10.0    16.9
 10066     0.4  -138.2    39.0    30.2    -9.9    12.7
 10070     0.0  -144.6    38.4    30.3    -9.7     8.0
 10074    -0.2  -151.8    37.7    28.5    -9.4     3.5
 10078    -0.5  -158.2    37.1    27.5    -9.0    -0.6
 10082    -0.8  -165.0    36.4    26.5    -8.8    -5.1
 10086    -1.1  -171.0    36.0    27.3    -8.7   -10.5
 10090    -1.4  -178.4    34.9    25.4    -8.2   -14.9
 10094    -1.8   174.0    33.9    24.5    -7.8   -19.8
 10098    -2.0   167.4    33.0    22.4    -7.5   -23.8
 10102    -2.3   160.0    32.0    20.9    -7.1   -28.6
 10105    -2.6   153.2    30.9    19.0    -6.8   -33.2
 10109    -2.8   145.7    29.5    13.3    -6.4   -36.7
 10113    -3.1   138.0    27.9    13.5    -6.0   -43.1
 10117    -3.5   130.8    25.9     8.1    -5.6   -47.7
 10121    -3.8   122.2    23.2    -3.4    -5.1   -52.7
 10125    -4.0   115.8    21.5   -13.5    -4.9   -57.4
 10129    -4.4   107.7    17.1   -28.1    -4.7   -64.7
 10133    -4.7   100.0    13.8   -57.3    -4.7   -71.7
 10137    -4.7    91.6    20.3  -100.4    -4.3   -80.3
 10141    -5.0    84.0    21.5  -116.5    -4.7   -89.4
 10145    -5.3    77.0    22.9  -128.2    -5.4   -97.5
 10148    -5.4    68.8    25.5  -130.9    -5.9  -110.0
 10152    -5.6    61.2    26.7  -136.7    -6.9  -118.1
 10156    -6.0    52.6    27.9  -141.7    -8.2  -125.3
 10160    -6.0    44.5    29.2  -143.7    -9.1  -133.2
 10164    -6.2    37.8    29.9  -144.3    -9.9  -139.3
 10168    -6.3    30.4    30.7  -144.0   -10.5  -146.4
 10172    -6.6    22.1    31.1  -148.9   -11.4  -149.4
 10176    -6.6    14.3    31.9  -148.5   -12.2  -156.2
 10180    -6.8     7.5    32.2  -150.4   -12.7  -160.2
 10184    -6.8     0.0    32.8  -149.6   -13.4  -166.8
 10188    -6.7    -7.2    33.4  -149.4   -14.1  -173.3
 10191    -7.0   -15.7    33.6  -153.6   -14.8  -175.0
 10195    -7.0   -22.7    34.0  -152.2   -15.4   178.7
 10199    -7.2   -29.0    34.1  -153.6   -15.7   175.5
 10203    -7.0   -37.6    34.8  -154.2   -16.7   170.4
 10207    -7.3   -43.7    34.7  -154.5   -17.0   166.9
 10211    -7.2   -50.7    35.0  -154.3   -17.5   162.1
 10215    -7.4   -57.9    35.0  -156.3   -17.9   159.4
 10219    -7.3   -64.5    35.4  -155.6   -18.6   154.9
 10223    -7.3   -72.6    35.6  -157.5   -19.4   152.5
 10227    -7.4   -77.9    35.5  -157.5   -19.5   148.8
 10230    -7.4   -85.6    35.7  -158.3   -20.2   146.5
 10234    -7.4   -91.7    35.8  -158.9   -20.4   142.7
 10238    -7.5   -97.4    35.9  -158.2   -20.9   139.5
 10242    -7.5  -105.3    35.9  -160.3   -21.4   138.7
 10246    -7.6  -110.2    35.9  -159.2   -21.7   133.5
 10250    -7.5  -116.7    36.0  -159.3   -22.1   131.5
 10254    -7.6  -123.1    36.1  -160.2   -22.5   129.4
 10258    -7.7  -129.8    36.0  -161.0   -22.9   127.3
 10262    -7.6  -136.0    36.1  -161.4   -23.3   124.7
 10266    -7.7  -141.4    36.1  -161.5   -23.4   122.4
 10270    -7.7  -148.3    36.0  -162.1   -23.8   121.7
 10273    -7.7  -153.6    36.1  -162.0   -24.0   118.5
 10277    -7.7  -160.0    36.1  -162.1   -24.6   117.4
 10281    -7.8  -166.2    36.0  -163.8   -24.8   115.0
 10285    -7.7  -171.5    36.0  -163.1   -24.9   113.5
 10289    -7.6  -178.1    36.0  -164.9   -25.2   111.8
 10293    -7.8   176.4    36.0  -164.4   -25.6   110.4
 10297    -7.7   170.3    36.0  -164.9   -25.7   108.9
 10301    -7.8   164.8    35.8  -165.3   -25.8   106.8
 10305    -7.8   158.8    35.8  -166.4   -25.9   107.5
 10309    -7.8   153.2    35.8  -166.8   -26.2   103.1
 10313    -7.8   148.0    35.7  -166.3   -26.1   103.1
 10316    -7.8   142.2    35.7  -167.1   -26.4   100.9
 10320    -7.9   136.4    35.5  -167.0   -26.3   100.4
 10324    -7.9   131.4    35.5  -167.0   -26.4    97.2
 10328    -7.9   126.0    35.4  -167.7   -26.4    96.7
 10332    -7.9   120.3    35.4  -167.5   -26.5    95.2
 10336    -7.9   115.2    35.3  -168.1   -26.5    93.0
 10340    -8.0   109.5    35.2  -168.5   -26.5    91.3
 10344    -8.0   103.7    35.1  -169.1   -26.6    90.4
 10348    -8.0    98.5    35.0  -169.6   -26.6    86.7
 10352    -8.0    93.2    34.8  -169.3   -26.3    86.9
 10355    -8.0    87.8    34.8  -169.8   -26.4    83.4
 10359    -8.0    83.0    34.8  -169.9   -26.4    82.2
 10363    -8.0    77.7    34.6  -170.5   -26.3    79.7
 10367    -8.0    72.8    34.6  -170.3   -26.3    76.4
 10371    -8.0    67.1    34.5  -170.5   -26.1    75.6
 10375    -8.1    62.4    34.4  -171.2   -26.3    72.8
 10379    -8.2    56.4    34.2  -171.8   -26.0    72.0
 10383    -8.1    51.4    34.1  -171.7   -26.0    70.0
 10387    -8.2    46.4    34.0  -171.9   -25.8    66.7
 10391    -8.1    41.6    34.0  -172.0   -25.8    64.5
 10395    -8.1    36.6    33.9  -172.6   -25.8    61.5
 10398    -8.2    31.3    33.7  -172.9   -25.5    60.2
 10402    -8.2    26.5    33.6  -172.6   -25.4    57.6
 10406    -8.2    21.0    33.6  -173.7   -25.4    55.8
 10410    -8.2    16.5    33.4  -173.9   -25.2    52.4
 10414    -8.3    11.3    33.3  -174.4   -25.3    49.3
 10418    -8.1     6.7    33.3  -174.4   -25.4    46.3
 10422    -8.3     1.9    33.0  -173.7   -24.9    45.4
 10426    -8.2    -3.4    33.1  -175.5   -25.2    41.5
 10430    -8.4    -8.1    32.8  -174.5   -24.7    39.5
 10434    -8.3   -13.1    32.7  -174.9   -24.5    37.4
 10438    -8.4   -17.8    32.5  -174.5   -24.3    34.2
 10441    -8.4   -23.3    32.6  -175.2   -24.4    32.3
 10445    -8.3   -27.9    32.4  -176.0   -24.2    29.3
 10449    -8.4   -32.7    32.2  -176.4   -24.2    26.5
 10453    -8.4   -37.4    32.1  -175.5   -24.0    22.9
 10457    -8.4   -42.2    31.9  -175.5   -23.7    20.6
 10461    -8.4   -46.8    31.9  -177.2   -23.9    17.6
 10465    -8.5   -51.6    31.7  -176.8   -23.7    15.4
 10469    -8.4   -56.3    31.6  -176.9   -23.5    12.4
 10473    -8.5   -61.0    31.6  -177.0   -23.4     9.7
 10477    -8.5   -66.2    31.4  -177.7   -23.5     6.1
 10480    -8.4   -70.5    31.3  -177.4   -23.3     3.3
 10484    -8.6   -75.5    31.1  -178.3   -23.2     0.5
 10488    -8.5   -80.2    31.0  -178.9   -23.1    -1.5
 10492    -8.6   -84.6    30.9  -177.9   -22.8    -5.0
 10496    -8.5   -89.6    30.8  -178.6   -22.7    -7.9
 10500    -8.6   -94.4    30.7  -178.7   -22.6   -10.9
 10504    -8.6   -98.7    30.5  -178.5   -22.5   -14.0
 10508    -8.6  -103.5    30.3  -179.3   -22.5   -17.0
 10512    -8.7  -108.5    30.2  -180.0   -22.4   -19.5
 10516    -8.6  -112.6    30.1  -179.5   -22.3   -22.7
 10520    -8.7  -117.2    29.8  -179.5   -22.1   -26.3
 10523    -8.7  -122.1    29.9   179.3   -22.2   -29.0
 10527    -8.6  -126.6    29.7  -179.8   -21.8   -31.9
 10531    -8.7  -131.5    29.5   179.2   -21.8   -35.0
 10535    -8.7  -135.6    29.5  -179.7   -21.8   -38.6
 10539    -8.8  -140.4    29.3   178.3   -21.8   -41.1
 10543    -8.8  -144.6    29.1   179.8   -21.6   -44.4
 10547    -8.9  -149.8    28.9   179.0   -21.4   -47.7
 10551    -8.8  -154.0    28.8   178.5   -21.3   -50.4
 10555    -8.9  -158.3    28.6   178.7   -21.4   -54.0
 10559    -8.9  -163.8    28.5   178.2   -21.2   -57.3
 10563    -8.9  -167.4    28.3   178.9   -21.0   -60.2
 10566    -8.9  -172.2    28.2   178.8   -20.8   -63.5
 10570    -8.9  -176.9    28.0   178.4   -20.8   -66.9
 10574    -9.0   178.5    27.7   178.4   -20.5   -70.4
 10578    -9.0   174.3    27.6   178.3   -20.6   -73.4
 10582    -9.0   169.7    27.6   178.4   -20.6   -76.8
 10586    -9.0   165.1    27.4   178.0   -20.4   -79.9
 10590    -9.0   160.9    27.2   177.5   -20.6   -83.1
 10594    -9.1   156.1    27.1   177.3   -20.4   -86.9
 10598    -9.1   151.5    26.9   178.5   -20.2   -90.5
 10602    -9.2   147.1    26.7   176.9   -20.3   -93.8
 10605    -9.2   142.3    26.4   177.7   -19.9   -97.7
 10609    -9.2   138.0    26.2   177.8   -19.8  -101.1
 10613    -9.2   133.6    26.2   177.4   -19.9  -104.3
 10617    -9.2   129.4    26.1   176.6   -20.1  -107.2
 10621    -9.2   124.6    25.8   177.7   -19.7  -111.2
 10625    -9.2   121.1    25.7   177.0   -20.0  -113.9
 10629    -9.4   115.3    25.4   176.3   -19.6  -119.1
 10633    -9.2   111.2    25.4   176.7   -19.6  -121.7
 10637    -9.3   107.5    25.0   178.1   -19.6  -125.7
 10641    -9.3   102.6    24.9   176.6   -19.4  -129.0
 10645    -9.4    98.1    24.7   177.2   -19.4  -133.3
 10648    -9.4    93.9    24.5   177.0   -19.5  -136.4
 10652    -9.5    89.5    24.2   176.6   -19.5  -140.8
 10656    -9.5    84.6    24.1   177.0   -19.2  -144.5
 10660    -9.5    80.4    23.8   178.2   -19.2  -148.5
 10664    -9.5    75.4    23.5   178.3   -19.0  -153.1
 10668    -9.5    71.7    23.4   178.1   -19.0  -155.6
 10672    -9.5    67.3    23.1   179.2   -19.0  -160.1
 10676    -9.6    62.6    22.9   177.6   -19.0  -163.9
 10680    -9.5    58.1    22.7   178.9   -18.8  -167.7
 10684    -9.6    53.8    22.5   178.5   -18.9  -171.5
 10688    -9.7    49.9    22.0   179.6   -18.8  -176.2
 10691    -9.7    44.5    21.7  -178.8   -18.4   178.4
 10695    -9.7    40.5    21.7   178.7   -18.7   176.3
 10699    -9.7    36.0    21.4   179.9   -18.6   171.9
 10703    -9.7    31.6    21.0  -177.8   -18.4   167.2
 10707    -9.7    27.2    21.1   178.5   -18.7   164.8
 10711    -9.7    22.8    20.6  -178.5   -18.5   159.9
 10715    -9.9    18.4    20.0  -177.2   -18.3   154.0
 10719    -9.8    14.5    20.0  -179.3   -18.5   152.1
 10723   -10.0     9.3    19.6  -177.7   -18.3   146.5
 10727    -9.9     5.0    19.2  -174.9   -18.1   141.5
 10730    -9.9     1.5    19.1  -176.6   -18.4   140.1
 10734   -10.0    -3.1    19.0  -178.8   -18.5   136.5
 10738    -9.9    -7.4    18.5  -176.0   -18.2   131.8
 10742   -10.0   -12.0    18.1  -175.8   -18.4   127.8
 10746   -10.0   -16.1    17.6  -172.2   -18.2   122.5
 10750   -10.1   -21.4    17.1  -168.7   -18.0   116.1
 10754   -10.0   -25.7    17.1  -171.2   -18.0   114.3
 10758   -10.1   -29.3    16.7  -171.3   -18.2   110.6
 10762   -10.1   -34.0    16.2  -169.5   -18.1   106.1
 10766   -10.2   -37.9    15.6  -164.4   -18.0   100.7
 10770   -10.3   -42.9    15.2  -162.3   -17.9    94.5
 10773   -10.2   -47.4    14.8  -158.3   -17.7    90.6
 10777   -10.2   -51.4    14.4  -158.5   -17.9    87.7
 10781   -10.3   -56.2    13.9  -152.0   -17.7    80.8
 10785   -10.2   -60.1    13.6  -154.8   -17.8    79.7
 10789   -10.3   -64.8    13.1  -151.3   -17.7    74.7
 10793   -10.4   -69.1    12.7  -142.1   -17.8    67.0
 10797   -10.4   -73.7    12.3  -141.2   -17.6    64.3
 10801   -10.4   -77.1    12.0  -137.8   -17.7    61.5
 10805   -10.4   -82.8    11.8  -131.4   -17.6    54.5
 10809   -10.5   -86.8    11.2  -135.6   -17.4    54.5
 10813   -10.4   -90.7    11.1  -126.5   -17.5    48.5
 10816   -10.5   -95.4    11.1  -121.1   -17.4    43.5
 10820   -10.5   -99.5    11.2  -114.6   -17.5    38.6
 10824   -10.5  -103.6    10.2  -117.2   -17.1    36.3
 10828   -10.6  -108.0    11.3  -104.4   -17.5    29.5
 10832   -10.6  -112.9    12.1   -96.0   -17.6    22.8
 10836   -10.7  -116.9    12.1   -92.3   -17.6    18.8
 10840   -10.7  -122.1    13.8   -84.2   -17.9    11.0
 10844   -10.7  -125.7    13.3   -82.6   -17.7     9.4
 10848   -10.8  -129.8    12.6   -82.8   -17.5     5.9
 10852   -10.7  -134.4    13.4   -77.5   -17.6     0.9
 10855   -10.8  -139.2    14.5   -74.4   -17.8    -4.6
 10859   -10.8  -142.7    14.1   -71.7   -17.6    -7.7
 10863   -10.9  -147.7    14.7   -69.9   -17.8   -13.7
 10867   -10.9  -152.3    15.2   -67.8   -17.7   -17.6
 10871   -10.9  -155.4    15.7   -65.0   -17.9   -22.1
 10875   -11.0  -160.4    15.9   -64.4   -17.8   -26.4
 10879   -10.9  -165.2    16.9   -62.3   -17.9   -31.8
 10883   -11.0  -169.7    17.6   -61.0   -18.1   -36.8
 10887   -11.1  -174.7    18.7   -60.3   -18.2   -41.5
 10891   -11.0  -178.3    17.8   -58.6   -17.8   -44.1
 10895   -11.1   177.9    18.3   -57.8   -18.0   -48.9
 10898   -11.2   172.2    19.1   -56.9   -18.1   -54.0
 10902   -11.0   168.6    19.1   -55.1   -18.0   -57.3
 10906   -11.2   164.5    19.0   -55.0   -18.0   -62.5
 10910   -11.2   159.9    19.8   -54.4   -18.2   -67.0
 10914   -11.1   155.6    20.1   -53.4   -18.1   -70.8
 10918   -11.3   151.7    20.1   -52.9   -18.2   -75.9
 10922   -11.3   146.5    20.9   -52.8   -18.4   -80.6
 10926   -11.3   142.0    21.0   -52.1   -18.2   -84.6
 10930   -11.3   138.6    21.0   -51.6   -18.2   -88.8
 10934   -11.4   133.4    21.8   -52.1   -18.3   -93.5
 10938   -11.3   129.6    21.6   -50.5   -18.2   -97.3
 10941   -11.5   125.0    22.2   -51.8   -18.5  -102.7
 10945   -11.5   119.5    22.8   -51.1   -18.5  -106.6
 10949   -11.4   116.5    22.5   -49.7   -18.4  -110.7
 10953   -11.5   111.9    22.2   -49.3   -18.2  -115.4
 10957   -11.5   107.2    22.8   -49.5   -18.3  -119.5
 10961   -11.5   102.8    23.1   -49.0   -18.4  -123.9
 10965   -11.6    98.3    23.9   -50.1   -18.7  -128.9
 10969   -11.6    94.0    23.8   -49.3   -18.6  -132.7
 10973   -11.7    90.4    23.7   -48.6   -18.6  -137.0
 10977   -11.7    85.6    23.8   -48.5   -18.5  -141.6
 10980   -11.6    80.5    25.0   -48.9   -19.0  -145.2
 10984   -11.6    77.1    24.3   -47.6   -18.5  -149.8
 10988   -11.8    72.1    25.0   -49.4   -18.8  -154.0
 10992   -11.8    68.1    25.2   -48.8   -18.8  -158.9
 10996   -11.7    63.6    25.6   -48.8   -18.9  -162.1
 11000   -11.9    58.9    25.3   -48.2   -18.7  -166.9
 11004   -11.8    54.5    25.6   -47.9   -18.8  -171.0
 11008   -11.9    50.1    25.9   -48.6   -18.9  -175.4
 11012   -11.9    45.5    26.3   -48.9   -19.0  -179.7
 11016   -11.9    41.6    26.3   -47.7   -18.9   175.7
 11020   -12.0    36.7    26.5   -48.4   -19.0   171.0
 11023   -12.0    33.0    26.5   -48.3   -19.0   167.1
 11027   -12.0    27.6    27.0   -48.7   -19.0   163.3
 11031   -12.0    24.2    26.8   -48.1   -18.9   158.1
 11035   -12.1    19.2    27.5   -49.2   -19.2   155.2
 11039   -12.0    14.6    27.6   -48.5   -19.2   150.7
 11043   -12.2    10.9    27.4   -48.5   -19.1   146.0
 11047   -12.2     5.5    27.9   -49.3   -19.2   141.5
 11051   -12.1     2.4    27.5   -47.6   -18.9   137.9
 11055   -12.1    -2.4    27.7   -48.2   -18.9   133.1
 11059   -12.3    -7.8    28.6   -49.8   -19.3   129.5
 11063   -12.2   -11.5    28.8   -48.6   -19.5   126.2
 11066   -12.3   -15.4    28.3   -48.4   -19.1   121.4
 11070   -12.3   -21.0    28.8   -48.9   -19.3   117.2
 11074   -12.2   -24.5    28.7   -47.9   -19.2   112.4
 11078   -12.4   -29.7    29.2   -49.2   -19.4   108.3
 11082   -12.4   -34.6    29.3   -49.2   -19.4   104.3
 11086   -12.4   -38.2    29.4   -49.5   -19.4   100.2
 11090   -12.5   -43.0    29.8   -49.9   -19.5    95.9
 11094   -12.4   -48.1    30.0   -49.9   -19.5    92.5
 11098   -12.3   -52.0    29.9   -49.7   -19.3    87.8
 11102   -12.5   -56.3    29.9   -49.7   -19.3    83.6
 11105   -12.5   -61.1    30.3   -50.2   -19.5    79.8
 11109   -12.5   -64.4    30.3   -49.6   -19.5    75.7
 11113   -12.6   -70.1    30.7   -50.9   -19.5    71.2
 11117   -12.5   -74.5    30.8   -50.3   -19.4    67.8
 11121   -12.5   -78.0    30.5   -49.9   -19.2    63.6
 11125   -12.7   -83.9    31.1   -50.7   -19.6    59.1
 11129   -12.6   -88.3    31.4   -51.1   -19.5    56.0
 11133   -12.7   -92.1    31.3   -51.0   -19.6    51.4
 11137   -12.7   -96.7    31.5   -51.2   -19.6    47.1
 11141   -12.7  -102.5    32.2   -52.3   -19.8    44.0
 11145   -12.7  -104.7    31.3   -50.3   -19.4    38.6
 11148   -12.8  -111.4    32.2   -52.5   -19.6    35.4
 11152   -12.7  -114.7    32.2   -51.6   -19.7    31.9
 11156   -12.8  -119.4    32.2   -52.0   -19.5    26.8
 11160   -12.8  -124.5    32.6   -52.4   -19.7    22.4
 11164   -12.7  -128.1    32.4   -51.2   -19.6    18.5
 11168   -12.9  -133.0    32.4   -51.7   -19.5    14.1
 11172   -12.8  -139.0    33.1   -52.6   -19.7    11.3
 11176   -12.8  -141.7    32.9   -52.0   -19.6     7.0
 11180   -13.0  -147.1    33.2   -53.8   -19.5     2.9
 11184   -12.8  -152.4    33.7   -53.5   -19.8    -0.4
 11188   -12.8  -155.7    33.2   -51.7   -19.6    -5.7
 11191   -12.9  -160.7    33.6   -53.2   -19.7    -9.1
 11195   -12.9  -165.5    33.8   -52.9   -19.7   -12.9
 11199   -12.9  -169.3    33.7   -53.1   -19.6   -17.8
 11203   -13.0  -174.6    34.0   -53.7   -19.6   -21.1
 11207   -12.9  -179.9    34.3   -53.9   -19.6   -24.7
 11211   -12.9   177.3    34.1   -53.5   -19.5   -28.7
 11215   -13.1   171.7    34.4   -54.6   -19.5   -33.5
 11219   -12.9   167.4    34.6   -53.9   -19.7   -37.0
 11223   -13.0   162.8    34.6   -54.0   -19.6   -41.4
 11227   -13.0   157.8    35.0   -54.8   -19.7   -44.2
 11230   -13.0   153.0    35.2   -55.3   -19.5   -47.4
 11234   -13.0   149.7    35.0   -53.9   -19.6   -53.3
 11238   -13.1   143.1    35.4   -55.5   -19.6   -56.9
 11242   -13.0   139.1    35.5   -55.3   -19.6   -59.2
 11246   -13.1   135.1    35.7   -55.5   -19.7   -64.7
 11250   -13.1   129.5    35.9   -56.4   -19.4   -67.5
 11254   -13.0   125.9    35.9   -55.9   -19.5   -71.3
 11258   -13.0   121.3    35.9   -55.7   -19.4   -76.4
 11262   -13.0   115.6    36.3   -56.4   -19.5   -79.9
 11266   -13.0   111.5    36.5   -56.2   -19.5   -82.9
 11270   -13.1   106.7    36.5   -57.3   -19.4   -86.8
 11273   -13.0   101.5    36.8   -57.2   -19.4   -90.7
 11277   -13.0    98.0    36.8   -57.2   -19.5   -94.6
 11281   -13.1    92.3    37.0   -57.2   -19.4   -99.5
 11285   -12.9    87.7    37.2   -57.4   -19.4  -102.8
 11289   -13.0    84.0    37.2   -57.1   -19.4  -106.4
 11293   -13.0    78.8    37.2   -57.4   -19.2  -110.7
 11297   -12.9    74.2    37.6   -58.5   -19.2  -112.7
 11301   -13.0    69.5    37.6   -58.5   -19.2  -117.8
 11305   -13.0    63.9    37.7   -59.1   -19.0  -122.6
 11309   -12.8    60.0    37.9   -58.2   -19.1  -125.1
 11313   -13.0    55.4    37.9   -58.2   -19.2  -130.4
 11316   -13.0    49.1    38.5   -59.6   -19.1  -133.0
 11320   -12.8    45.9    38.4   -59.1   -19.1  -136.4
 11324   -12.9    41.0    38.4   -59.7   -18.8  -140.9
 11328   -12.9    35.7    38.8   -60.9   -18.8  -142.9
 11332   -12.7    31.6    38.8   -59.4   -19.0  -148.0
 11336   -13.0    25.9    39.1   -60.8   -18.9  -152.5
 11340   -12.8    20.9    39.4   -60.5   -19.1  -155.0
 11344   -12.7    17.8    39.2   -60.0   -18.8  -159.7
 11348   -12.8    11.6    39.5   -61.3   -18.7  -163.2
 11352   -12.7     7.3    39.8   -61.1   -18.9  -166.2
 11355   -12.7     3.6    39.6   -61.2   -18.6  -169.8
 11359   -12.7    -2.3    40.1   -61.6   -18.8  -173.2
 11363   -12.6    -6.9    40.2   -61.8   -18.7  -177.3
 11367   -12.6   -11.4    40.3   -61.7   -18.6   178.7
 11371   -12.6   -17.7    40.6   -62.6   -18.5   174.7
 11375   -12.5   -21.1    40.8   -62.0   -18.7   171.7
 11379   -12.5   -26.0    40.7   -62.2   -18.4   167.2
 11383   -12.4   -31.8    41.1   -63.0   -18.5   164.3
 11387   -12.4   -35.5    41.2   -63.3   -18.4   160.8
 11391   -12.4   -40.6    41.1   -62.9   -18.2   155.4
 11395   -12.3   -46.4    41.7   -63.2   -18.5   152.7
 11398   -12.2   -50.1    41.7   -63.6   -18.4   150.0
 11402   -12.2   -55.3    41.7   -63.2   -18.2   144.0
 11406   -12.1   -60.5    42.1   -63.8   -18.2   141.8
 11410   -12.2   -64.5    42.3   -64.3   -18.3   139.1
 11414   -12.2   -70.8    42.4   -65.3   -18.0   135.0
 11418   -12.0   -74.2    42.6   -65.0   -18.0   132.8
 11422   -12.0   -78.6    42.5   -64.8   -17.8   127.6
 11426   -11.8   -83.9    42.7   -65.4   -17.5   124.1
 11430   -11.8   -89.0    43.2   -65.1   -18.0   121.2
 11434   -11.8   -93.2    43.0   -65.4   -17.6   116.5
 11438   -11.7   -99.7    43.5   -65.6   -17.8   112.6
 11441   -11.6  -103.1    43.5   -66.0   -17.6   109.7
 11445   -11.7  -108.8    43.8   -66.6   -17.6   106.6
 11449   -11.4  -113.7    44.0   -66.6   -17.4   103.5
 11453   -11.4  -117.5    44.0   -66.9   -17.3    99.2
 11457   -11.4  -122.7    44.1   -66.4   -17.2    94.4
 11461   -11.3  -128.5    44.7   -67.9   -17.3    93.0
 11465   -11.2  -132.3    44.6   -67.4   -17.1    88.4
 11469   -11.2  -138.2    44.9   -67.4   -17.2    84.5
 11473   -11.0  -142.6    45.1   -68.3   -16.9    81.7
 11477   -11.0  -147.0    45.1   -68.3   -16.7    77.3
 11480   -10.8  -152.2    45.2   -68.4   -16.6    73.9
 11484   -10.8  -156.9    45.7   -68.4   -16.8    71.4
 11488   -10.6  -161.5    45.6   -68.6   -16.4    65.6
 11492   -10.6  -167.7    46.1   -69.5   -16.5    63.6
 11496   -10.4  -171.7    46.3   -69.4   -16.5    60.7
 11500   -10.4  -176.4    46.2   -69.5   -16.1    55.6
 11504   -10.2   177.6    46.6   -70.0   -16.1    52.9
 11508   -10.1   174.1    46.7   -69.9   -16.0    49.0
 11512   -10.0   168.7    46.7   -70.8   -15.7    45.0
 11516    -9.9   163.5    47.2   -70.6   -15.8    42.3
 11520    -9.8   159.8    47.1   -70.7   -15.4    37.3
 11523    -9.6   154.1    47.3   -70.2   -15.4    33.3
 11527    -9.5   149.7    47.6   -71.5   -15.3    31.3
 11531    -9.4   145.1    47.7   -71.2   -15.1    26.5
 11535    -9.3   138.8    48.2   -72.1   -15.1    24.9
 11539    -9.1   134.6    48.3   -71.8   -15.0    21.0
 11543    -9.0   130.2    48.3   -72.2   -14.7    16.0
 11547    -8.8   124.0    48.8   -72.4   -14.6    13.9
 11551    -8.8   119.6    49.1   -72.7   -14.7    11.5
 11555    -8.6   115.3    49.0   -73.0   -14.2     6.0
 11559    -8.4   109.8    49.3   -72.9   -14.1     1.5
 11563    -8.2   105.9    49.3   -73.5   -13.8    -2.0
 11566    -8.0   100.3    49.6   -73.2   -13.7    -6.8
 11570    -7.8    94.8    50.1   -73.7   -13.7    -7.7
 11574    -7.6    90.8    49.9   -73.2   -13.4   -15.3
 11578    -7.4    85.2    50.1   -72.6   -13.2   -20.2
 11582    -7.2    80.2    50.6   -72.6   -13.4   -21.2
 11586    -7.0    76.6    50.2   -73.2   -12.6   -28.9
 11590    -6.8    71.3    50.5   -73.7   -12.4   -32.3
 11594    -6.5    66.5    50.7   -72.6   -12.4   -37.4
 11598    -6.4    62.1    50.7   -73.8   -12.0   -42.2
 11602    -6.0    56.6    50.8   -72.0   -12.0   -48.1
 11605    -5.7    52.0    50.9   -70.1   -12.0   -54.7
 11609    -5.4    48.1    50.4   -70.5   -11.2   -62.9
 11613    -5.0    42.7    50.9   -68.6   -11.5   -66.6
 11617    -4.8    39.0    50.4   -67.8   -10.9   -75.3
 11621    -4.5    33.5    50.6   -66.5   -11.0   -81.2
 11625    -4.1    28.5    50.8   -63.8   -11.0   -87.1
 11629    -3.8    25.3    50.0   -63.2   -10.4   -96.9
 11633    -3.4    19.6    50.3   -59.5   -10.7  -103.1
 11637    -3.0    15.8    50.0   -53.8   -10.9  -112.5
 11641    -2.6    12.6    48.4   -45.3   -10.9  -127.0
 11645    -2.3     7.3    49.0   -46.3   -10.7  -129.8
 11648    -1.8     2.9    49.4   -35.4   -11.5  -137.1
 11652    -1.5    -0.6    48.8   -22.6   -11.9  -147.7
 11656    -1.2    -5.1    49.0   -19.4   -11.9  -153.0
 11660    -0.7    -8.5    49.5    -4.6   -12.6  -161.0
 11664    -0.6   -12.3    48.8     5.0   -12.6  -169.7
 11668    -0.1   -16.8    50.7     8.6   -13.0  -173.2
 11672     0.1   -19.8    50.9    22.0   -13.4   178.1
 11676     0.4   -23.7    51.3    29.6   -13.6   171.0
 11680     0.7   -27.7    52.6    31.4   -13.8   167.1
 11684     0.8   -31.0    53.4    40.6   -14.3   159.4
 11688     1.0   -35.7    53.4    42.5   -14.1   153.3
 11691     1.2   -38.7    54.7    46.0   -14.5   148.5
 11695     1.2   -42.3    55.2    52.8   -14.8   141.4
 11699     1.5   -46.4    55.6    54.2   -14.9   135.7
 11703     1.5   -49.6    56.4    58.0   -15.3   129.8
 11707     1.5   -53.6    56.9    61.3   -15.6   122.9
 11711     1.6   -57.3    57.2    63.4   -15.7   116.7
 11715     1.5   -60.8    57.8    66.2   -16.0   110.3
 11719     1.6   -65.3    57.9    67.6   -16.2   103.3
 11723     1.6   -68.2    58.5    68.8   -16.7    97.5
 11727     1.4   -72.4    58.6    71.5   -17.0    89.7
 11730     1.4   -76.5    58.9    72.1   -17.4    82.6
 11734     1.3   -79.8    59.1    73.0   -17.9    75.9
 11738     1.2   -84.4    59.2    74.9   -18.2    68.1
 11742     1.1   -87.9    59.4    75.4   -18.8    60.6
 11746     1.0   -91.9    59.4    76.7   -19.4    53.1
 11750     0.9   -96.6    59.4    76.8   -20.2    44.6
 11754     0.8  -100.5    59.5    77.6   -20.6    36.8
 11758     0.6  -104.6    59.5    78.5   -21.5    27.8
 11762     0.5  -109.5    59.4    78.8   -22.2    17.8
 11766     0.3  -113.2    59.4    79.9   -23.2     6.1
 11770     0.1  -118.2    59.3    80.8   -23.8    -6.0
 11773    -0.0  -122.1    59.4    81.2   -24.9   -21.3
 11777    -0.3  -126.9    59.2    82.3   -25.2   -37.2
 11781    -0.4  -131.8    59.1    82.9   -25.5   -57.3
 11785    -0.6  -135.6    59.2    83.8   -25.6   -82.5
 11789    -0.9  -140.0    59.1    84.8   -24.5  -107.3
 11793    -1.2  -145.2    59.0    85.6   -22.7  -125.0
 11797    -1.4  -148.8    59.0    86.2   -21.8  -144.2
 11801    -1.7  -154.0    58.9    87.0   -20.1  -159.6
 11805    -1.9  -158.2    58.9    87.5   -18.8  -173.9
 11809    -2.2  -162.4    58.9    88.1   -17.8   172.8
 11813    -2.5  -167.6    58.7    88.6   -16.8   162.2
 11816    -2.7  -171.7    58.7    88.8   -16.2   149.9
 11820    -2.9  -176.4    58.6    88.9   -15.7   140.2
 11824    -3.2   178.5    58.5    89.2   -15.1   131.1
 11828    -3.3   174.4    58.4    88.9   -14.9   121.5
 11832    -3.6   168.9    58.2    88.9   -14.6   114.0
 11836    -3.7   164.6    58.1    88.6   -14.6   105.8
 11840    -3.9   160.3    58.0    88.7   -14.3    97.1
 11844    -4.1   154.6    57.8    88.5   -14.2    91.6
 11848    -4.2   150.6    57.8    88.4   -14.1    83.4
 11852    -4.4   145.2    57.6    88.0   -14.2    78.0
 11855    -4.6   139.9    57.4    88.0   -14.0    72.4
 11859    -4.6   135.8    57.3    87.5   -14.2    65.9
 11863    -4.9   129.9    57.1    87.4   -14.0    61.9
 11867    -5.0   125.1    57.0    87.0   -14.0    56.5
 11871    -5.1   120.3    56.8    86.8   -14.0    51.8
 11875    -5.3   114.1    56.6    86.6   -13.8    48.6
 11879    -5.4   109.4    56.4    86.4   -13.6    43.3
 11883    -5.3   103.2    56.2    85.4   -13.9    41.4
 11887    -5.5    96.3    55.9    85.1   -13.7    39.6
 11891    -5.4    91.3    55.8    84.5   -13.8    35.6
 11895    -5.5    83.4    55.4    84.0   -13.7    35.5
 11898    -5.4    77.6    55.2    83.3   -13.7    32.6
 11902    -5.5    70.8    55.0    82.6   -13.7    31.3
 11906    -5.5    63.2    54.6    82.2   -13.5    30.3
 11910    -5.4    56.4    54.4    81.2   -13.6    29.2
 11914    -5.2    48.6    54.0    79.9   -14.0    30.4
 11918    -5.0    40.1    53.6    78.9   -14.0    31.1
 11922    -4.7    34.2    53.3    77.7   -14.4    29.2
 11926    -4.4    24.6    52.8    75.6   -15.1    34.2
 11930    -4.2    17.8    52.4    74.6   -15.2    32.6
 11934    -3.9     9.0    51.9    73.3   -15.6    36.6
 11938    -3.4     1.5    51.4    70.1   -16.9    38.2
 11941    -3.1    -5.5    51.0    68.3   -17.4    37.7
 11945    -2.6   -12.7    50.4    64.9   -18.7    40.3
 11949    -2.4   -20.2    49.9    63.1   -19.2    40.6
 11953    -1.9   -26.1    49.5    59.6   -20.5    40.4
 11957    -1.7   -32.8    49.0    57.2   -21.2    40.4
 11961    -1.3   -40.6    48.3    53.3   -22.4    43.8
 11965    -1.1   -45.7    48.1    50.8   -23.2    40.5
 11969    -1.0   -53.6    47.3    48.6   -23.6    45.0
 11973    -0.7   -58.8    47.0    45.0   -24.6    42.6
 11977    -0.5   -64.1    46.7    41.0   -26.1    44.4
 11980    -0.2   -71.6    46.0    35.8   -27.2    51.1
 11984    -0.3   -74.5    46.3    36.3   -27.4    37.8
 11988    -0.0   -82.0    45.5    30.3   -28.9    50.3
 11992     0.1   -87.7    45.2    26.8   -29.7    53.6
 11996     0.1   -92.9    44.9    25.2   -30.0    54.0
 12000     0.2   -99.3    44.4    20.9   -30.7    62.2
 12004     0.4  -104.7    44.2    17.8   -31.3    65.5
 12008     0.4  -108.7    44.3    15.9   -32.4    65.3
 12012     0.4  -115.3    43.6    13.5   -31.5    68.3
 12016     0.5  -120.2    43.5    10.4   -31.7    72.9
 12020     0.4  -124.6    43.6     8.7   -32.4    75.4
 12023     0.5  -131.0    43.0     4.4   -31.7    82.3
 12027     0.5  -136.0    42.8     2.2   -31.0    82.5
 12031     0.5  -140.4    42.9     0.9   -31.5    82.9
 12035     0.5  -145.8    42.5    -0.1   -30.9    77.0
 12039     0.4  -150.8    42.3    -1.8   -30.7    80.0
 12043     0.3  -156.7    41.7    -4.2   -29.7    76.9
 12047     0.3  -161.3    41.7    -5.5   -29.7    75.9
 12051     0.3  -165.8    41.6    -7.2   -29.4    77.4
 12055     0.3  -171.2    41.3    -9.0   -29.1    73.1
 12059     0.3  -176.0    41.1   -11.0   -28.4    71.7
 12063     0.1   179.2    40.8   -10.8   -28.4    68.1
 12066     0.2   174.2    40.7   -13.5   -28.0    66.9
 12070     0.1   170.3    40.7   -12.1   -28.4    62.0
 12074     0.0   164.1    40.1   -16.9   -27.1    63.2
 12078    -0.0   160.2    40.2   -15.5   -27.5    56.3
 12082    -0.1   153.9    39.3   -19.7   -26.1    54.5
 12086    -0.1   149.9    39.5   -19.4   -26.5    51.1
 12090    -0.2   146.0    39.5   -18.7   -26.4    48.4
 12094    -0.2   140.8    39.3   -21.2   -26.0    46.4
 12098    -0.3   136.0    38.9   -20.8   -25.9    38.8
 12102    -0.4   131.4    38.6   -23.0   -25.3    37.7
 12105    -0.4   126.4    38.4   -24.5   -25.1    33.7
 12109    -0.5   122.5    38.5   -23.1   -25.3    28.8
 12113    -0.6   117.4    38.0   -24.7   -24.6    24.9
 12117    -0.7   112.4    37.8   -26.6   -24.3    22.6
 12121    -0.7   108.3    37.7   -26.3   -24.3    16.9
 12125    -0.8   103.7    37.2   -26.0   -23.9    11.7
 12129    -0.8    98.3    37.1   -30.5   -23.4     9.6
 12133    -0.9    95.2    37.2   -27.2   -23.8     4.3
 12137    -1.0    89.1    36.5   -32.4   -22.7     2.4
 12141    -1.0    84.7    36.3   -32.4   -22.5    -2.3
 12145    -1.1    80.4    36.0   -32.0   -22.3    -7.5
 12148    -1.1    75.3    35.9   -35.3   -21.8    -9.8
 12152    -1.2    71.6    35.7   -32.7   -21.9   -16.8
 12156    -1.3    67.4    35.6   -32.6   -21.9   -20.7
 12160    -1.4    62.3    35.0   -34.6   -21.2   -26.5
 12164    -1.4    58.2    35.1   -34.9   -21.3   -29.0
 12168    -1.5    52.9    34.6   -37.6   -20.5   -33.3
 12172    -1.5    49.6    34.8   -34.1   -21.1   -39.9
 12176    -1.6    44.2    34.4   -38.8   -20.2   -41.2
 12180    -1.7    40.3    34.1   -36.0   -20.2   -49.4
 12184    -1.7    35.9    34.0   -36.9   -20.0   -53.5
 12188    -1.8    31.1    33.5   -39.0   -19.3   -58.4
 12191    -1.9    26.9    33.5   -38.3   -19.4   -63.5
 12195    -1.9    22.4    33.2   -40.2   -19.0   -67.2
 12199    -2.0    18.1    33.0   -39.2   -18.9   -73.6
 12203    -2.1    14.0    33.0   -38.5   -18.9   -78.7
 12207    -2.1     8.8    32.3   -42.4   -17.8   -83.2
 12211    -2.2     4.9    32.2   -40.2   -18.1   -90.8
 12215    -2.2     0.7    32.1   -42.1   -17.6   -93.8
 12219    -2.3    -3.4    31.9   -39.4   -17.9  -101.4
 12223    -2.4    -8.5    31.4   -42.6   -17.1  -106.6
 12227    -2.4   -12.2    31.5   -41.6   -17.3  -110.9
 12230    -2.5   -16.9    31.2   -42.2   -17.0  -117.2
 12234    -2.5   -20.9    31.0   -41.4   -17.0  -123.4
 12238    -2.6   -25.8    30.7   -45.0   -16.2  -127.5
 12242    -2.7   -30.2    30.2   -45.0   -15.9  -135.1
 12246    -2.7   -34.1    30.4   -44.2   -16.2  -138.7
 12250    -2.8   -38.5    30.0   -44.5   -15.8  -146.2
 12254    -2.8   -42.2    29.8   -41.5   -16.2  -154.0
 12258    -2.9   -46.9    29.6   -44.2   -15.6  -158.8
 12262    -2.9   -52.4    28.8   -50.8   -14.1  -166.7
 12266    -3.0   -55.2    29.3   -43.2   -15.7  -170.3
 12270    -3.1   -60.3    28.5   -47.0   -14.7  -179.4
 12273    -3.1   -64.5    28.4   -46.2   -14.9   174.4
 12277    -3.2   -68.1    28.5   -43.4   -15.5   170.3
 12281    -3.2   -73.2    27.6   -48.9   -14.3   160.5
 12285    -3.3   -76.9    27.8   -46.4   -14.8   157.4
 12289    -3.3   -81.6    27.3   -49.8   -14.2   149.3
 12293    -3.4   -86.0    26.9   -49.3   -14.3   141.3
 12297    -3.4   -89.1    27.2   -42.7   -15.4   138.9
 12301    -3.5   -94.1    26.6   -46.5   -14.7   130.1
 12305    -3.5   -98.8    26.2   -49.1   -14.4   122.4
 12309    -3.6  -102.0    26.5   -44.5   -15.2   120.7
 12313    -3.6  -107.2    25.5   -49.3   -14.5   109.7
 12316    -3.7  -111.1    25.5   -45.9   -15.1   105.2
 12320    -3.7  -115.1    25.4   -45.1   -15.2   100.4
 12324    -3.8  -119.3    25.0   -46.2   -15.2    93.8
 12328    -3.8  -123.6    24.8   -47.4   -15.1    88.0
 12332    -3.9  -127.9    24.4   -48.2   -15.1    81.7
 12336    -3.9  -132.2    24.3   -45.6   -15.5    76.3
 12340    -4.0  -136.4    24.0   -48.6   -15.2    70.2
 12344    -4.0  -140.5    23.7   -46.0   -15.6    65.0
 12348    -4.1  -144.4    23.4   -46.0   -15.7    59.2
 12352    -4.1  -148.8    23.2   -44.6   -15.9    54.3
 12355    -4.2  -152.9    22.8   -43.9   -16.0    48.6
 12359    -4.2  -156.9    22.9   -42.8   -16.1    44.4
 12363    -4.3  -161.7    22.0   -46.2   -16.0    36.1
 12367    -4.3  -165.5    22.0   -43.3   -16.4    32.4
 12371    -4.4  -170.3    20.8   -49.2   -16.0    23.4
 12375    -4.4  -174.0    20.9   -45.6   -16.3    20.5
 12379    -4.5  -178.2    20.9   -42.4   -16.7    16.1
 12383    -4.5   177.2    20.2   -45.8   -16.5     8.8
 12387    -4.6   173.2    19.9   -44.7   -16.7     4.5
 12391    -4.6   169.7    20.2   -39.0   -17.0     1.6
 12395    -4.7   165.4    19.6   -39.3   -17.1    -3.9
 12398    -4.7   161.4    19.2   -38.4   -17.2    -9.1
 12402    -4.8   157.2    19.2   -35.9   -17.4   -13.6
 12406    -4.8   153.1    18.8   -36.0   -17.4   -18.7
 12410    -4.9   148.7    18.3   -34.8   -17.5   -24.0
 12414    -4.9   144.6    18.1   -32.9   -17.6   -28.7
 12418    -4.9   140.2    17.7   -32.6   -17.7   -34.2
 12422    -5.0   136.2    17.0   -31.6   -17.8   -38.9
 12426    -5.0   132.1    16.9   -29.9   -17.9   -43.4
 12430    -5.1   128.4    17.0   -25.7   -17.9   -47.6
 12434    -5.1   123.6    15.4   -30.2   -17.9   -54.2
 12438    -5.1   120.3    16.9   -22.2   -18.1   -57.0
 12441    -5.2   115.8    15.9   -21.2   -18.2   -62.5
 12445    -5.2   112.2    17.1   -14.7   -18.3   -65.5
 12449    -5.3   107.9    16.3   -14.4   -18.5   -71.0
 12453    -5.3   103.6    15.7   -12.6   -18.4   -76.3
 12457    -5.3    99.7    16.2    -8.8   -18.5   -80.2
 12461    -5.4    95.4    14.9    -9.9   -18.5   -86.0
 12465    -5.5    91.4    15.9    -4.6   -18.7   -89.8
 12469    -5.5    87.2    15.1    -3.4   -18.6   -95.2
 12473    -5.5    83.2    15.5    -1.3   -18.8   -99.8
 12477    -5.6    78.9    14.4     2.9   -18.6  -104.7
 12480    -5.6    75.5    16.3     3.9   -18.9  -108.3
 12484    -5.7    70.7    14.8     7.7   -18.8  -114.1
 12488    -5.7    67.2    15.4    10.0   -19.0  -117.6
 12492    -5.7    63.2    15.7    11.1   -19.1  -122.3
 12496    -5.8    59.1    16.3    13.6   -19.1  -126.8
 12500    -5.8    55.0    16.0    15.5   -19.2  -131.5
 12504    -5.9    50.5    15.0    19.6   -19.1  -137.0
 12508    -5.9    46.3    14.9    22.1   -19.0  -141.9
 12512    -6.0    42.1    14.5    26.0   -19.0  -146.7
 12516    -6.0    38.5    15.8    25.6   -19.3  -149.9
 12520    -6.0    34.6    16.5    25.7   -19.1  -155.3
 12523    -6.1    30.1    15.5    30.9   -19.2  -159.8
 12527    -6.1    25.8    15.0    35.9   -19.0  -165.1
 12531    -6.1    22.3    16.5    31.5   -19.2  -169.7
 12535    -6.2    18.1    16.0    35.7   -19.1  -174.3
 12539    -6.2    14.5    17.4    31.0   -19.4  -178.6
 12543    -6.2     9.8    16.3    37.5   -19.2   175.7
 12547    -6.3     5.6    16.5    38.7   -19.2   170.9
 12551    -6.3     1.8    16.8    39.3   -19.3   166.5
 12555    -6.3    -2.5    17.0    40.7   -19.2   161.6
 12559    -6.4    -6.1    17.4    41.9   -19.2   157.5
 12563    -6.5   -10.4    17.1    44.4   -19.1   152.3
 12566    -6.5   -14.3    17.6    42.7   -19.2   147.2
 12570    -6.5   -18.7    17.2    47.2   -19.0   142.6
 12574    -6.6   -22.0    18.2    41.4   -19.4   137.5
 12578    -6.6   -26.2    18.5    43.8   -19.1   132.9
 12582    -6.6   -29.9    18.8    40.7   -19.5   127.7
 12586    -6.7   -34.6    18.6    45.3   -19.2   122.6
 12590    -6.7   -38.4    18.8    45.0   -19.1   117.5
 12594    -6.7   -43.0    18.3    50.9   -18.9   113.5
 12598    -6.7   -46.1    19.1    46.6   -19.1   108.2
 12602    -6.8   -50.5    19.1    47.1   -19.2   103.1
 12605    -6.9   -54.2    19.3    47.9   -19.1    98.6
 12609    -6.9   -58.3    19.7    46.7   -19.2    92.0
 12613    -6.9   -62.3    19.6    48.0   -19.1    87.4
 12617    -6.9   -66.0    20.0    47.4   -19.1    82.7
 12621    -7.0   -71.0    19.3    52.6   -18.9    77.6
 12625    -7.0   -74.8    19.8    49.9   -18.9    71.3
 12629    -7.0   -78.9    19.8    50.8   -18.8    66.1
 12633    -7.1   -82.6    20.1    48.9   -18.9    60.8
 12637    -7.1   -86.6    20.3    49.7   -19.0    55.5
 12641    -7.1   -90.1    20.5    47.1   -19.2    50.0
 12645    -7.2   -94.6    20.5    51.2   -18.8    44.3
 12648    -7.2   -98.4    20.6    50.3   -19.1    39.2
 12652    -7.2  -102.4    20.9    48.5   -19.1    32.9
 12656    -7.3  -106.8    20.7    52.1   -18.8    27.8
 12660    -7.4  -110.7    20.8    52.9   -18.9    22.5
 12664    -7.4  -114.7    20.9    52.5   -18.9    16.6
 12668    -7.4  -118.0    21.5    48.3   -19.5     9.7
 12672    -7.4  -122.2    21.3    50.3   -19.3     4.6
 12676    -7.5  -126.8    21.1    52.4   -19.1    -0.3
 12680    -7.5  -130.4    21.2    50.8   -19.4    -6.3
 12684    -7.5  -134.4    21.5    50.9   -19.4   -12.2
 12688    -7.5  -138.5    21.6    51.4   -19.5   -17.8
 12691    -7.6  -142.3    21.7    50.8   -19.8   -23.8
 12695    -7.6  -146.7    21.7    51.5   -19.9   -29.3
 12699    -7.7  -149.9    22.1    49.5   -20.4   -35.3
 12703    -7.7  -154.3    22.0    50.7   -20.2   -40.5
 12707    -7.7  -158.2    22.1    49.7   -20.6   -45.9
 12711    -7.7  -162.1    22.1    50.0   -20.7   -50.7
 12715    -7.8  -166.0    22.3    50.0   -21.0   -56.9
 12719    -7.8  -169.9    22.3    50.9   -21.0   -61.5
 12723    -7.8  -174.3    22.3    50.1   -21.4   -67.1
 12727    -7.9  -177.9    22.4    49.2   -21.8   -72.0
 12730    -7.9   177.8    22.5    50.6   -21.6   -77.2
 12734    -8.0   174.1    22.7    49.8   -22.1   -82.0
 12738    -8.0   170.4    22.7    49.6   -22.5   -86.1
 12742    -8.0   166.4    22.8    48.0   -22.7   -91.2
 12746    -8.0   162.6    23.0    47.9   -23.0   -95.0
 12750    -8.0   158.2    22.8    49.3   -22.9   -99.7
 12754    -8.1   154.5    23.0    48.8   -23.1  -103.7
 12758    -8.1   150.2    23.0    50.0   -23.3  -107.5
 12762    -8.2   146.5    23.3    49.3   -23.6  -112.5
 12766    -8.2   142.9    23.4    46.7   -24.1  -116.8
 12770    -8.2   138.6    23.4    47.5   -24.1  -120.4
 12773    -8.2   134.7    23.4    48.6   -24.2  -124.2
 12777    -8.2   131.1    23.5    46.0   -24.6  -127.8
 12781    -8.3   126.7    23.5    48.8   -24.4  -130.7
 12785    -8.3   123.0    23.8    46.4   -24.5  -135.7
 12789    -8.3   119.3    23.6    45.7   -24.9  -139.6
 12793    -8.4   115.4    23.8    47.8   -24.8  -141.7
 12797    -8.4   111.5    23.7    47.8   -25.0  -145.7
 12801    -8.4   107.5    23.9    45.7   -25.0  -149.5
 12805    -8.4   103.6    24.1    46.4   -25.1  -153.1
 12809    -8.5    99.5    23.9    45.4   -25.2  -158.2
 12813    -8.5    96.2    24.3    44.8   -25.3  -161.0
 12816    -8.5    91.4    23.9    45.9   -25.2  -164.6
 12820    -8.6    87.8    24.1    45.8   -25.1  -169.2
 12824    -8.6    83.6    24.1    45.8   -25.2  -172.6
 12828    -8.6    79.8    24.3    45.2   -25.1  -176.9
 12832    -8.6    75.8    24.2    45.4   -25.2   179.6
 12836    -8.6    72.3    24.4    43.8   -25.2   175.5
 12840    -8.7    67.9    24.2    44.5   -25.3   171.0
 12844    -8.7    64.3    24.5    43.2   -25.2   167.2
 12848    -8.7    60.4    24.7    42.7   -25.0   162.7
 12852    -8.8    56.5    24.6    43.4   -25.2   158.9
 12855    -8.8    52.6    24.6    42.4   -25.2   154.5
 12859    -8.8    48.8    24.7    42.9   -25.2   150.7
 12863    -8.8    44.6    24.7    42.1   -24.9   146.4
 12867    -8.9    41.1    24.8    41.8   -25.2   142.0
 12871    -8.8    37.0    24.8    41.9   -25.1   137.8
 12875    -8.9    33.2    24.8    42.0   -24.9   134.1
 12879    -9.0    28.7    24.8    42.8   -24.8   129.7
 12883    -8.9    25.7    25.0    39.7   -25.2   124.4
 12887    -9.0    21.5    25.0    40.6   -24.8   120.3
 12891    -9.0    17.5    25.0    40.3   -24.8   117.0
 12895    -9.0    14.3    25.0    39.8   -24.9   112.7
 12898    -9.0    10.3    25.3    39.1   -24.9   106.6
 12902    -9.0     6.1    25.3    39.6   -24.7   102.5
 12906    -9.1     2.2    25.3    39.4   -24.6    98.0
 12910    -9.1    -1.3    25.4    38.2   -25.0    93.3
 12914    -9.1    -5.9    25.2    39.1   -24.5    89.6
 12918    -9.1    -9.4    25.3    39.2   -24.4    84.9
 12922    -9.1   -13.2    25.4    37.4   -24.6    79.7
 12926    -9.2   -17.3    25.4    37.9   -24.5    75.2
 12930    -9.2   -21.0    25.5    37.4   -24.7    70.6
 12934    -9.2   -24.7    25.4    37.3   -24.5    66.4
 12938    -9.2   -28.5    25.5    36.2   -24.6    61.2
 12941    -9.3   -32.5    25.6    36.4   -24.4    56.6
 12945    -9.3   -36.0    25.8    35.8   -24.5    51.0
 12949    -9.3   -40.4    25.6    37.0   -24.3    48.4
 12953    -9.3   -44.3    25.7    35.4   -24.4    42.1
 12957    -9.3   -48.0    25.7    35.6   -24.3    37.8
 12961    -9.3   -52.1    25.6    35.5   -24.3    34.1
 12965    -9.3   -55.7    25.9    34.3   -24.3    27.4
 12969    -9.4   -59.6    25.9    35.3   -24.1    23.3
 12973    -9.4   -63.3    25.9    33.7   -24.3    18.3
 12977    -9.4   -67.2    25.9    34.3   -24.3    13.9
 12980    -9.5   -71.3    26.0    34.3   -24.2     8.5
 12984    -9.4   -75.0    26.1    33.3   -24.2     4.2
 12988    -9.4   -78.9    26.0    33.4   -24.1    -0.6
 12992    -9.4   -82.9    26.1    33.6   -24.0    -5.1
 12996    -9.5   -86.5    26.0    32.2   -24.3   -10.1
 13000    -9.4   -90.2    26.1    31.9   -24.2   -14.8
 13004    -9.5   -94.1    26.2    32.1   -24.2   -20.5
 13008    -9.5   -98.2    26.3    32.2   -24.1   -25.0
 13012    -9.6  -102.0    26.2    31.5   -24.1   -29.2
 13016    -9.6  -105.5    26.3    31.5   -24.3   -34.6
 13020    -9.6  -109.5    26.3    30.6   -24.2   -39.8
 13023    -9.6  -113.4    26.3    30.8   -24.1   -44.2
 13027    -9.6  -117.5    26.4    29.5   -24.0   -49.3
 13031    -9.6  -121.1    26.4    30.3   -24.1   -54.1
 13035    -9.7  -125.1    26.4    29.6   -24.2   -59.6
 13039    -9.6  -128.9    26.5    29.6   -24.0   -63.6
 13043    -9.6  -132.5    26.5    28.0   -24.3   -68.7
 13047    -9.6  -136.3    26.7    28.5   -24.1   -74.3
 13051    -9.7  -140.5    26.5    27.8   -24.3   -78.3
 13055    -9.6  -143.9    26.7    27.6   -24.2   -83.5
 13059    -9.7  -147.5    26.7    27.0   -24.3   -88.8
 13063    -9.7  -151.6    26.7    27.0   -24.3   -93.2
 13066    -9.7  -155.7    26.7    26.6   -24.2   -98.0
 13070    -9.7  -159.5    26.7    26.5   -24.3  -102.1
 13074    -9.8  -163.5    26.7    26.0   -24.2  -107.4
 13078    -9.7  -166.9    26.8    25.5   -24.4  -112.0
 13082    -9.8  -171.5    26.8    25.4   -24.2  -117.5
 13086    -9.8  -174.5    26.9    24.9   -24.4  -122.4
 13090    -9.8  -178.8    26.8    24.9   -24.2  -126.4
 13094    -9.8   177.6    26.9    23.8   -24.4  -131.5
 13098    -9.7   174.4    27.0    23.5   -24.5  -136.2
 13102    -9.8   170.1    26.8    23.7   -24.5  -141.5
 13105    -9.8   166.5    27.0    23.5   -24.5  -146.9
 13109    -9.8   162.2    27.1    23.5   -24.4  -149.9
 13113    -9.8   158.4    27.1    21.8   -24.6  -155.8
 13117    -9.8   154.9    27.1    22.3   -24.5  -161.1
 13121    -9.8   150.7    27.0    21.8   -24.5  -165.2
 13125    -9.8   147.2    26.9    21.5   -24.6  -169.9
 13129    -9.7   143.5    27.3    20.1   -24.7  -175.9
 13133    -9.8   139.1    27.1    20.8   -24.4  -179.3
 13137    -9.8   135.4    27.1    20.4   -24.6   176.0
 13141    -9.8   131.6    27.2    20.3   -24.6   171.2
 13145    -9.8   127.9    27.3    19.7   -24.7   165.9
 13148    -9.7   124.6    27.4    19.4   -24.8   160.7
 13152    -9.8   120.7    27.3    19.4   -24.8   156.0
 13156    -9.8   116.7    27.3    19.4   -24.6   151.4
 13160    -9.8   112.8    27.4    18.9   -24.7   147.7
 13164    -9.8   109.3    27.4    18.0   -24.8   141.6
 13168    -9.8   105.3    27.4    18.0   -24.7   137.1
 13172    -9.8   101.7    27.5    16.5   -25.0   131.9
 13176    -9.8    97.5    27.5    16.3   -24.9   127.7
 13180    -9.8    93.8    27.4    16.0   -24.9   122.2
 13184    -9.8    89.8    27.5    15.4   -25.0   118.3
 13188    -9.8    86.3    27.6    15.3   -25.0   113.3
 13191    -9.7    82.7    27.7    15.8   -25.0   108.8
 13195    -9.8    78.7    27.6    14.4   -25.1   104.4
 13199    -9.8    75.0    27.4    14.3   -25.1    98.3
 13203    -9.8    71.1    27.7    13.8   -25.1    93.9
 13207    -9.8    67.5    27.6    14.6   -25.1    89.4
 13211    -9.7    63.6    27.7    13.4   -25.1    84.9
 13215    -9.8    59.4    27.7    13.0   -25.1    79.6
 13219    -9.7    55.8    27.7    13.1   -25.1    75.1
 13223    -9.8    52.1    27.8    12.8   -25.1    69.7
 13227    -9.7    48.2    27.7    12.3   -25.0    66.1
 13230    -9.8    44.5    27.7    11.9   -25.2    60.7
 13234    -9.7    41.2    27.8    11.4   -25.2    56.3
 13238    -9.7    37.2    27.8    11.8   -25.2    50.4
 13242    -9.7    33.2    27.9    10.0   -25.3    47.1
 13246    -9.7    29.6    28.0    10.3   -25.2    41.2
 13250    -9.7    25.7    28.0     9.6   -25.2    36.7
 13254    -9.7    21.7    27.9     9.2   -25.3    31.7
 13258    -9.7    18.0    28.0     9.0   -25.3    27.6
 13262    -9.7    14.7    28.0     8.5   -25.3    22.1
 13266    -9.6    10.4    28.0     8.2   -25.3    17.5
 13270    -9.7     7.0    28.1     8.3   -25.3    11.9
 13273    -9.7     3.0    28.0     7.6   -25.3     7.4
 13277    -9.6    -0.2    28.0     7.2   -25.4     2.4
 13281    -9.6    -4.4    28.1     7.2   -25.3    -1.8
 13285    -9.6    -8.5    28.1     6.2   -25.4    -6.6
 13289    -9.6   -12.3    28.0     5.9   -25.3   -11.9
 13293    -9.6   -15.6    28.1     6.3   -25.3   -17.0
 13297    -9.6   -19.4    28.1     5.0   -25.4   -21.6
 13301    -9.6   -23.7    28.1     5.2   -25.4   -26.4
 13305    -9.5   -27.0    28.1     4.9   -25.3   -30.9
 13309    -9.6   -31.0    28.2     3.6   -25.4   -36.9
 13313    -9.5   -34.8    28.2     4.3   -25.4   -41.0
 13316    -9.5   -38.2    28.2     3.8   -25.3   -46.2
 13320    -9.5   -42.2    28.2     2.5   -25.4   -50.6
 13324    -9.5   -45.8    28.2     3.1   -25.4   -56.0
 13328    -9.5   -49.6    28.3     2.6   -25.4   -61.0
 13332    -9.4   -53.3    28.3     2.5   -25.3   -66.1
 13336    -9.4   -57.0    28.2     2.0   -25.3   -70.8
 13340    -9.3   -60.9    28.3     1.0   -25.3   -76.3
 13344    -9.3   -64.2    28.3     1.1   -25.3   -80.7
 13348    -9.3   -68.5    28.3     0.5   -25.3   -85.7
 13352    -9.3   -72.1    28.3     0.3   -25.3   -90.8
 13355    -9.2   -76.2    28.3    -0.2   -25.4   -95.5
 13359    -9.2   -79.4    28.3     0.4   -25.3  -100.3
 13363    -9.2   -83.3    28.3    -0.5   -25.3  -105.8
 13367    -9.2   -86.9    28.2    -0.9   -25.1  -111.0
 13371    -9.2   -91.2    28.3    -2.1   -25.3  -116.0
 13375    -9.1   -94.3    28.4    -1.5   -25.2  -121.6
 13379    -9.1   -98.5    28.3    -2.2   -25.2  -125.4
 13383    -9.0  -101.8    28.4    -3.1   -25.1  -131.4
 13387    -9.0  -105.6    28.3    -3.5   -25.0  -136.9
 13391    -9.0  -109.4    28.3    -2.5   -25.0  -141.2
 13395    -8.9  -113.3    28.4    -3.3   -25.1  -146.9
 13398    -8.9  -116.7    28.3    -3.9   -25.0  -151.9
 13402    -8.9  -120.5    28.2    -3.9   -24.9  -157.0
 13406    -8.9  -124.3    28.3    -4.1   -25.0  -162.4
 13410    -8.8  -127.8    28.3    -4.1   -25.0  -166.9
 13414    -8.8  -131.6    28.2    -4.5   -24.9  -172.7
 13418    -8.7  -135.3    28.2    -5.6   -24.9  -178.6
 13422    -8.6  -138.8    28.3    -5.4   -24.7   176.1
 13426    -8.6  -142.8    28.2    -5.2   -24.8   171.2
 13430    -8.6  -146.1    28.2    -4.9   -24.6   165.1
 13434    -8.5  -150.2    28.3    -6.0   -24.6   159.5
 13438    -8.5  -153.9    28.1    -7.2   -24.5   154.0
 13441    -8.4  -157.8    28.1    -6.4   -24.5   149.3
 13445    -8.4  -161.1    28.2    -7.1   -24.4   142.9
 13449    -8.2  -165.3    28.2    -6.6   -24.5   137.7
 13453    -8.3  -168.5    28.0    -7.3   -24.3   131.7
 13457    -8.2  -172.1    28.0    -7.1   -24.2   126.7
 13461    -8.2  -176.2    27.8    -7.9   -24.1   120.6
 13465    -8.1  -179.7    27.8    -8.0   -24.0   114.7
 13469    -8.0   176.5    27.9    -7.5   -24.1   109.1
 13473    -7.9   173.0    27.7    -8.2   -23.9   103.6
 13477    -7.9   168.8    27.8    -8.3   -24.0    99.0
 13480    -7.8   165.2    27.7    -8.5   -23.8    92.5
 13484    -7.8   161.7    27.5    -8.7   -23.7    85.8
 13488    -7.7   158.3    27.4    -9.0   -23.4    79.4
 13492    -7.6   154.6    27.4    -8.5   -23.3    74.1
 13496    -7.5   150.7    27.4    -8.5   -23.3    68.7
 13500    -7.4   146.9    27.4    -8.5   -23.3    62.1
 13504    -7.3   143.2    27.3    -8.0   -23.2    57.2
 13508    -7.3   139.3    27.2    -7.1   -23.1    50.8
 13512    -7.3   135.9    26.9    -8.5   -22.8    44.2
 13516    -7.1   131.9    26.8    -8.1   -22.5    37.2
 13520    -7.0   128.3    26.8    -6.6   -22.7    32.3
 13523    -7.0   124.6    26.7    -7.4   -22.4    24.8
 13527    -6.8   120.5    26.8    -6.5   -22.5    19.7
 13531    -6.7   116.8    26.5    -6.3   -22.2    12.4
 13535    -6.7   113.2    26.3    -5.7   -22.2     7.2
 13539    -6.6   109.7    26.1    -6.5   -21.8     0.3
 13543    -6.5   105.6    26.1    -3.5   -21.9    -5.2
 13547    -6.3   101.6    26.2    -3.1   -21.8   -12.0
 13551    -6.3    98.1    25.9    -1.9   -21.7   -17.5
 13555    -6.1    94.4    25.7    -1.8   -21.3   -24.6
 13559    -6.0    90.6    25.4    -0.6   -21.0   -31.5
 13563    -6.0    86.4    25.3     0.7   -21.1   -37.6
 13566    -5.8    82.8    25.4     2.2   -21.0   -43.8
 13570    -5.8    79.1    25.1     3.4   -20.7   -50.6
 13574    -5.6    75.3    24.8     5.0   -20.3   -57.9
 13578    -5.5    71.1    25.0     7.0   -20.5   -63.1
 13582    -5.3    67.2    24.8     9.4   -20.2   -70.2
 13586    -5.2    63.5    24.6    12.1   -19.9   -76.7
 13590    -5.1    59.6    24.7    14.1   -19.9   -83.7
 13594    -5.0    55.9    24.4    16.9   -19.5   -89.9
 13598    -4.9    51.7    24.9    19.3   -19.6   -96.7
 13602    -4.7    47.8    24.4    22.9   -19.0  -103.5
 13605    -4.6    43.8    24.6    25.2   -19.0  -109.2
 13609    -4.5    40.3    24.2    29.3   -18.4  -116.0
 13613    -4.3    35.7    24.8    31.3   -18.4  -123.0
 13617    -4.2    31.7    24.7    35.6   -17.9  -130.0
 13621    -4.1    28.1    24.6    39.8   -17.5  -135.2
 13625    -3.9    24.0    25.0    42.8   -17.2  -142.8
 13629    -3.8    19.5    25.8    43.5   -17.2  -150.3
 13633    -3.7    15.5    25.8    48.4   -16.5  -157.1
 13637    -3.5    11.6    26.3    51.1   -16.1  -164.1
 13641    -3.4     7.6    26.4    53.5   -15.8  -170.2
 13645    -3.2     3.3    27.0    55.4   -15.4  -178.4
 13648    -3.1    -0.7    27.3    59.4   -14.6   174.9
 13652    -2.9    -4.9    27.9    60.7   -14.2   166.8
 13656    -2.8    -9.1    28.3    63.0   -13.6   159.6
 13660    -2.7   -13.6    29.0    61.9   -13.5   148.6
 13664    -2.6   -17.8    29.1    65.8   -12.6   143.6
 13668    -2.4   -21.5    29.7    67.9   -11.6   134.3
 13672    -2.2   -26.3    30.3    67.3   -11.3   122.6
 13676    -2.1   -30.5    30.7    68.2   -10.7   112.4
 13680    -2.0   -34.7    31.2    69.9    -9.8   102.5
 13684    -1.8   -39.3    31.5    70.4    -9.3    91.6
 13688    -1.7   -43.5    32.1    70.2    -9.1    76.4
 13691    -1.5   -48.1    32.4    71.6    -8.3    65.4
 13695    -1.4   -52.4    33.0    71.1    -8.5    50.2
 13699    -1.2   -56.7    33.5    71.7    -8.3    35.3
 13703    -1.1   -61.1    33.8    73.5    -7.7    22.5
 13707    -1.0   -65.8    34.3    72.0    -8.9     8.9
 13711    -0.8   -70.3    34.6    72.6    -9.1    -3.2
 13715    -0.7   -74.7    35.1    72.1    -9.9   -13.9
 13719    -0.6   -79.5    35.6    71.0   -11.0   -24.2
 13723    -0.5   -83.8    35.8    71.5   -11.2   -33.1
 13727    -0.4   -88.5    36.2    72.0   -11.6   -42.6
 13730    -0.2   -93.2    36.7    70.4   -12.6   -50.2
 13734    -0.1   -97.6    37.1    71.2   -13.0   -59.6
 13738     0.0  -102.6    37.4    70.9   -13.3   -66.1
 13742     0.2  -107.3    37.8    68.9   -14.2   -71.5
 13746     0.3  -112.0    38.1    69.8   -14.4   -79.3
 13750     0.4  -116.6    38.4    69.0   -14.9   -85.2
 13754     0.5  -121.7    38.7    67.9   -15.2   -90.1
 13758     0.6  -126.5    39.0    67.2   -15.6   -96.1
 13762     0.7  -131.3    39.4    65.9   -16.1  -101.2
 13766     0.8  -136.2    39.6    65.2   -16.3  -106.6
 13770     0.9  -140.9    39.9    64.8   -16.5  -111.7
 13773     1.0  -146.0    40.2    64.4   -16.7  -117.5
 13777     1.1  -150.8    40.4    63.4   -17.0  -122.2
 13781     1.2  -155.8    40.8    62.2   -17.3  -127.2
 13785     1.2  -160.8    41.0    61.1   -17.5  -132.0
 13789     1.3  -165.9    41.2    60.3   -17.7  -136.9
 13793     1.4  -170.9    41.6    59.1   -17.9  -141.4
 13797     1.4  -175.8    41.7    58.4   -18.0  -145.9
 13801     1.5   179.1    41.9    57.7   -18.1  -150.6
 13805     1.5   173.9    42.2    56.1   -18.3  -154.8
 13809     1.6   168.7    42.3    54.9   -18.4  -158.9
 13813     1.6   163.5    42.5    54.0   -18.5  -163.7
 13816     1.6   158.6    42.7    53.0   -18.6  -167.6
 13820     1.7   153.3    42.9    51.7   -18.7  -172.2
 13824     1.7   148.2    43.0    50.2   -18.8  -176.3
 13828     1.7   142.9    43.2    48.9   -18.9   179.7
 13832     1.7   137.8    43.3    47.7   -19.0   175.2
 13836     1.7   132.5    43.4    46.5   -19.0   171.2
 13840     1.7   127.3    43.5    45.3   -19.1   166.9
 13844     1.7   122.2    43.6    44.0   -19.2   163.2
 13848     1.7   117.0    43.7    43.0   -19.2   158.7
 13852     1.6   111.8    43.8    41.5   -19.3   154.8
 13855     1.6   106.2    43.9    39.7   -19.4   151.3
 13859     1.6   101.2    43.9    38.8   -19.4   147.2
 13863     1.5    95.8    44.0    37.2   -19.4   143.4
 13867     1.5    90.5    44.0    36.1   -19.5   138.9
 13871     1.4    85.4    44.1    34.5   -19.6   135.4
 13875     1.4    80.2    44.1    33.0   -19.7   130.8
 13879     1.3    75.1    44.1    31.9   -19.7   127.1
 13883     1.2    69.7    44.1    30.1   -19.8   123.5
 13887     1.2    64.7    44.2    28.8   -19.9   119.0
 13891     1.1    59.3    44.2    27.2   -19.9   115.7
 13895     1.0    54.1    44.1    26.3   -19.9   112.0
 13898     0.9    49.1    44.1    24.7   -20.1   107.5
 13902     0.8    43.8    44.1    23.1   -20.1   104.4
 13906     0.7    38.8    44.1    21.8   -20.2   100.6
 13910     0.6    33.6    44.1    20.2   -20.2    96.7
 13914     0.5    28.7    44.0    19.1   -20.3    92.8
 13918     0.4    23.7    44.0    17.4   -20.5    89.1
 13922     0.3    18.5    44.0    15.7   -20.4    85.7
 13926     0.1    13.3    43.8    14.2   -20.5    81.7
 13930     0.0     8.4    43.9    12.8   -20.6    78.2
 13934    -0.1     3.4    43.8    11.6   -20.6    74.5
 13938    -0.2    -1.5    43.8     9.8   -20.8    70.6
 13941    -0.4    -6.2    43.7     8.9   -20.9    66.2
 13945    -0.5   -11.1    43.7     7.4   -20.9    62.8
 13949    -0.6   -16.0    43.6     5.8   -20.9    59.3
 13953    -0.8   -20.9    43.5     4.6   -21.0    55.5
 13957    -0.9   -25.5    43.4     3.4   -21.0    51.4
 13961    -1.1   -30.3    43.3     2.2   -21.1    47.6
 13965    -1.3   -35.0    43.3     0.9   -21.1    44.7
 13969    -1.4   -39.7    43.2    -0.7   -21.2    40.8
 13973    -1.6   -44.5    43.1    -2.0   -21.3    35.9
 13977    -1.7   -49.0    43.0    -3.4   -21.3    32.9
 13980    -2.0   -54.0    42.9    -4.8   -21.3    28.8
 13984    -2.1   -58.7    42.9    -6.5   -21.4    24.9
 13988    -2.3   -63.2    42.8    -7.3   -21.5    21.2
 13992    -2.4   -67.4    42.7    -8.5   -21.5    17.0
 13996    -2.5   -71.9    42.6    -9.6   -21.5    12.5
 14000    -2.7   -76.1    42.6   -10.3   -21.6     8.7
 14004    -2.9   -80.6    42.4   -11.7   -21.6     4.5
 14008    -3.1   -85.3    42.3   -13.5   -21.6     0.7
 14012    -3.3   -89.5    42.3   -14.9   -21.7    -4.2
 14016    -3.5   -94.0    42.1   -15.9   -21.6    -7.2
 14020    -3.6   -97.9    42.1   -16.6   -21.7   -12.3
 14023    -3.9  -102.4    41.9   -18.4   -21.7   -16.5
 14027    -4.0  -106.5    41.8   -19.2   -21.7   -20.5
 14031    -4.2  -110.6    41.7   -20.0   -21.7   -25.1
 14035    -4.3  -114.9    41.7   -21.1   -21.8   -29.2
 14039    -4.5  -118.8    41.6   -22.3   -21.8   -33.7
 14043    -4.7  -123.1    41.5   -23.4   -21.9   -38.6
 14047    -4.8  -126.6    41.4   -23.9   -21.7   -41.9
 14051    -5.1  -131.0    41.3   -25.2   -21.9   -47.0
 14055    -5.2  -135.0    41.2   -26.4   -21.8   -51.4
 14059    -5.4  -138.7    41.1   -27.2   -21.8   -55.6
 14063    -5.5  -143.0    41.1   -28.7   -21.9   -61.0
 14066    -5.8  -146.0    40.8   -29.2   -21.7   -64.8
 14070    -5.9  -150.6    40.9   -30.4   -21.9   -70.4
 14074    -6.1  -154.2    40.7   -31.4   -21.8   -74.7
 14078    -6.3  -157.8    40.6   -32.7   -21.7   -79.8
 14082    -6.4  -161.6    40.5   -33.6   -21.8   -84.4
 14086    -6.6  -165.2    40.5   -34.0   -21.8   -89.1
 14090    -6.7  -168.8    40.3   -35.0   -21.7   -94.1
 14094    -6.9  -172.3    40.2   -35.8   -21.7   -99.1
 14098    -6.9  -176.5    40.3   -36.5   -21.9  -104.1
 14102    -7.2  -179.3    40.0   -38.0   -21.7  -109.6
 14105    -7.3   177.4    39.9   -38.4   -21.7  -114.5
 14109    -7.5   173.9    39.9   -39.3   -21.8  -119.4
 14113    -7.6   170.1    39.8   -40.0   -21.8  -124.1
 14117    -7.6   167.1    39.7   -40.5   -21.7  -129.6
 14121    -7.9   163.9    39.5   -41.5   -21.6  -134.4
 14125    -8.0   159.9    39.6   -42.6   -21.6  -138.4
 14129    -8.1   157.3    39.4   -43.3   -21.6  -144.8
 14133    -8.3   153.4    39.3   -45.0   -21.5  -150.2
 14137    -8.3   151.3    39.1   -45.2   -21.5  -156.3
 14141    -8.6   147.5    39.0   -46.7   -21.4  -161.3
 14145    -8.4   144.1    39.0   -45.6   -21.7  -165.5
 14148    -8.6   141.1    38.9   -47.5   -21.4  -171.9
 14152    -8.7   138.1    38.8   -48.3   -21.4  -176.9
 14156    -8.7   134.3    38.8   -48.4   -21.5   178.1
 14160    -8.8   131.6    38.6   -49.4   -21.4   172.3
 14164    -8.8   127.9    38.7   -49.8   -21.5   167.6
 14168    -9.0   125.5    38.4   -51.6   -21.2   161.0
 14172    -9.0   122.6    38.3   -51.5   -21.3   155.6
 14176    -9.1   119.2    38.2   -52.6   -21.1   150.4
 14180    -9.0   115.7    38.3   -53.1   -21.2   145.3
 14184    -9.1   113.3    38.0   -53.9   -21.1   139.2
 14188    -9.1   109.6    38.0   -54.9   -20.9   133.3
 14191    -9.2   106.9    37.9   -55.7   -20.8   127.8
 14195    -9.1   103.7    37.8   -56.2   -20.8   122.0
 14199    -9.1   100.4    37.7   -56.7   -20.7   116.4
 14203    -9.0    97.0    37.6   -56.7   -20.7   111.1
 14207    -9.1    93.9    37.5   -57.9   -20.5   105.4
 14211    -9.0    90.4    37.5   -57.7   -20.5    99.6
 14215    -8.9    87.5    37.3   -58.6   -20.4    93.5
 14219    -9.0    84.3    37.2   -59.6   -20.2    88.0
 14223    -8.9    81.2    37.1   -59.9   -20.1    82.4
 14227    -8.9    77.3    37.1   -60.5   -20.1    77.1
 14230    -8.9    75.0    36.8   -61.9   -19.6    69.5
 14234    -8.7    71.0    36.8   -61.4   -19.7    63.8
 14238    -8.7    67.6    36.7   -62.7   -19.4    57.9
 14242    -8.6    64.0    36.6   -62.4   -19.4    51.8
 14246    -8.6    60.9    36.5   -63.8   -19.1    45.7
 14250    -8.5    57.8    36.4   -64.4   -18.8    39.4
 14254    -8.5    54.3    36.2   -65.2   -18.5    32.9
 14258    -8.5    50.1    36.4   -65.6   -18.5    28.9
 14262    -8.3    47.3    36.1   -66.6   -18.0    21.7
 14266    -8.2    43.2    36.0   -66.7   -18.0    15.1
 14270    -8.2    39.8    36.0   -67.3   -17.7     9.3
 14273    -8.0    36.0    35.9   -67.6   -17.5     2.7
 14277    -8.0    32.6    35.8   -68.3   -17.1    -3.9
 14281    -7.9    28.8    35.7   -68.2   -17.1   -10.4
 14285    -7.8    25.2    35.5   -69.1   -16.7   -17.6
 14289    -7.7    21.5    35.5   -69.8   -16.3   -23.9
 14293    -7.7    17.4    35.4   -70.6   -16.0   -30.1
 14297    -7.5    14.0    35.2   -70.9   -15.7   -38.3
 14301    -7.4    10.0    35.1   -71.5   -15.4   -45.5
 14305    -7.4     6.1    35.0   -72.0   -15.0   -52.5
 14309    -7.2     1.8    34.9   -71.3   -15.3   -59.9
 14313    -7.1    -1.5    34.7   -73.1   -14.3   -68.7
 14316    -7.0    -5.7    34.7   -72.4   -14.5   -76.2
 14320    -6.9    -9.6    34.6   -73.0   -14.2   -83.9
 14324    -6.9   -13.4    34.5   -74.3   -13.5   -90.7
 14328    -6.7   -17.1    34.2   -74.8   -13.2  -101.9
 14332    -6.6   -21.4    34.2   -74.9   -13.1  -108.7
 14336    -6.5   -25.6    34.1   -75.0   -13.1  -117.6
 14340    -6.4   -29.5    33.9   -75.4   -12.9  -127.1
 14344    -6.3   -33.8    33.8   -75.6   -12.8  -135.1
 14348    -6.2   -37.5    33.7   -76.8   -12.3  -144.2
 14352    -6.1   -41.9    33.6   -76.2   -12.6  -152.1
 14355    -6.0   -45.6    33.3   -77.3   -12.3  -163.8
 14359    -5.9   -50.1    33.2   -77.0   -12.6  -171.6
 14363    -5.8   -54.3    33.2   -77.1   -12.6  -177.9
 14367    -5.7   -58.2    33.0   -78.2   -12.4   171.4
 14371    -5.6   -62.4    32.8   -78.9   -12.4   161.7
 14375    -5.5   -66.5    32.7   -79.3   -12.5   153.6
 14379    -5.4   -71.2    32.6   -78.5   -12.7   148.5
 14383    -5.3   -74.7    32.4   -80.8   -12.4   136.9
 14387    -5.2   -79.8    32.3   -79.0   -13.1   131.6
 14391    -5.0   -83.5    32.1   -80.1   -13.0   123.5
 14395    -4.9   -88.3    32.0   -79.1   -13.4   118.0
 14398    -4.8   -92.1    31.6   -81.2   -13.3   107.4
 14402    -4.7   -97.1    31.5   -78.9   -14.0   102.5
 14406    -4.6  -101.4    31.3   -79.1   -13.9    96.2
 14410    -4.5  -105.4    31.1   -80.4   -13.9    88.1
 14414    -4.4  -110.4    30.9   -78.0   -14.3    83.6
 14418    -4.3  -114.6    30.7   -79.4   -14.2    76.4
 14422    -4.2  -119.1    30.4   -78.5   -14.5    69.7
 14426    -4.0  -123.5    30.3   -78.3   -14.5    63.6
 14430    -3.9  -128.1    30.1   -77.5   -14.6    58.1
 14434    -3.8  -132.2    29.7   -78.0   -14.6    51.1
 14438    -3.7  -137.3    29.6   -75.8   -14.8    45.7
 14441    -3.6  -141.7    29.2   -75.4   -14.8    38.7
 14445    -3.5  -146.5    29.0   -73.3   -14.9    33.5
 14449    -3.3  -151.0    28.7   -72.8   -14.8    27.3
 14453    -3.1  -155.7    28.4   -69.0   -15.0    21.6
 14457    -3.1  -160.3    28.1   -71.2   -14.7    15.1
 14461    -2.9  -165.1    28.0   -65.8   -14.9     9.6
 14465    -2.8  -170.0    27.8   -62.9   -15.0     3.2
 14469    -2.7  -174.8    27.5   -60.8   -14.8    -3.2
 14473    -2.6  -179.6    27.2   -57.4   -14.8   -10.0
 14477    -2.4   175.7    26.9   -53.1   -14.7   -16.9
 14480    -2.3   170.5    27.1   -47.6   -14.9   -23.9
 14484    -2.2   165.8    27.1   -44.3   -14.7   -30.5
 14488    -2.0   161.0    26.9   -40.0   -14.6   -37.9
 14492    -1.9   156.2    26.9   -35.6   -14.4   -44.3
 14496    -1.7   150.9    27.6   -31.1   -14.7   -51.7
 14500    -1.6   146.1    27.7   -23.3   -14.6   -60.6
 14504    -1.4   140.9    28.6   -18.3   -14.9   -69.1
 14508    -1.3   135.9    28.6   -15.2   -14.7   -76.2
 14512    -1.2   130.7    29.6   -11.1   -15.1   -84.7
 14516    -1.0   125.2    30.4    -9.7   -15.4   -91.4
 14520    -0.9   120.2    31.0    -5.4   -15.4  -100.9
 14523    -0.7   115.3    31.3    -1.8   -15.3  -108.7
 14527    -0.5   109.5    32.6    -0.0   -16.0  -118.1
 14531    -0.4   104.2    33.4     0.2   -16.4  -125.2
 14535    -0.2    99.0    33.6     3.6   -16.1  -133.0
 14539    -0.1    93.8    34.3     4.2   -16.5  -140.3
 14543     0.1    87.8    35.5     4.7   -17.3  -149.4
 14547     0.3    82.4    36.2     6.4   -17.6  -157.4
 14551     0.5    77.2    36.7     8.6   -17.7  -164.8
 14555     0.7    71.2    37.5     6.7   -18.2  -170.7
 14559     0.8    65.9    38.0     8.5   -18.3  -178.4
 14563     1.0    60.0    38.9     7.7   -18.8   175.4
 14566     1.2    53.6    39.7     5.6   -19.4   168.9
 14570     1.4    48.2    40.4     7.0   -19.5   161.8
 14574     1.6    42.2    41.1     6.3   -19.9   155.4
 14578     1.8    36.8    41.6     8.0   -19.8   149.7
 14582     2.0    30.6    42.3     6.4   -20.3   143.7
 14586     2.2    24.8    42.9     6.8   -20.3   138.2
 14590     2.4    18.7    43.6     5.8   -20.4   133.8
 14594     2.6    13.0    44.1     5.7   -20.6   127.8
 14598     2.8     6.5    44.7     4.1   -20.7   122.7
 14602     3.0     0.6    45.3     4.4   -20.7   117.9
 14605     3.2    -5.6    45.9     3.5   -20.8   112.5
 14609     3.4   -11.9    46.5     2.6   -21.0   107.7
 14613     3.7   -17.6    47.0     2.7   -21.0   102.7
 14617     3.8   -24.0    47.5     1.6   -21.0    98.0
 14621     4.1   -29.9    48.1     1.8   -20.9    93.8
 14625     4.3   -36.5    48.7     0.4   -21.0    89.2
 14629     4.5   -43.1    49.2    -1.0   -21.1    84.7
 14633     4.7   -48.6    49.6    -1.3   -20.9    80.4
 14637     4.9   -55.1    50.1    -2.0   -21.0    76.5
 14641     5.1   -61.2    50.6    -2.7   -21.0    71.8
 14645     5.3   -67.7    51.1    -3.7   -20.9    67.3
 14648     5.5   -73.7    51.4    -4.4   -20.7    62.9
 14652     5.7   -80.1    51.9    -5.3   -20.7    57.7
 14656     5.9   -86.1    52.3    -5.6   -20.7    53.7
 14660     6.1   -92.5    52.7    -6.7   -20.6    49.2
 14664     6.3   -98.3    53.0    -6.9   -20.4    44.8
 14668     6.4  -104.7    53.5    -7.9   -20.4    39.8
 14672     6.6  -110.8    53.8    -8.5   -20.2    36.3
 14676     6.8  -116.9    54.1    -9.4   -20.1    31.6
 14680     6.9  -123.3    54.5   -10.4   -20.0    27.1
 14684     7.0  -128.9    54.8   -10.6   -19.8    22.6
 14688     7.2  -135.5    55.1   -11.7   -19.7    18.6
 14691     7.3  -140.9    55.3   -11.8   -19.6    13.4
 14695     7.5  -147.5    55.6   -13.2   -19.4     9.5
 14699     7.6  -153.4    55.9   -13.7   -19.2     4.9
 14703     7.7  -159.4    56.1   -14.3   -19.1    -0.1
 14707     7.9  -165.4    56.4   -14.8   -19.0    -4.6
 14711     7.9  -171.3    56.7   -15.6   -18.9    -8.7
 14715     8.0  -177.2    56.8   -16.1   -18.6   -13.2
 14719     8.1   176.7    57.1   -17.0   -18.6   -17.8
 14723     8.2   170.9    57.3   -17.6   -18.4   -22.3
 14727     8.3   165.0    57.5   -18.3   -18.3   -27.2
 14730     8.4   159.1    57.7   -18.8   -18.1   -31.3
 14734     8.4   153.4    57.8   -19.3   -17.9   -35.9
 14738     8.5   147.3    58.0   -19.8   -17.8   -40.4
 14742     8.6   141.9    58.1   -20.3   -17.6   -45.0
 14746     8.6   135.7    58.2   -21.1   -17.4   -48.8
 14750     8.7   130.3    58.4   -21.1   -17.4   -53.7
 14754     8.7   124.3    58.5   -22.0   -17.3   -58.3
 14758     8.8   118.6    58.7   -22.4   -17.2   -62.8
 14762     8.8   112.8    58.8   -23.2   -17.0   -66.7
 14766     8.8   107.3    58.8   -23.3   -16.8   -71.1
 14770     8.8   101.6    59.0   -23.8   -16.7   -75.4
 14773     8.9    96.3    59.1   -23.8   -16.6   -79.8
 14777     8.8    90.5    59.1   -24.6   -16.4   -84.1
 14781     8.9    84.9    59.2   -24.8   -16.3   -88.6
 14785     8.8    79.6    59.3   -25.2   -16.1   -92.9
 14789     8.8    73.9    59.4   -25.5   -16.0   -97.2
 14793     8.8    68.8    59.4   -25.5   -15.8  -101.3
 14797     8.8    63.0    59.4   -26.1   -15.7  -105.6
 14801     8.7    58.2    59.4   -25.7   -15.6  -110.5
 14805     8.7    52.3    59.5   -26.8   -15.3  -113.8
 14809     8.7    47.3    59.5   -26.4   -15.2  -118.8
 14813     8.6    42.0    59.5   -26.7   -15.1  -123.0
 14816     8.6    37.0    59.5   -26.4   -14.9  -127.6
 14820     8.4    31.6    59.4   -26.8   -14.7  -131.9
 14824     8.4    27.1    59.4   -26.1   -14.7  -136.8
 14828     8.2    21.9    59.3   -26.3   -14.3  -141.0
 14832     8.2    17.3    59.3   -25.6   -14.3  -145.7
 14836     8.0    12.3    59.2   -26.0   -14.1  -150.1
 14840     7.8     7.2    59.1   -26.0   -13.9  -154.7
 14844     7.6     3.3    58.9   -25.1   -13.8  -159.6
 14848     7.5    -1.7    58.9   -25.1   -13.6  -164.0
 14852     7.3    -6.1    58.7   -24.9   -13.5  -168.7
 14855     7.1   -10.3    58.5   -24.1   -13.3  -173.7
 14859     6.9   -14.7    58.4   -23.8   -13.1  -178.5
 14863     6.6   -18.6    58.2   -23.1   -13.0   176.7
 14867     6.5   -22.2    58.1   -21.9   -12.9   171.7
 14871     6.2   -26.4    57.8   -21.7   -12.8   166.8
 14875     6.1   -29.0    57.7   -19.4   -12.8   161.8
 14879     5.7   -33.1    57.4   -19.3   -12.6   156.7
 14883     5.5   -36.3    57.1   -17.8   -12.5   151.8
 14887     5.3   -39.8    56.9   -17.2   -12.5   147.0
 14891     5.0   -42.6    56.6   -15.4   -12.3   141.8
 14895     4.9   -45.6    56.6   -14.3   -12.4   137.4
 14898     4.7   -48.1    56.3   -12.3   -12.4   132.7
 14902     4.5   -51.8    56.0   -12.1   -12.4   128.0
 14906     4.3   -54.0    55.8   -10.0   -12.3   123.6
 14910     4.2   -57.0    55.6    -8.7   -12.3   119.3
 14914     3.9   -59.4    55.2    -7.2   -12.2   114.9
 14918     4.0   -62.1    55.2    -5.3   -12.2   110.4
 14922     3.8   -64.6    54.9    -3.5   -12.2   106.0
 14926     3.8   -68.2    54.8    -3.1   -12.2   101.8
 14930     3.7   -69.8    54.5     0.0   -12.0    97.7
 14934     3.7   -73.3    54.4     1.4   -12.0    92.9
 14938     3.6   -76.3    54.1     1.8   -11.9    89.4
 14941     3.7   -79.3    54.0     4.5   -11.9    84.6
 14945     3.7   -82.7    54.0     5.5   -11.9    80.6
 14949     3.7   -85.9    53.8     7.2   -11.7    76.2
 14953     3.8   -89.9    53.8     7.9   -11.7    71.6
 14957     3.8   -92.9    53.6     9.7   -11.6    67.5
 14961     3.9   -97.2    53.6    10.3   -11.5    62.8
 14965     3.9  -100.5    53.4    12.2   -11.4    58.2
 14969     4.0  -104.7    53.4    13.2   -11.4    53.5
 14973     4.0  -108.8    53.3    14.2   -11.3    48.9
 14977     4.1  -113.4    53.2    14.2   -11.3    44.6
 14980     4.2  -117.6    53.3    15.6   -11.3    39.6
 14984     4.2  -122.4    53.2    15.5   -11.2    35.2
 14988     4.1  -126.6    53.0    15.2   -11.1    31.5
 14992     4.3  -131.9    53.1    15.6   -11.2    26.3
 14996     4.3  -136.3    53.1    16.1   -11.2    21.8
 15000     4.3  -140.7    53.0    17.1   -11.1    17.0
 15004     4.4  -145.8    53.0    16.8   -11.1    12.7
 15008     4.4  -150.6    53.0    17.4   -11.1     7.9
 15012     4.4  -155.3    52.9    16.9   -11.1     3.6
 15016     4.5  -160.4    52.9    17.7   -11.1    -1.6
 15020     4.5  -165.1    52.9    17.6   -11.1    -5.5
 15023     4.5  -170.6    52.9    17.0   -11.2    -9.9
 15027     4.6  -175.6    52.9    17.0   -11.2   -14.5
 15031     4.6   179.0    52.9    16.3   -11.3   -18.9
 15035     4.6   174.0    52.9    16.5   -11.2   -23.5
 15039     4.6   169.1    52.8    16.2   -11.2   -27.6
 15043     4.7   163.6    52.8    15.6   -11.2   -32.2
 15047     4.6   158.0    52.8    14.4   -11.3   -35.9
 15051     4.7   152.9    52.9    14.8   -11.4   -41.0
 15055     4.7   147.6    52.8    13.9   -11.3   -44.9
 15059     4.7   141.8    52.9    12.8   -11.5   -49.1
 15063     4.7   136.8    52.9    12.7   -11.4   -53.4
 15066     4.8   131.0    52.9    12.1   -11.5   -57.9
 15070     4.8   125.9    52.9    11.5   -11.5   -62.1
 15074     4.8   120.3    52.9    10.9   -11.5   -66.3
 15078     4.8   114.9    52.9    10.3   -11.5   -70.7
 15082     4.8   109.4    53.0     9.8   -11.7   -75.0
 15086     4.8   104.0    52.9     9.1   -11.6   -78.9
 15090     4.8    98.4    53.0     8.7   -11.7   -83.7
 15094     4.9    92.9    53.1     7.5   -11.8   -87.6
 15098     4.9    87.3    53.1     7.5   -11.8   -92.1
 15102     4.8    81.8    53.0     6.1   -11.8   -95.8
 15105     4.9    76.3    53.1     5.7   -11.8  -100.3
 15109     4.9    70.7    53.1     5.0   -11.8  -104.4
 15113     4.9    65.4    53.1     4.6   -11.8  -108.8
 15117     5.0    59.5    53.3     3.8   -11.9  -113.1
 15121     4.9    54.1    53.3     2.7   -11.9  -117.0
 15125     5.0    48.6    53.4     2.5   -12.0  -121.3
 15129     5.0    42.7    53.5     1.1   -12.0  -125.5
 15133     5.0    37.1    53.5     0.9   -12.1  -130.2
 15137     5.0    31.9    53.5     0.3   -12.0  -134.2
 15141     5.0    25.8    53.6    -0.9   -12.1  -138.3
 15145     5.0    20.5    53.6    -1.4   -12.1  -142.6
 15148     5.0    14.7    53.7    -2.0   -12.1  -147.0
 15152     5.1     9.1    53.8    -2.5   -12.2  -151.4
 15156     5.1     3.6    53.8    -2.7   -12.1  -155.8
 15160     5.1    -2.1    53.9    -3.8   -12.1  -160.0
 15164     5.1    -8.0    54.0    -4.6   -12.2  -164.4
 15168     5.1   -13.1    54.1    -4.8   -12.2  -168.8
 15172     5.2   -19.0    54.1    -5.2   -12.2  -173.3
 15176     5.2   -24.7    54.3    -5.9   -12.3  -177.6
 15180     5.2   -30.0    54.3    -5.8   -12.3   177.9
 15184     5.3   -35.8    54.4    -6.6   -12.3   173.1
 15188     5.2   -41.3    54.5    -7.0   -12.3   169.1
 15191     5.3   -47.2    54.6    -7.6   -12.4   164.2
 15195     5.3   -52.6    54.7    -7.4   -12.4   159.6
 15199     5.3   -58.3    54.8    -8.2   -12.4   155.5
 15203     5.3   -63.7    54.8    -8.6   -12.3   150.5
 15207     5.3   -69.5    54.9    -9.0   -12.4   145.9
 15211     5.4   -74.7    55.0    -8.7   -12.5   141.5
 15215     5.4   -80.6    55.1    -9.2   -12.5   136.5
 15219     5.4   -85.9    55.2    -9.8   -12.5   132.3
 15223     5.5   -91.5    55.3    -9.5   -12.6   127.6
 15227     5.5   -97.0    55.5    -9.3   -12.6   122.5
 15230     5.5  -102.6    55.5    -9.6   -12.6   118.0
 15234     5.6  -107.9    55.7   -10.0   -12.8   113.4
 15238     5.6  -113.6    55.8   -10.0   -12.8   108.6
 15242     5.6  -118.8    55.8    -9.7   -12.8   103.7
 15246     5.6  -124.6    56.0    -9.8   -12.9    98.8
 15250     5.6  -129.9    56.0    -9.6   -12.9    94.2
 15254     5.6  -135.1    56.1    -9.2   -13.0    89.2
 15258     5.7  -140.6    56.2    -9.2   -13.0    84.4
 15262     5.7  -145.9    56.3    -8.8   -13.0    79.2
 15266     5.8  -151.4    56.5    -8.8   -13.2    74.8
 15270     5.7  -156.7    56.6    -8.6   -13.3    69.7
 15273     5.7  -162.0    56.6    -8.3   -13.2    64.6
 15277     5.8  -167.2    56.7    -7.9   -13.4    59.8
 15281     5.8  -172.6    56.8    -7.3   -13.4    54.8
 15285     5.8  -177.7    56.9    -7.2   -13.5    50.1
 15289     5.8   176.8    57.0    -6.7   -13.6    44.8
 15293     5.8   171.8    57.1    -5.9   -13.7    39.9
 15297     5.8   166.5    57.2    -6.0   -13.8    35.0
 15301     5.8   161.6    57.2    -5.0   -13.9    30.2
 15305     5.8   156.3    57.4    -4.4   -14.1    25.3
 15309     5.8   151.3    57.4    -4.1   -14.1    20.6
 15313     5.8   146.0    57.5    -3.2   -14.3    15.5
 15316     5.8   141.2    57.6    -2.9   -14.4    10.7
 15320     5.8   136.0    57.6    -2.2   -14.5     5.7
 15324     5.8   131.1    57.7    -1.7   -14.7     1.0
 15328     5.7   126.0    57.8    -1.2   -14.8    -3.8
 15332     5.7   121.2    57.8    -0.6   -14.9    -8.8
 15336     5.7   116.0    57.9     0.2   -15.1   -13.4
 15340     5.7   111.3    58.0     0.6   -15.1   -18.2
 15344     5.6   106.1    57.9     1.5   -15.3   -23.1
 15348     5.6   101.3    58.1     1.7   -15.4   -27.6
 15352     5.5    96.3    58.1     2.3   -15.6   -31.9
 15355     5.6    91.5    58.1     3.1   -15.7   -36.9
 15359     5.5    86.6    58.1     3.3   -15.8   -41.1
 15363     5.5    81.6    58.1     3.8   -15.9   -45.6
 15367     5.4    76.7    58.1     4.6   -16.1   -50.2
 15371     5.4    72.0    58.2     5.2   -16.2   -54.8
 15375     5.3    67.1    58.1     5.5   -16.3   -59.0
 15379     5.3    61.9    58.1     5.7   -16.4   -63.7
 15383     5.2    57.4    58.1     6.3   -16.5   -67.7
 15387     5.2    52.2    58.1     6.7   -16.6   -72.2
 15391     5.1    47.3    58.1     7.0   -16.8   -76.2
 15395     5.1    42.3    58.1     7.5   -16.8   -81.0
 15398     5.1    37.5    58.0     7.6   -16.8   -85.0
 15402     5.0    32.3    57.9     8.0   -16.9   -89.7
 15406     5.0    27.7    58.0     8.1   -17.1   -94.0
 15410     4.9    22.3    57.9     8.5   -17.2   -98.1
 15414     4.8    17.9    57.8     9.0   -17.2  -102.3
 15418     4.8    12.5    57.8     9.0   -17.2  -106.7
 15422     4.8     7.6    57.7     9.2   -17.2  -111.5
 15426     4.7     2.5    57.7     9.5   -17.4  -115.1
 15430     4.7    -2.6    57.6     9.3   -17.3  -119.5
 15434     4.6    -7.8    57.5     9.6   -17.4  -124.1
 15438     4.5   -12.6    57.5     9.6   -17.4  -128.6
 15441     4.5   -18.0    57.3     9.7   -17.4  -132.8
 15445     4.4   -23.0    57.3     9.9   -17.5  -137.6
 15449     4.4   -28.3    57.2     9.8   -17.4  -141.6
 15453     4.4   -33.1    57.1    10.1   -17.4  -146.3
 15457     4.3   -38.5    57.0    10.0   -17.4  -151.5
 15461     4.3   -43.5    56.9    10.1   -17.4  -155.3
 15465     4.2   -49.1    56.8     9.9   -17.5  -160.3
 15469     4.1   -54.1    56.7    10.1   -17.4  -164.5
 15473     4.1   -59.2    56.6    10.0   -17.3  -169.4
 15477     4.1   -64.6    56.5    10.0   -17.4  -174.5
 15480     4.0   -69.8    56.5     9.9   -17.4  -179.4
 15484     4.0   -75.0    56.3     9.8   -17.3   176.0
 15488     3.9   -80.6    56.2     9.5   -17.3   170.9
 15492     3.9   -85.7    56.1     9.6   -17.3   165.7
 15496     3.8   -90.9    56.0     9.7   -17.3   160.8
 15500     3.8   -96.6    55.9     9.3   -17.3   156.2
 15504     3.7  -101.5    55.8     9.2   -17.3   150.9
 15508     3.7  -107.3    55.8     9.1   -17.3   145.9
 15512     3.6  -112.4    55.6     9.3   -17.2   140.5
 15516     3.6  -117.8    55.5     9.0   -17.2   135.1
 15520     3.6  -122.9    55.4     9.2   -17.3   130.2
 15523     3.5  -128.9    55.2     8.4   -17.2   124.2
 15527     3.5  -133.8    55.2     8.6   -17.2   119.0
 15531     3.4  -139.4    55.1     8.9   -17.3   113.7
 15535     3.3  -144.5    54.9     8.8   -17.3   108.0
 15539     3.4  -150.3    54.9     8.3   -17.3   102.5
 15543     3.3  -155.4    54.8     8.6   -17.4    97.5
 15547     3.2  -160.9    54.7     8.8   -17.5    91.4
 15551     3.2  -166.1    54.5     9.1   -17.5    85.7
 15555     3.1  -172.0    54.4     8.8   -17.7    80.0
 15559     3.1  -176.8    54.3     9.1   -17.7    74.4
 15563     3.0   177.3    54.2     9.2   -17.8    68.7
 15566     3.0   172.3    54.1    10.0   -17.9    62.5
 15570     2.9   166.8    54.0    10.2   -18.1    57.0
 15574     2.9   161.7    54.0    10.7   -18.3    51.1
 15578     2.8   156.0    53.8    11.2   -18.6    45.4
 15582     2.7   151.0    53.8    12.0   -18.8    39.8
 15586     2.6   145.3    53.6    12.6   -19.0    33.7
 15590     2.6   140.5    53.6    13.7   -19.4    28.3
 15594     2.5   135.1    53.6    14.4   -19.8    22.9
 15598     2.4   130.0    53.5    15.8   -20.1    17.2
 15602     2.2   124.4    53.3    16.4   -20.4    11.4
 15605     2.2   119.8    53.4    17.7   -20.9     6.9
 15609     2.0   114.4    53.3    19.0   -21.4     2.3
 15613     1.9   109.8    53.4    20.7   -21.8    -2.7
 15617     1.7   104.5    53.3    21.6   -22.4    -6.8
 15621     1.7    99.5    53.3    23.2   -23.0   -10.3
 15625     1.5    94.9    53.3    24.3   -23.6   -12.7
 15629     1.4    90.0    53.4    25.9   -24.1   -14.4
 15633     1.2    85.2    53.4    27.1   -24.4   -17.4
 15637     1.0    80.6    53.4    28.4   -24.8   -17.9
 15641     0.9    75.8    53.4    29.8   -25.0   -20.1
 15645     0.7    71.0    53.5    30.6   -25.3   -20.9
 15648     0.5    66.4    53.4    31.8   -25.4   -21.5
 15652     0.4    61.6    53.5    32.6   -25.2   -22.7
 15656     0.2    56.9    53.5    33.2   -25.0   -26.5
 15660     0.2    52.3    53.6    33.8   -24.9   -28.7
 15664     0.0    47.7    53.5    34.6   -24.7   -31.2
 15668    -0.1    42.7    53.5    35.1   -24.5   -35.6
 15672    -0.2    38.2    53.5    35.3   -24.3   -39.7
 15676    -0.2    33.0    53.6    35.2   -24.1   -43.6
 15680    -0.4    28.6    53.5    35.9   -23.9   -49.0
 15684    -0.5    23.6    53.5    35.8   -23.8   -53.6
 15688    -0.6    18.6    53.5    36.1   -23.6   -59.0
 15691    -0.7    13.5    53.4    36.2   -23.5   -64.4
 15695    -0.8     8.6    53.3    36.3   -23.4   -70.1
 15699    -0.9     3.4    53.3    36.6   -23.3   -75.2
 15703    -1.0    -1.5    53.3    36.6   -23.3   -81.0
 15707    -1.0    -6.9    53.2    36.5   -23.3   -86.7
 15711    -1.1   -11.9    53.1    36.2   -23.2   -93.4
 15715    -1.2   -17.3    53.0    36.3   -23.3   -98.5
 15719    -1.3   -21.7    53.1    36.7   -23.2  -104.1
 15723    -1.3   -28.0    52.9    36.0   -23.2  -111.0
 15727    -1.4   -32.6    52.9    36.5   -23.2  -116.1
 15730    -1.4   -37.8    52.8    36.6   -23.3  -122.5
 15734    -1.5   -43.3    52.7    36.4   -23.5  -128.4
 15738    -1.6   -48.6    52.7    36.3   -23.5  -134.5
 15742    -1.7   -54.1    52.6    36.1   -23.5  -140.5
 15746    -1.7   -59.5    52.5    36.1   -23.7  -146.5
 15750    -1.9   -64.9    52.4    36.5   -23.7  -152.5
 15754    -1.9   -70.3    52.4    36.4   -24.1  -157.8
 15758    -2.0   -75.8    52.2    36.7   -24.2  -164.1
 15762    -2.2   -81.2    52.1    37.1   -24.3  -170.6
 15766    -2.2   -86.3    52.1    37.2   -24.5  -175.9
 15770    -2.4   -92.6    51.9    36.8   -24.6   177.9
 15773    -2.5   -97.5    51.8    37.7   -24.7   171.9
 15777    -2.6  -103.2    51.8    37.9   -25.0   166.3
 15781    -2.7  -108.8    51.6    38.1   -25.1   159.0
 15785    -3.0  -114.4    51.5    38.9   -25.5   153.8
 15789    -3.0  -119.9    51.4    39.0   -25.7   147.6
 15793    -3.3  -126.3    51.2    39.6   -25.7   141.6
 15797    -3.5  -131.1    51.2    40.7   -26.2   136.0
 15801    -3.6  -137.6    51.0    40.6   -26.5   131.4
 15805    -3.9  -143.2    50.8    42.1   -26.5   123.8
 15809    -4.0  -149.2    50.7    41.7   -27.0   118.3
 15813    -4.3  -155.2    50.4    43.0   -27.0   112.1
 15816    -4.5  -161.1    50.3    43.6   -27.5   106.5
 15820    -4.7  -167.8    50.0    43.8   -27.5   100.0
 15824    -5.0  -174.1    49.8    44.9   -27.7    93.9
 15828    -5.3   179.4    49.6    45.6   -28.0    89.1
 15832    -5.7   173.3    49.4    47.0   -28.2    82.4
 15836    -5.8   166.3    49.1    46.9   -28.5    77.5
 15840    -6.2   159.7    48.9    48.1   -28.8    71.9
 15844    -6.4   153.2    48.7    49.1   -28.9    67.6
 15848    -6.7   145.6    48.4    49.7   -29.1    61.7
 15852    -7.0   138.5    48.0    50.5   -29.1    55.8
 15855    -7.4   132.0    47.9    52.2   -29.3    50.3
 15859    -7.6   123.9    47.4    52.4   -29.4    46.1
 15863    -8.0   117.7    47.4    53.7   -29.8    41.1
 15867    -8.2   109.9    47.1    53.9   -29.8    35.4
 15871    -8.5   103.3    46.9    54.7   -30.2    31.8
 15875    -8.8    95.9    46.7    56.1   -30.1    25.6
 15879    -8.9    86.8    46.1    55.3   -30.3    22.6
 15883    -9.4    81.1    46.2    57.7   -30.4    17.0
 15887    -9.8    73.1    46.0    59.2   -30.6    13.0
 15891    -9.5    64.5    45.4    56.3   -30.8     9.9
 15895    -9.7    56.8    45.2    56.2   -31.3     6.9
 15898   -10.1    50.3    45.2    58.1   -31.7    -0.6
 15902   -10.1    41.2    44.7    57.0   -31.9    -2.8
 15906   -10.2    31.8    44.2    57.7   -31.7    -6.8
 15910   -10.3    24.5    43.9    56.5   -32.5    -9.3
 15914   -10.4    18.2    43.9    56.2   -33.1   -15.4
 15918   -10.7    10.6    43.8    57.1   -33.4   -19.7
 15922   -10.8     2.8    43.6    57.5   -33.6   -26.0
 15926   -10.6    -5.1    43.2    54.7   -34.5   -28.9
 15930   -10.7   -15.3    42.5    55.1   -34.9   -33.0
 15934   -10.6   -21.7    42.6    51.5   -36.2   -38.6
 15938   -10.9   -26.9    42.9    53.1   -36.4   -47.1
 15941   -10.5   -37.7    41.9    49.1   -38.2   -47.5
 15945   -10.9   -44.5    42.1    52.1   -38.2   -55.4
 15949   -10.5   -52.4    41.6    45.1   -41.8   -62.8
 15953   -10.4   -59.7    41.7    44.2   -43.0   -71.4
 15957   -10.8   -66.9    41.7    46.2   -43.2   -79.7
 15961   -10.8   -75.4    41.3    45.9   -45.7   -81.1
 15965   -10.5   -86.0    40.3    41.7   -56.2   -55.4
 15969   -10.6   -94.2    40.0    42.6   -56.7   -18.1
 15973   -11.2  -107.8    38.3    52.3   -41.7   -27.1
 15977   -11.0  -113.0    38.9    47.4   -46.7     2.9
 15980   -10.6  -121.1    38.3    38.0   -40.8    38.1
 15984   -11.5  -130.2    38.4    53.9   -43.6   -38.6
 15988   -11.6  -144.9    36.3    63.2   -37.8   -52.9
 15992   -11.5  -151.9    36.4    61.3   -38.2   -45.6
 15996   -12.0  -162.2    36.2    72.5   -38.5   -76.0
