; ths2.txt - 11F16P00.PRB
;   f     |Ps|     Ps<    |Zs|     Zs<    |Px|     Px<
     4   -54.2   169.9    86.4   100.2   -47.6  -109.9
     8   -55.6    20.9    80.5    98.0   -54.5   -23.8
    12   -63.3   172.9    77.7    98.1   -50.3  -102.3
    16   -52.3    -3.8    76.1    95.8   -43.2  -178.4
    20   -66.7   -10.5    73.9    96.3   -43.4    74.1
    23   -55.2   -68.1    72.3    97.4   -45.2   -74.4
    27   -50.5   114.5    71.3    95.2   -54.3   121.2
    31   -50.7   -79.0    68.8    91.3   -56.8   155.3
    35   -45.4    62.5    67.8   101.5   -48.1    29.7
    39   -45.7   -18.0    67.2    99.0   -39.8   -35.2
    43   -42.1    24.9    68.1    83.7   -41.9     2.9
    47   -43.8   -25.9    68.6    88.0   -40.1   -43.2
    51   -38.8   -83.4    66.4   103.1   -35.5   -91.0
    55   -27.0   -57.4    56.6    71.2   -32.6    83.8
    59   -26.1   -81.1    58.0    95.3   -14.7   141.2
    63   -26.7   -94.0    60.2    79.3   -28.0   -20.4
    66   -18.2   -56.2    67.6    31.4   -70.9    69.5
    70   -25.9   171.4    66.1   110.8   -27.2  -139.3
    74   -16.6   168.9    61.7   135.3   -28.2   130.4
    78   -20.8  -100.9    64.8    69.0   -31.7  -132.3
    82   -22.5  -125.4    62.8    82.4   -18.7  -130.3
    86   -19.3  -159.9    60.2    74.9   -18.3  -115.0
    90   -15.4   131.6    58.6   122.3   -20.4    74.9
    94    -4.9   151.5    58.8   -88.4   -33.5   -27.0
    98    -6.3   174.5    61.5     6.3   -30.3  -105.2
   102     0.1   125.9    66.8   -85.4   -49.5   -89.3
   105    -3.3   104.7    57.8  -111.5   -30.1   -47.8
   109    -5.5    21.8    65.3   143.6   -26.5    49.4
   113     4.6   137.5    70.4   -29.9   -41.3  -130.8
   117     8.3   101.2    73.7   -69.1   -46.5  -125.0
   121     0.3   108.6    61.8   -21.0   -25.8  -159.9
   125     5.6    69.1    67.5   -83.2   -41.0  -125.5
   129     3.3    56.2    62.5   -84.7   -29.6  -120.2
   133     8.4   104.6    71.3   -17.5   -37.0   165.4
   137     6.9    46.3    66.7   -76.3   -31.5  -157.6
   141     4.4    42.8    62.2   -65.7   -32.9  -176.1
   145    10.2    42.4    70.0   -58.4   -61.1  -144.4
   148     9.7    60.5    69.9   -24.8   -34.7   127.6
   152     9.8    60.8    69.8   -17.5   -34.5   118.4
   156     9.7    -0.1    67.1   -85.7   -47.7  -177.3
   160     8.1     0.2    64.1   -70.7   -34.5   159.7
   164    10.9     8.7    67.9   -48.9   -37.8   101.8
   168    10.5    -8.0    66.8   -64.4   -41.7   151.6
   172    15.9    -6.7    73.2   -57.8   -46.7    99.7
   176    11.6   -10.3    67.7   -47.9   -35.5   106.0
   180    14.2   -71.2    70.1  -115.8   -34.0   157.5
   184    16.1   -31.8    72.0   -61.3   -44.5    76.5
   188    15.9   -42.2    71.5   -63.8   -50.0   100.2
   191    16.6   -36.4    72.1   -48.6   -53.5   118.0
   195    16.6   -59.3    71.5   -68.3   -51.8   101.6
   199    19.9   -62.8    75.1   -65.4   -63.6    36.6
   203    17.6   -80.0    71.8   -77.2   -53.0   120.6
   207    16.4   -73.3    70.2   -60.1   -59.6    58.5
   211    16.2   -78.1    69.5   -57.9   -50.4    79.5
   215    17.7   -79.1    71.1   -52.2   -46.1    39.6
   219    17.5   -91.2    70.4   -58.9   -51.8    49.4
   223    18.9  -112.5    71.7   -76.9   -60.5   125.8
   227    18.9  -100.2    71.4   -54.8   -68.3   -73.9
   230    20.5  -116.2    73.0   -66.7   -53.5    34.3
   234    19.0  -133.6    70.9   -79.1   -50.7    46.8
   238    18.2  -130.1    69.6   -67.2   -53.1    14.5
   242    19.7  -129.4    71.3   -60.3   -55.5    29.7
   246    21.1  -143.9    72.5   -70.6   -61.0     8.4
   250    19.2  -145.6    70.1   -64.6   -59.2   -63.2
   254    20.2  -150.5    70.9   -63.7   -62.7    38.7
   258    20.1  -163.2    70.5   -70.9   -57.6   -46.1
   262    21.4  -161.6    71.9   -63.2   -60.5    -9.3
   266    21.1  -171.3    71.2   -67.6   -58.5    54.5
   270    19.7  -175.5    69.4   -64.5   -61.7    71.7
   273    20.3   175.1    69.7   -69.1   -62.2    76.5
   277    21.9   177.7    71.4   -60.3   -56.6  -114.8
   281    21.5   163.9    70.7   -69.2   -66.2    82.8
   285    21.9   163.1    71.0   -63.7   -65.7    86.7
   289    21.9   154.7    70.7   -66.5   -55.2   -24.3
   293    22.7   148.0    71.4   -68.2   -59.6   -34.0
   297    21.7   141.0    70.1   -69.3   -62.0   -72.2
   301    20.4   134.4    68.5   -69.5   -52.1   -82.1
   305    20.3   130.8    68.1   -67.5   -65.0   133.5
   309    20.5   127.5    68.1   -64.4   -46.7  -112.7
   313    22.5   114.6    70.2   -74.1   -59.8  -154.6
   316    21.8   109.7    69.1   -73.3   -67.7    14.3
   320    22.2   114.3    69.5   -61.5   -52.9   -94.7
   324    22.7   106.3    69.8   -64.8   -62.0   -34.4
   328    22.7    99.6    69.7   -65.6   -66.7    82.3
   332    22.4    91.2    69.1   -69.8   -54.7   -59.8
   336    22.8    85.8    69.4   -69.4   -60.2   -69.4
   340    22.0    86.2    68.3   -61.7   -52.1  -165.7
   344    23.3    76.8    69.6   -67.7   -73.0   -19.9
   348    24.0    72.1    70.2   -66.8   -57.0   -58.5
   352    23.5    62.5    69.5   -71.2   -67.3  -140.5
   355    22.5    60.1    68.2   -67.3   -55.6  -110.6
   359    22.6    64.0    68.2   -57.3   -66.8   158.6
   363    23.5    48.2    69.1   -69.1   -58.3   123.1
   367    23.2    44.9    68.6   -67.1   -67.2  -128.4
   371    24.0    45.4    69.3   -60.9   -68.6   123.5
   375    23.4    38.3    68.4   -62.8   -49.2   128.3
   379    23.5    25.1    68.5   -71.2   -60.1   133.3
   383    22.9    18.6    67.5   -72.9   -55.3   170.3
   387    23.9    26.6    68.7   -57.6   -60.8    78.3
   391    23.7    23.3    68.3   -55.4   -54.7   146.1
   395    22.9     0.5    67.0   -75.1   -51.5   119.0
   398    23.3    14.8    67.6   -52.7   -68.1   170.9
   402    23.3     4.8    67.4   -58.0   -57.6    81.4
   406    23.7    -6.3    67.6   -65.8   -49.2    95.9
   410    25.1    -4.8    69.2   -58.8   -60.8   123.2
   414    23.5   -18.0    67.1   -66.7   -50.6    80.9
   418    24.4   -26.4    68.0   -70.5   -67.7   -74.7
   422    24.2   -23.0    67.6   -60.7   -56.1   146.4
   426    23.7   -35.4    67.0   -69.0   -51.5   101.9
   430    24.8   -28.6    68.2   -55.5   -53.7   107.7
   434    25.2   -41.3    68.5   -64.2   -55.8   143.7
   438    24.6   -44.9    67.6   -62.5   -69.1    48.3
   441    24.2   -46.2    67.0   -57.1   -56.5    43.2
   445    25.4   -52.6    68.3   -59.4   -50.2    94.0
   449    24.6   -62.9    67.2   -65.0   -50.0    66.7
   453    24.9   -61.0    67.5   -57.0   -60.2    52.6
   457    25.0   -65.7    67.5   -56.4   -63.8    15.2
   461    25.1   -78.3    67.4   -65.0   -54.6    74.6
   465    25.3   -81.8    67.6   -63.2   -57.7    70.2
   469    24.9   -91.6    67.0   -68.3   -56.3    76.4
   473    24.1   -82.4    66.1   -51.7   -70.7   125.3
   477    25.1   -89.1    67.1   -54.1   -56.1   100.8
   480    25.0   -99.3    66.8   -59.8   -47.5   -18.7
   484    26.1  -103.7    67.9   -59.4   -58.5   148.1
   488    25.5  -108.6    67.1   -58.8   -71.7   -78.7
   492    24.3  -118.1    65.6   -63.6   -49.6    33.2
   496    25.4  -121.2    66.7   -61.8   -58.7  -106.8
   500    25.7  -123.5    67.0   -58.9   -64.1    68.3
   504    25.9  -124.4    67.2   -54.1   -55.5   -18.9
   508    26.6  -131.6    67.9   -56.8   -63.3   -59.3
   512    25.5  -138.6    66.4   -58.5   -55.3    -9.4
   516    25.0  -138.7    65.9   -52.6   -70.4  -107.7
   520    25.9  -148.9    66.7   -58.6   -62.9   -63.6
   523    24.5  -154.9    65.0   -59.1   -60.0   -85.2
   527    25.0  -159.7    65.5   -59.0   -60.7   -33.5
   531    25.6  -165.6    66.1   -60.5   -56.3    12.6
   535    26.0  -169.0    66.6   -58.6   -60.4  -103.5
   539    24.8  -171.5    65.1   -55.2   -51.5   -95.6
   543    25.5   174.6    65.7   -65.7   -53.7   -54.8
   547    26.3  -178.0    66.7   -52.0   -57.1  -129.0
   551    26.2   177.8    66.5   -50.9   -58.2  -103.0
   555    26.7   164.0    66.8   -60.9   -61.9   170.0
   559    26.7   160.2    66.8   -59.4   -60.7  -147.8
   563    26.9   150.6    67.0   -64.7   -74.7   -61.2
   566    26.6   151.1    66.5   -58.2   -49.5  -116.2
   570    26.0   145.5    65.8   -58.7   -62.9  -130.2
   574    24.7   142.1    64.2   -55.9   -58.0  -105.7
   578    26.1   138.9    65.8   -55.1   -50.0   -91.7
   582    26.4   137.1    66.0   -51.2   -57.2   158.2
   586    25.9   128.5    65.4   -55.2   -50.6  -109.2
   590    27.0   120.8    66.5   -58.3   -61.8  -112.4
   594    27.5   113.4    67.0   -61.1   -62.5  -172.9
   598    25.4   110.2    64.6   -58.2   -74.7    44.7
   602    25.5   104.4    64.6   -59.2   -51.2  -150.1
   605    27.0   104.9    66.3   -53.9   -52.8  -124.9
   609    27.4    93.1    66.6   -61.6   -59.2   139.6
   613    26.7    94.2    65.7   -54.6   -60.8   129.9
   617    26.7    92.2    65.7   -51.2   -60.0    -0.0
   621    26.7    86.6    65.7   -52.0   -53.1   159.4
   625    26.6    73.2    65.4   -61.2   -63.8  -148.6
   629    27.2    79.1    66.1   -49.4   -64.0   -49.9
   633    25.8    76.2    64.5   -46.4   -53.2   177.5
   637    26.3    66.8    65.0   -51.7   -57.3    60.5
   641    27.4    62.0    66.1   -52.1   -55.2   174.4
   645    26.8    55.0    65.4   -54.3   -54.0  -118.7
   648    26.3    42.5    64.7   -62.3   -60.5    74.6
   652    26.9    42.7    65.4   -56.8   -67.2    97.3
   656    26.7    42.3    65.2   -52.0   -69.4    57.7
   660    27.7    40.4    66.2   -49.0   -57.8   171.4
   664    27.1    37.2    65.6   -46.6   -52.3   124.6
   668    27.0    25.9    65.4   -53.4   -57.9    67.0
   672    26.5    20.1    64.8   -54.3   -61.7    16.7
   676    27.4     8.5    65.6   -62.3   -52.7   108.4
   680    26.4    15.5    64.6   -48.7   -67.8   -66.9
   684    27.1     7.1    65.3   -52.8   -52.9    48.1
   688    27.4     1.8    65.6   -53.3   -59.4    96.8
   691    27.1    -5.4    65.1   -55.7   -58.1   -30.1
   695    27.5    -4.7    65.7   -49.7   -57.0   106.9
   699    26.4   -12.6    64.4   -52.3   -64.2    15.7
   703    27.0   -23.6    65.0   -59.6   -62.8     8.5
   707    26.9   -21.0    64.8   -51.0   -46.7   118.6
   711    27.9   -28.3    66.0   -54.4   -62.1    -1.3
   715    27.2   -34.0    65.1   -54.7   -60.6     3.5
   719    26.3   -39.8    64.1   -55.5   -54.5    94.2
   723    27.3   -45.1    65.2   -56.0   -47.8    87.3
   727    26.6   -47.0    64.4   -52.8   -60.1    88.9
   730    26.2   -52.1    63.9   -52.8   -63.3   -71.5
   734    27.8   -54.8    65.6   -51.3   -51.9    48.7
   738    27.5   -53.5    65.3   -44.2   -57.3    77.5
   742    27.1   -58.8    64.9   -44.5   -62.6  -147.3
   746    26.9   -67.6    64.6   -48.9   -70.5    42.3
   750    27.7   -73.7    65.4   -50.6   -61.8   149.0
   754    27.7   -81.9    65.3   -54.3   -54.8    44.0
   758    26.5   -85.2    64.0   -51.9   -51.5   -35.7
   762    26.1   -86.7    63.6   -48.2   -55.6    83.7
   766    27.3   -96.1    64.8   -54.1   -67.4  -165.6
   770    27.1   -98.0    64.6   -50.6   -56.8   -19.9
   773    27.4  -101.7    64.9   -49.7   -54.0   -18.7
   777    26.9  -105.1    64.3   -48.1   -53.0     4.7
   781    26.6  -117.1    63.9   -56.0   -71.1   108.9
   785    26.8  -113.8    64.2   -46.8   -69.4   -91.1
   789    26.4  -124.5    63.7   -53.5   -59.1   -54.8
   793    27.6  -126.3    65.0   -50.6   -59.4   -15.3
   797    27.7  -137.6    65.1   -58.0   -60.9   152.2
   801    27.3  -135.9    64.7   -50.6   -64.3    66.3
   805    27.3  -137.8    64.7   -47.5   -49.3   -47.3
   809    26.9  -147.0    64.2   -52.4   -56.3   147.7
   813    26.8  -151.0    64.2   -51.4   -57.9  -100.0
   816    27.0  -156.9    64.3   -52.9   -52.9   -10.9
   820    26.9  -160.3    64.1   -51.4   -69.3   -74.5
   824    26.6  -170.0    63.7   -56.7   -52.4   -60.3
   828    27.3  -165.8    64.6   -46.9   -52.5   -80.8
   832    26.6  -169.7    63.8   -45.6   -48.3   -53.3
   836    27.0   178.7    64.2   -53.4   -65.0     8.7
   840    27.9   173.5    65.2   -54.2   -57.9   -63.6
   844    26.9   172.0    64.1   -50.6   -49.9    -2.7
   848    27.7   166.0    64.9   -52.2   -61.9  -145.3
   852    26.2   158.3    63.3   -54.8   -49.1   -66.8
   855    26.9   161.2    64.1   -46.9   -58.0   106.6
   859    27.3   151.2    64.4   -52.8   -61.2   -50.8
   863    26.9   140.6    63.9   -59.1   -64.7   145.6
   867    26.6   137.6    63.7   -57.3   -48.9  -112.0
   871    28.1   141.5    65.3   -48.5   -51.4   127.0
   875    26.7   132.8    63.8   -52.5   -61.6    11.7
   879    26.4   134.9    63.4   -44.9   -55.6  -152.3
   883    26.5   123.9    63.5   -51.8   -60.6  -114.5
   887    26.8   126.8    63.9   -44.0   -62.1    35.1
   891    26.7   112.7    63.6   -54.2   -54.4  -158.5
   895    27.2   110.1    64.2   -52.3   -52.0   -84.1
   898    27.0   103.3    64.1   -54.6   -48.5  -152.6
   902    27.3   101.2    64.3   -52.0   -47.3  -165.3
   906    26.6    99.2    63.6   -48.9   -53.5  -136.7
   910    26.6    92.4    63.6   -51.2   -56.2    76.6
   914    26.1    84.5    63.0   -54.5   -52.6  -134.8
   918    26.3    80.9    63.2   -53.6   -48.9  -178.0
   922    27.3    83.6    64.4   -46.0   -53.3   -95.1
   926    26.0    72.3    62.9   -52.9   -55.0  -137.5
   930    25.7    71.0    62.6   -48.9   -53.7  -169.3
   934    26.1    64.9    63.0   -50.8   -49.9  -136.7
   938    26.6    59.5    63.5   -51.9   -56.4   169.0
   941    27.0    56.3    64.0   -50.5   -60.7   140.6
   945    26.9    46.4    63.8   -56.2   -61.9    44.8
   949    26.3    42.6    63.2   -55.2   -50.9  -165.0
   953    26.5    43.4    63.5   -49.4   -51.5   145.9
   957    26.0    34.4    62.8   -53.9   -49.7  -150.0
   961    27.4    27.8    64.3   -56.9   -52.3   111.2
   965    26.1    32.0    63.0   -46.7   -43.2   144.8
   969    25.9    18.3    62.6   -56.5   -51.0    75.0
   973    26.3    13.1    63.1   -57.5   -51.3    61.4
   977    25.4     6.8    62.1   -59.2   -60.5  -168.2
   980    25.8     8.8    62.6   -52.0   -54.8   126.4
   984    25.5     5.5    62.3   -50.7   -49.7   147.1
   988    26.1     0.2    62.8   -51.8   -52.8    73.2
   992    26.5   -10.4    63.2   -58.8   -53.4   133.2
   996    26.3     0.8    63.1   -41.6   -50.6   133.5
  1000    25.9    -5.8    62.8   -43.6   -50.0   115.1
  1004    26.4   -15.6    63.2   -49.7   -50.9    70.8
  1008    25.9   -19.7    62.6   -49.0   -52.4   109.2
  1012    25.1   -32.2    61.7   -57.6   -48.5   139.7
  1016    26.2   -33.8    62.9   -54.6   -56.6   -42.1
  1020    25.9   -42.0    62.5   -58.7   -52.0    61.5
  1023    26.6   -45.8    63.3   -57.9   -61.3   -43.9
  1027    26.6   -44.1    63.3   -51.6   -59.8    77.2
  1031    24.7   -51.9    61.3   -54.3   -52.5  -135.3
  1035    25.5   -49.9    62.3   -47.4   -53.3    16.0
  1039    25.5   -52.4    62.3   -45.2   -52.4  -144.1
  1043    25.2   -58.8    61.9   -47.1   -62.8   116.9
  1047    26.3   -60.4    63.1   -44.5   -52.5    93.7
  1051    25.9   -63.5    62.7   -42.7   -57.7  -157.5
  1055    26.0   -79.7    62.6   -55.5   -48.1    78.5
  1059    25.9   -79.5    62.6   -50.5   -60.7  -135.0
  1063    25.3   -87.5    61.8   -54.0   -49.8   129.7
  1066    26.5   -93.9    63.2   -56.3   -53.5    -8.9
  1070    25.1   -98.3    61.6   -56.1   -50.3    38.1
  1074    25.9  -101.6    62.5   -55.1   -53.8   130.9
  1078    25.3  -106.3    61.8   -55.4   -53.5   134.5
  1082    26.4  -110.8    63.0   -55.8   -55.4   111.0
  1086    24.7  -108.0    61.2   -47.1   -51.7    95.1
  1090    25.9  -118.0    62.4   -54.0   -52.1   136.1
  1094    24.9  -117.8    61.4   -48.3   -47.8    94.6
  1098    24.3  -122.0    60.7   -47.8   -49.3   137.9
  1102    24.9  -136.5    61.2   -59.0   -51.4    59.3
  1105    24.6  -138.8    60.9   -56.6   -55.7    50.8
  1109    26.1  -140.6    62.6   -54.1   -54.3   127.5
  1113    26.1  -148.2    62.6   -57.5   -49.7    59.1
  1117    25.3  -150.6    61.7   -55.1   -47.2    29.7
  1121    25.4  -151.9    61.8   -51.8   -49.2   -45.1
  1125    24.6  -162.2    60.9   -57.9   -55.8     0.2
  1129    25.2  -164.9    61.6   -56.1   -57.3    65.0
  1133    24.6  -169.5    60.9   -56.2   -45.0    44.0
  1137    25.4  -174.5    61.7   -57.0   -60.9    95.7
  1141    25.6  -177.6    61.9   -55.6   -46.2    12.2
  1145    25.6   179.0    62.0   -54.7   -54.8    65.7
  1148    25.3   175.1    61.6   -54.0   -49.7     7.0
  1152    25.4   170.5    61.7   -54.2   -54.0     6.1
  1156    24.4   166.6    60.6   -53.2   -49.9   -16.7
  1160    25.1   156.7    61.2   -59.5   -52.7    51.3
  1164    24.5   159.2    60.7   -51.8   -53.8  -101.5
  1168    25.2   155.5    61.4   -51.4   -50.1    13.5
  1172    25.4   143.8    61.5   -59.5   -51.1     4.5
  1176    23.8   142.2    59.8   -55.6   -51.1    33.9
  1180    25.2   132.6    61.3   -61.9   -47.1     0.7
  1184    24.9   138.4    61.0   -50.8   -52.5     3.0
  1188    24.7   128.4    60.7   -56.8   -54.9   -43.1
  1191    24.7   126.5    60.8   -54.1   -51.1   -17.9
  1195    24.4   117.9    60.4   -58.6   -49.1    76.9
  1199    24.7   110.4    60.7   -62.0   -48.1    51.6
  1203    24.2   108.6    60.2   -59.2   -44.9    -0.6
  1207    24.2   111.2    60.2   -51.0   -53.3     2.1
  1211    24.1    97.8    59.9   -61.0   -46.4   -11.3
  1215    24.2    99.7    60.1   -54.1   -47.1    18.7
  1219    24.6    88.1    60.5   -62.0   -48.2   -16.2
  1223    24.0    89.0    59.8   -55.8   -44.9   -25.8
  1227    24.2    81.5    59.9   -59.7   -47.1   -34.8
  1230    24.3    82.4    60.1   -53.9   -44.0   -16.6
  1234    23.7    73.5    59.5   -58.5   -41.3   -47.0
  1238    23.8    73.1    59.6   -54.1   -43.0   -27.3
  1242    24.0    62.0    59.7   -62.0   -46.2   -78.6
  1246    24.1    61.2    59.8   -58.1   -42.6   -37.3
  1250    23.2    58.5    58.8   -55.8   -41.4   -54.0
  1254    23.4    52.9    59.0   -57.6   -46.2   -57.9
  1258    24.2    46.7    59.8   -59.6   -42.7   -69.4
  1262    23.7    46.5    59.4   -55.1   -40.5   -68.0
  1266    23.8    38.0    59.5   -59.3   -41.6   -80.5
  1270    23.7    38.9    59.3   -53.8   -38.8   -52.4
  1273    23.8    31.0    59.4   -57.5   -42.6   -70.1
  1277    24.0    27.0    59.5   -57.4   -42.7   -96.7
  1281    24.5    24.9    60.1   -54.8   -44.1   -91.0
  1285    23.5    19.7    59.0   -55.4   -40.3   -87.5
  1289    23.4    16.3    58.8   -54.0   -39.7  -114.8
  1293    23.7     9.5    59.1   -56.8   -38.4  -109.7
  1297    24.1     8.2    59.6   -53.5   -41.2  -115.9
  1301    24.1     2.0    59.6   -55.4   -38.3  -115.5
  1305    23.5    -4.5    58.8   -57.8   -38.5  -121.2
  1309    23.7    -5.5    59.1   -54.2   -40.0  -134.1
  1313    23.9   -11.5    59.2   -56.2   -37.0  -139.6
  1316    23.5   -13.1    58.8   -53.1   -37.7  -143.9
  1320    23.4   -20.5    58.7   -56.2   -36.6  -139.2
  1324    23.7   -23.0    59.0   -54.2   -39.5  -169.2
  1328    24.5   -29.6    59.8   -57.3   -37.5  -157.8
  1332    23.7   -31.0    59.0   -53.5   -41.0  -174.4
  1336    23.9   -37.4    59.2   -55.8   -38.5  -178.2
  1340    24.1   -40.1    59.4   -53.9   -42.4   170.7
  1344    23.9   -44.0    59.2   -53.5   -40.8   169.5
  1348    23.7   -45.9    58.9   -50.7   -39.9   175.5
  1352    23.7   -55.6    58.9   -56.6   -40.1   156.9
  1355    24.2   -54.9    59.4   -51.2   -40.7   159.6
  1359    24.4   -64.8    59.6   -57.1   -41.3   168.0
  1363    23.7   -67.7    58.8   -55.5   -43.9   136.1
  1367    23.8   -73.2    58.9   -56.9   -38.9   137.7
  1371    24.0   -76.3    59.1   -55.2   -41.7   134.2
  1375    24.0   -78.6    59.0   -52.9   -40.1   143.7
  1379    24.4   -83.8    59.4   -54.1   -43.9   123.1
  1383    24.0   -86.4    59.1   -52.2   -39.3   122.9
  1387    24.1   -92.8    59.0   -54.7   -43.8    98.9
  1391    24.4   -96.5    59.4   -53.8   -45.9   108.5
  1395    23.6  -100.6    58.5   -53.3   -38.3   117.1
  1398    23.9  -104.9    58.8   -53.4   -46.4   100.4
  1402    24.0  -110.5    58.8   -55.1   -43.2   128.2
  1406    23.9  -112.8    58.8   -52.9   -45.6   112.0
  1410    24.1  -119.8    58.9   -55.4   -44.2    70.9
  1414    24.2  -121.4    59.1   -52.7   -43.5   113.1
  1418    24.0  -126.7    58.7   -53.6   -42.2   116.1
  1422    24.3  -130.6    59.0   -53.3   -42.1   116.1
  1426    24.0  -135.6    58.6   -53.5   -39.0   108.6
  1430    23.9  -139.0    58.6   -52.6   -42.8   121.8
  1434    23.8  -144.4    58.4   -53.7   -39.3   105.4
  1438    24.0  -146.9    58.6   -51.7   -39.5    88.0
  1441    23.8  -152.7    58.4   -53.3   -40.7    84.2
  1445    24.0  -156.0    58.5   -52.3   -42.9    64.4
  1449    23.9  -160.7    58.4   -52.4   -41.4    76.9
  1453    23.9  -165.6    58.4   -53.2   -41.2    66.7
  1457    24.0  -168.7    58.5   -51.7   -41.6    53.9
  1461    24.2  -173.4    58.6   -52.3   -42.7    48.7
  1465    24.1  -179.4    58.4   -53.9   -42.0    51.7
  1469    24.1   176.7    58.5   -53.5   -39.3    48.9
  1473    23.9   173.9    58.3   -52.0   -41.4    40.2
  1477    24.0   170.5    58.3   -50.8   -41.4    33.9
  1480    24.2   165.2    58.5   -52.0   -44.9    14.4
  1484    23.9   160.3    58.1   -52.4   -40.3    19.4
  1488    23.9   156.5    58.2   -51.7   -40.6    28.3
  1492    23.7   152.7    57.9   -51.0   -41.1    17.1
  1496    24.1   147.8    58.3   -51.7   -42.6     0.6
  1500    24.0   143.0    58.2   -52.2   -44.0    -5.4
  1504    24.2   138.8    58.3   -51.9   -44.0   -13.1
  1508    23.9   134.8    57.9   -51.6   -40.4     4.7
  1512    24.1   130.5    58.1   -51.6   -39.5   -20.7
  1516    24.0   127.3    58.0   -50.4   -40.5   -14.5
  1520    23.8   121.5    57.8   -51.9   -43.7    -4.5
  1523    24.0   117.9    57.9   -51.1   -43.8   -16.3
  1527    23.8   114.6    57.7   -50.2   -39.7   -16.7
  1531    23.8   110.2    57.7   -50.0   -43.4   -34.4
  1535    23.9   106.7    57.7   -49.4   -42.8   -46.5
  1539    23.8   101.3    57.7   -50.3   -41.7   -51.6
  1543    23.9    97.1    57.7   -50.1   -43.4   -39.2
  1547    23.7    93.1    57.4   -49.6   -40.8   -62.1
  1551    23.8    89.2    57.5   -49.2   -41.3   -62.7
  1555    23.7    84.0    57.4   -49.9   -43.7   -49.7
  1559    23.8    80.3    57.5   -49.2   -39.6   -50.4
  1563    23.9    76.6    57.5   -48.5   -44.4   -75.1
  1566    23.8    71.7    57.4   -49.0   -43.0   -69.8
  1570    23.8    67.7    57.3   -48.7   -44.3   -91.3
  1574    23.8    63.4    57.3   -48.6   -42.7   -74.5
  1578    23.7    59.6    57.2   -48.1   -42.2   -70.7
  1582    23.8    55.3    57.2   -48.1   -45.3   -81.4
  1586    23.8    51.4    57.2   -47.7   -42.7   -73.6
  1590    23.8    47.2    57.1   -47.6   -42.8   -73.9
  1594    23.9    43.2    57.2   -47.1   -41.3  -106.5
  1598    23.6    38.7    56.9   -47.2   -42.5  -103.3
  1602    23.8    34.7    57.1   -46.9   -46.1  -107.5
  1605    23.7    30.3    57.0   -46.8   -41.8  -114.6
  1609    23.6    25.3    56.8   -47.4   -41.0   -90.4
  1613    23.7    21.8    56.9   -46.4   -40.3   -95.7
  1617    23.8    17.9    56.9   -45.9   -42.7  -109.5
  1621    23.7    13.5    56.8   -45.9   -43.8  -115.0
  1625    23.7     9.4    56.7   -45.7   -43.2  -121.8
  1629    23.7     5.0    56.7   -45.6   -41.4  -141.5
  1633    23.7     1.4    56.7   -45.0   -41.5  -142.5
  1637    23.7    -3.3    56.6   -45.3   -40.2  -132.0
  1641    23.8    -7.5    56.7   -45.0   -44.4  -120.5
  1645    23.7   -11.1    56.5   -44.4   -43.0  -141.8
  1648    23.7   -15.5    56.5   -44.4   -40.2  -140.0
  1652    23.7   -19.8    56.5   -44.3   -41.9  -162.3
  1656    23.7   -23.9    56.5   -43.8   -41.8  -146.5
  1660    23.6   -28.3    56.4   -43.9   -43.7  -156.0
  1664    23.7   -32.3    56.4   -43.4   -41.5  -150.2
  1668    23.7   -37.1    56.3   -43.6   -42.1  -174.9
  1672    23.7   -41.4    56.3   -43.5   -43.4  -174.4
  1676    23.7   -45.1    56.3   -42.8   -44.3  -179.1
  1680    23.7   -49.0    56.2   -42.4   -42.8   168.8
  1684    23.7   -53.5    56.1   -42.4   -41.8  -174.8
  1688    23.6   -57.5    56.1   -42.2   -40.7   177.8
  1691    23.7   -61.9    56.1   -42.0   -38.9  -174.0
  1695    23.7   -65.8    56.0   -41.6   -42.3   156.0
  1699    23.7   -70.2    56.0   -41.6   -40.9  -177.9
  1703    23.7   -74.8    55.9   -41.8   -41.0   167.7
  1707    23.6   -78.4    55.9   -41.1   -41.9   167.7
  1711    23.7   -82.7    55.9   -41.0   -41.3   154.3
  1715    23.7   -87.2    55.9   -40.9   -41.4   157.8
  1719    23.7   -91.1    55.8   -40.4   -41.2   139.3
  1723    23.7   -95.9    55.8   -40.6   -40.4   150.3
  1727    23.7   -99.9    55.8   -40.1   -39.9   147.4
  1730    23.7  -103.9    55.7   -39.6   -40.3   136.0
  1734    23.7  -108.6    55.7   -39.9   -40.3   128.6
  1738    23.7  -112.5    55.6   -39.5   -40.5   130.6
  1742    23.6  -117.2    55.5   -39.7   -41.0   136.9
  1746    23.7  -120.8    55.5   -39.0   -39.7   118.5
  1750    23.7  -125.3    55.5   -39.0   -40.4   119.8
  1754    23.7  -129.4    55.4   -38.6   -37.5   121.6
  1758    23.7  -133.4    55.4   -38.3   -39.4   116.0
  1762    23.7  -137.4    55.3   -37.9   -39.8   111.5
  1766    23.7  -141.7    55.3   -37.7   -39.5    96.0
  1770    23.7  -146.1    55.3   -37.6   -41.7    86.0
  1773    23.7  -150.5    55.3   -37.5   -40.1    92.4
  1777    23.7  -154.3    55.2   -36.9   -40.7    87.2
  1781    23.7  -158.9    55.2   -37.1   -38.2    82.0
  1785    23.7  -163.0    55.1   -36.6   -38.6    81.7
  1789    23.6  -167.2    55.0   -36.4   -38.2    66.1
  1793    23.7  -171.5    55.1   -36.1   -38.5    81.0
  1797    23.7  -175.5    55.0   -35.9   -37.3    67.8
  1801    23.7  -179.6    55.0   -35.4   -37.3    69.9
  1805    23.7   176.2    54.9   -35.3   -37.4    51.4
  1809    23.7   171.6    54.9   -35.3   -38.2    61.3
  1813    23.7   167.6    54.9   -34.9   -38.3    46.3
  1816    23.7   163.6    54.8   -34.5   -37.3    48.0
  1820    23.7   159.3    54.8   -34.4   -37.3    38.2
  1824    23.7   155.0    54.7   -34.1   -36.9    34.3
  1828    23.7   150.8    54.7   -33.9   -37.5    34.9
  1832    23.7   146.5    54.7   -33.5   -35.5    26.0
  1836    23.7   142.4    54.6   -33.2   -36.8    26.2
  1840    23.7   138.0    54.6   -33.2   -36.4    30.7
  1844    23.7   133.9    54.6   -32.7   -36.8    11.9
  1848    23.7   129.5    54.6   -32.5   -36.7    15.3
  1852    23.7   125.6    54.5   -32.1   -35.2     4.1
  1855    23.7   121.3    54.4   -32.1   -34.2     5.3
  1859    23.7   117.3    54.4   -31.7   -35.9     1.3
  1863    23.7   112.9    54.4   -31.7   -34.7    -3.7
  1867    23.7   108.5    54.4   -31.4   -36.2   -14.3
  1871    23.7   104.5    54.3   -30.9   -34.5   -14.2
  1875    23.7   100.2    54.3   -30.6   -34.9   -10.4
  1879    23.7    95.9    54.3   -30.4   -34.3   -27.4
  1883    23.7    91.6    54.2   -30.1   -35.0   -23.1
  1887    23.7    87.4    54.2   -29.9   -35.7   -34.2
  1891    23.7    83.1    54.2   -29.7   -33.6   -34.7
  1895    23.8    78.9    54.1   -29.5   -34.7   -41.2
  1898    23.8    74.8    54.1   -29.2   -33.9   -40.0
  1902    23.8    70.6    54.1   -28.7   -34.0   -48.6
  1906    23.8    66.4    54.0   -28.5   -33.4   -61.6
  1910    23.8    62.2    54.0   -28.3   -33.5   -57.0
  1914    23.8    57.9    54.0   -28.1   -33.1   -68.2
  1918    23.8    53.7    54.0   -27.8   -32.2   -64.1
  1922    23.8    49.4    53.9   -27.7   -33.3   -71.2
  1926    23.8    45.1    53.9   -27.3   -33.5   -73.8
  1930    23.8    41.0    53.9   -26.9   -32.5   -75.3
  1934    23.8    36.6    53.9   -26.7   -32.6   -78.1
  1938    23.8    32.5    53.8   -26.3   -32.5   -86.5
  1941    23.8    28.2    53.8   -26.1   -31.6   -92.2
  1945    23.9    24.0    53.8   -25.9   -32.5  -101.7
  1949    23.9    19.8    53.7   -25.5   -32.7  -105.6
  1953    23.9    15.7    53.7   -25.2   -32.2  -102.9
  1957    23.9    11.4    53.7   -25.0   -32.4  -110.4
  1961    23.9     7.2    53.7   -24.8   -31.7  -105.6
  1965    23.9     3.0    53.7   -24.2   -31.7  -114.5
  1969    23.9    -1.3    53.6   -24.2   -32.4  -118.1
  1973    23.9    -5.5    53.6   -23.8   -31.6  -125.9
  1977    23.9    -9.8    53.6   -23.5   -31.7  -136.7
  1980    23.9   -14.2    53.6   -23.5   -31.3  -132.0
  1984    23.9   -18.4    53.6   -23.1   -31.4  -135.6
  1988    24.0   -22.6    53.5   -22.9   -29.7  -141.7
  1992    24.0   -26.9    53.5   -22.5   -30.0  -149.1
  1996    24.0   -31.0    53.5   -22.1   -30.9  -150.7
  2000    24.0   -35.3    53.5   -22.1   -31.2  -156.3
  2004    24.0   -39.4    53.4   -21.6   -31.4  -155.4
  2008    24.0   -43.7    53.4   -21.3   -30.6  -163.2
  2012    24.0   -47.9    53.5   -21.2   -31.3  -166.5
  2016    24.1   -52.1    53.5   -20.9   -31.8  -168.2
  2020    24.1   -56.3    53.5   -20.5   -30.7  -176.5
  2023    24.1   -60.5    53.4   -20.0   -30.9   176.6
  2027    24.1   -64.9    53.4   -19.9   -31.1   178.5
  2031    24.1   -69.1    53.4   -19.5   -30.7   168.7
  2035    24.1   -73.4    53.4   -19.3   -30.4   164.4
  2039    24.2   -77.6    53.4   -18.9   -29.6   163.2
  2043    24.2   -81.8    53.4   -18.8   -30.0   159.8
  2047    24.2   -85.8    53.4   -18.2   -30.2   159.5
  2051    24.2   -90.2    53.3   -18.1   -30.2   154.3
  2055    24.2   -94.3    53.4   -17.7   -29.8   144.1
  2059    24.3   -98.7    53.3   -17.7   -30.1   140.3
  2063    24.2  -102.9    53.3   -17.2   -30.1   141.7
  2066    24.2  -107.1    53.3   -16.8   -30.2   132.8
  2070    24.3  -111.3    53.3   -16.4   -29.3   131.9
  2074    24.3  -115.7    53.3   -16.2   -29.8   123.9
  2078    24.3  -119.9    53.3   -16.0   -29.4   118.0
  2082    24.4  -124.0    53.3   -15.4   -30.0   119.1
  2086    24.4  -128.2    53.3   -15.1   -29.0   115.5
  2090    24.4  -132.5    53.3   -15.0   -29.3   102.9
  2094    24.4  -136.4    53.3   -14.4   -29.4    99.9
  2098    24.5  -140.6    53.3   -14.1   -29.2    95.8
  2102    24.5  -145.0    53.3   -13.9   -29.7    96.0
  2105    24.5  -149.2    53.3   -13.5   -29.3    90.6
  2109    24.5  -153.3    53.3   -13.1   -29.2    86.7
  2113    24.5  -157.6    53.3   -12.8   -29.7    83.1
  2117    24.6  -161.8    53.3   -12.4   -28.8    79.4
  2121    24.6  -166.2    53.4   -12.3   -29.4    76.0
  2125    24.6  -170.2    53.4   -11.7   -29.3    69.0
  2129    24.7  -174.5    53.4   -11.6   -29.0    64.5
  2133    24.7  -178.7    53.4   -11.2   -29.3    66.4
  2137    24.7   177.1    53.4   -10.9   -29.6    58.7
  2141    24.8   173.1    53.4   -10.4   -30.1    55.7
  2145    24.8   168.7    53.4   -10.2   -28.9    52.9
  2148    24.8   164.7    53.4    -9.8   -29.8    46.4
  2152    24.9   160.4    53.5    -9.5   -29.4    43.7
  2156    24.9   156.0    53.5    -9.4   -29.9    40.6
  2160    24.9   152.0    53.5    -8.7   -29.4    35.5
  2164    24.9   147.4    53.5    -8.7   -29.4    30.4
  2168    25.0   143.1    53.5    -8.5   -29.0    26.7
  2172    25.0   138.8    53.5    -8.4   -28.8    25.1
  2176    25.1   134.9    53.5    -7.6   -28.6    15.0
  2180    25.1   130.6    53.6    -7.5   -29.0    14.8
  2184    25.1   126.2    53.6    -7.3   -29.2    13.2
  2188    25.1   122.0    53.6    -6.9   -29.3    10.7
  2191    25.2   117.7    53.6    -6.9   -28.8     4.1
  2195    25.2   113.2    53.7    -6.8   -28.9     2.7
  2199    25.2   109.0    53.6    -6.4   -28.2    -4.8
  2203    25.2   104.3    53.6    -6.6   -27.9    -8.9
  2207    25.3   100.1    53.7    -6.2   -27.8   -14.1
  2211    25.2    95.6    53.7    -6.1   -27.8   -21.3
  2215    25.2    91.4    53.6    -5.9   -27.8   -24.2
  2219    25.2    87.1    53.6    -5.8   -26.6   -28.8
  2223    25.2    83.1    53.6    -5.2   -27.2   -33.0
  2227    25.2    78.7    53.5    -5.1   -27.7   -41.5
  2230    25.2    74.9    53.5    -4.4   -27.0   -44.9
  2234    25.2    70.7    53.5    -4.2   -27.2   -52.2
  2238    25.1    66.4    53.5    -4.1   -26.8   -57.7
  2242    25.1    62.4    53.4    -3.5   -27.1   -62.1
  2246    25.1    58.4    53.4    -2.9   -27.2   -68.0
  2250    25.2    54.2    53.4    -2.6   -27.2   -75.8
  2254    25.2    50.1    53.4    -2.2   -27.4   -80.6
  2258    25.2    46.4    53.4    -1.5   -27.5   -84.3
  2262    25.2    42.5    53.4    -0.9   -27.1   -92.9
  2266    25.2    38.6    53.4    -0.3   -27.7   -95.4
  2270    25.3    34.5    53.4     0.1   -27.8  -103.4
  2273    25.3    30.7    53.4     0.7   -28.2  -106.3
  2277    25.2    26.7    53.4     1.2   -28.3  -109.0
  2281    25.3    22.6    53.5     1.7   -29.2  -112.1
  2285    25.3    18.7    53.4     2.3   -28.6  -119.6
  2289    25.3    14.9    53.4     3.1   -28.6  -126.4
  2293    25.4    10.7    53.5     3.3   -29.1  -127.3
  2297    25.5     6.8    53.5     4.1   -29.4  -129.4
  2301    25.5     2.7    53.5     4.4   -29.5  -132.8
  2305    25.6    -1.0    53.6     5.2   -30.4  -135.7
  2309    25.6    -5.2    53.6     5.4   -30.0  -140.8
  2313    25.6    -9.0    53.5     6.2   -30.2  -144.2
  2316    25.6   -13.2    53.6     6.4   -29.5  -148.0
  2320    25.7   -17.1    53.6     7.1   -30.1  -153.0
  2324    25.7   -21.2    53.7     7.6   -30.1  -155.7
  2328    25.7   -25.2    53.6     8.2   -29.9  -159.4
  2332    25.9   -29.3    53.8     8.7   -30.1  -160.0
  2336    25.9   -33.1    53.7     9.5   -29.8  -165.2
  2340    25.9   -37.3    53.8     9.7   -29.9  -172.5
  2344    26.0   -41.1    53.8    10.5   -29.3  -170.5
  2348    26.0   -45.0    53.8    11.0   -29.1  -176.6
  2352    26.1   -49.3    53.8    11.3   -29.4   180.0
  2355    26.1   -53.1    53.9    12.0   -29.5  -179.7
  2359    26.2   -57.0    53.9    12.7   -28.7   174.7
  2363    26.2   -61.4    54.0    13.0   -28.9   168.5
  2367    26.3   -65.4    54.0    13.5   -28.6   164.7
  2371    26.3   -69.8    54.1    13.7   -28.1   159.5
  2375    26.4   -73.6    54.1    14.4   -27.8   156.9
  2379    26.5   -77.6    54.2    15.0   -27.7   149.7
  2383    26.5   -81.9    54.2    15.2   -27.7   143.6
  2387    26.6   -85.7    54.2    16.0   -26.9   140.1
  2391    26.7   -89.9    54.3    16.2   -26.9   135.5
  2395    26.7   -93.9    54.4    16.8   -26.6   128.7
  2398    26.8   -98.5    54.4    16.7   -26.4   123.8
  2402    26.8  -102.5    54.5    17.3   -26.0   117.7
  2406    26.9  -106.6    54.5    17.8   -26.1   113.3
  2410    26.9  -110.6    54.5    18.4   -25.4   106.0
  2414    27.0  -114.8    54.6    18.7   -25.4   100.2
  2418    27.1  -119.3    54.6    18.8   -25.0    93.1
  2422    27.1  -123.3    54.6    19.2   -24.9    87.9
  2426    27.2  -127.7    54.7    19.3   -24.7    83.2
  2430    27.2  -131.7    54.7    19.7   -24.4    76.8
  2434    27.2  -135.7    54.8    20.2   -24.4    69.6
  2438    27.3  -139.8    54.8    20.7   -24.2    63.8
  2441    27.3  -144.3    54.8    20.8   -24.1    57.2
  2445    27.4  -148.3    54.9    21.3   -23.9    51.5
  2449    27.5  -152.5    54.9    21.7   -23.8    45.2
  2453    27.5  -156.7    55.0    22.0   -23.9    39.0
  2457    27.6  -160.8    55.0    22.4   -23.5    32.6
  2461    27.6  -164.9    55.0    22.9   -23.6    27.5
  2465    27.8  -168.7    55.2    23.5   -23.4    20.7
  2469    27.8  -172.5    55.2    24.3   -23.5    15.8
  2473    27.8  -177.0    55.2    24.4   -23.0    10.1
  2477    27.9   178.9    55.2    24.8   -23.0     3.1
  2480    28.0   175.1    55.3    25.7   -22.8    -3.3
  2484    28.1   171.0    55.4    26.2   -22.7    -8.9
  2488    28.2   166.6    55.5    26.3   -23.0   -15.1
  2492    28.2   162.9    55.6    27.3   -22.6   -20.9
  2496    28.4   158.8    55.7    27.7   -22.6   -26.3
  2500    28.4   154.5    55.7    28.0   -22.3   -33.3
  2504    28.6   150.3    55.8    28.3   -22.3   -37.4
  2508    28.7   146.4    55.9    29.0   -22.2   -44.8
  2512    28.8   142.1    56.1    29.3   -22.1   -50.3
  2516    28.9   137.7    56.2    29.6   -22.0   -56.5
  2520    29.0   133.4    56.3    29.9   -22.2   -62.0
  2523    29.1   129.0    56.4    30.1   -21.7   -68.6
  2527    29.2   124.8    56.5    30.4   -21.4   -73.9
  2531    29.4   120.0    56.6    30.3   -21.4   -82.0
  2535    29.5   115.7    56.7    30.6   -21.2   -86.4
  2539    29.6   111.1    56.9    30.3   -21.0   -93.0
  2543    29.7   106.2    57.0    30.0   -20.9   -99.6
  2547    29.7   101.4    57.1    29.6   -20.6  -104.4
  2551    29.8    96.9    57.2    29.7   -20.5  -109.8
  2555    29.9    92.2    57.2    29.5   -20.2  -115.2
  2559    30.0    87.0    57.4    28.9   -19.9  -122.3
  2563    30.1    81.9    57.5    28.2   -20.0  -127.6
  2566    30.1    76.8    57.5    27.5   -19.3  -134.0
  2570    30.2    71.7    57.6    26.8   -19.4  -139.5
  2574    30.2    66.3    57.7    25.6   -19.2  -144.6
  2578    30.3    61.1    57.7    24.8   -19.1  -149.3
  2582    30.3    55.8    57.8    23.9   -19.0  -155.3
  2586    30.4    50.2    57.9    22.5   -18.9  -161.3
  2590    30.3    44.6    57.9    21.2   -18.5  -165.6
  2594    30.3    39.2    57.9    20.1   -18.3  -170.9
  2598    30.2    34.1    57.8    19.3   -18.3  -175.7
  2602    30.3    28.5    57.9    18.0   -18.3   178.8
  2605    30.2    23.6    57.8    17.4   -17.9   173.2
  2609    30.1    17.8    57.8    15.7   -17.8   167.8
  2613    30.1    12.2    57.8    14.2   -17.6   163.3
  2617    30.0     6.9    57.7    13.0   -17.6   156.4
  2621    30.0     1.5    57.7    11.7   -17.6   151.6
  2625    29.8    -3.7    57.6    10.7   -17.4   145.2
  2629    29.8    -9.2    57.6     9.4   -17.6   140.6
  2633    29.7   -14.5    57.5     8.3   -17.6   134.4
  2637    29.7   -19.5    57.5     7.4   -17.7   128.8
  2641    29.5   -24.2    57.3     6.7   -17.6   122.1
  2645    29.5   -29.1    57.3     6.0   -17.8   117.3
  2648    29.5   -33.6    57.3     5.7   -18.1   110.1
  2652    29.4   -38.5    57.2     4.9   -18.1   104.9
  2656    29.3   -43.1    57.1     4.4   -18.3    98.6
  2660    29.2   -47.5    57.0     4.2   -18.6    92.9
  2664    29.2   -51.9    57.0     4.1   -18.7    85.7
  2668    29.1   -56.6    56.9     3.5   -19.0    79.9
  2672    29.1   -60.7    56.8     3.7   -19.2    73.2
  2676    29.0   -65.2    56.8     3.3   -19.4    66.2
  2680    29.1   -69.3    56.8     3.6   -19.7    59.0
  2684    29.0   -73.2    56.7     3.8   -20.0    53.6
  2688    29.0   -77.2    56.6     4.0   -20.1    47.8
  2691    29.0   -81.3    56.6     4.2   -20.3    40.5
  2695    29.0   -85.5    56.6     4.4   -20.7    33.4
  2699    29.0   -89.0    56.5     5.3   -21.2    26.3
  2703    29.0   -93.4    56.4     5.2   -21.2    21.1
  2707    29.0   -97.5    56.5     5.5   -21.5    16.2
  2711    29.0  -101.2    56.4     6.2   -21.8     7.5
  2715    29.1  -105.3    56.4     6.5   -22.1     0.6
  2719    29.1  -109.2    56.4     6.8   -22.3    -5.5
  2723    29.1  -113.1    56.4     7.5   -22.6   -11.1
  2727    29.1  -116.9    56.3     8.0   -22.9   -18.1
  2730    29.1  -121.1    56.3     8.4   -23.2   -25.2
  2734    29.2  -125.2    56.3     8.7   -23.4   -31.5
  2738    29.3  -129.2    56.4     9.3   -24.1   -36.9
  2742    29.3  -133.1    56.4     9.8   -23.9   -42.1
  2746    29.4  -137.1    56.4    10.3   -24.7   -49.0
  2750    29.4  -141.1    56.4    10.8   -24.8   -54.0
  2754    29.4  -145.1    56.4    11.1   -25.1   -58.4
  2758    29.5  -149.1    56.4    11.8   -25.6   -63.8
  2762    29.5  -153.2    56.4    12.0   -25.7   -71.4
  2766    29.6  -157.3    56.5    12.4   -25.8   -74.8
  2770    29.7  -161.5    56.5    12.9   -26.5   -78.9
  2773    29.7  -165.8    56.5    13.0   -26.8   -87.2
  2777    29.8  -170.0    56.6    13.3   -27.0   -88.5
  2781    29.9  -174.0    56.6    13.9   -27.5   -94.4
  2785    29.9  -178.2    56.6    14.2   -27.9  -100.0
  2789    30.0   177.6    56.7    14.5   -28.0  -105.1
  2793    30.0   173.5    56.7    14.8   -27.8  -106.5
  2797    30.1   169.2    56.7    15.0   -28.2  -111.3
  2801    30.2   165.0    56.8    15.4   -28.8  -115.1
  2805    30.2   160.7    56.8    15.6   -28.6  -115.7
  2809    30.3   156.3    56.8    15.7   -28.7  -121.0
  2813    30.4   151.9    56.9    15.9   -28.8  -121.9
  2816    30.4   147.6    56.9    16.0   -28.6  -122.1
  2820    30.5   143.3    56.9    16.1   -28.4  -129.9
  2824    30.5   139.0    56.9    16.3   -28.6  -133.7
  2828    30.5   134.8    56.9    16.4   -28.3  -136.7
  2832    30.6   130.5    57.0    16.7   -28.1  -140.1
  2836    30.7   126.2    57.0    16.9   -28.2  -148.1
  2840    30.7   121.6    57.0    16.8   -28.4  -151.6
  2844    30.8   117.4    57.1    17.1   -28.4  -156.0
  2848    30.8   113.1    57.1    17.2   -28.3  -159.8
  2852    30.9   108.7    57.1    17.3   -28.4  -162.4
  2855    30.9   104.4    57.1    17.3   -28.3  -166.9
  2859    31.0   100.0    57.2    17.4   -28.2  -170.5
  2863    31.0    95.6    57.2    17.5   -27.8  -176.9
  2867    31.1    91.2    57.2    17.6   -28.2   175.4
  2871    31.2    86.7    57.3    17.6   -28.1   173.7
  2875    31.2    82.3    57.3    17.8   -28.1   168.6
  2879    31.3    77.9    57.3    17.7   -27.8   161.2
  2883    31.3    73.5    57.4    17.8   -27.8   158.3
  2887    31.4    69.1    57.4    17.8   -27.9   151.6
  2891    31.4    64.8    57.4    18.0   -28.3   150.5
  2895    31.5    60.3    57.4    18.0   -28.0   143.7
  2898    31.5    55.9    57.4    18.0   -27.9   137.9
  2902    31.6    51.4    57.5    18.1   -28.2   136.3
  2906    31.6    46.9    57.5    18.1   -28.1   130.3
  2910    31.7    42.5    57.5    18.2   -28.5   125.0
  2914    31.8    38.0    57.6    18.1   -28.0   122.1
  2918    31.8    33.6    57.6    18.2   -28.4   118.5
  2922    31.9    29.2    57.6    18.2   -28.3   113.4
  2926    31.9    24.7    57.6    18.3   -28.3   108.1
  2930    32.0    20.2    57.6    18.2   -28.2   102.0
  2934    32.0    15.7    57.7    18.2   -28.4    99.0
  2938    32.1    11.2    57.7    18.1   -28.1    92.7
  2941    32.1     6.7    57.7    18.3   -28.3    85.8
  2945    32.2     2.2    57.7    18.2   -28.1    83.2
  2949    32.2    -2.2    57.8    18.3   -28.6    76.4
  2953    32.3    -6.7    57.8    18.2   -28.6    75.9
  2957    32.3   -11.2    57.8    18.2   -28.5    69.9
  2961    32.4   -15.7    57.8    18.2   -28.9    65.1
  2965    32.4   -20.2    57.9    18.2   -28.7    58.1
  2969    32.5   -24.8    57.9    18.1   -28.4    54.2
  2973    32.5   -29.3    57.9    18.2   -28.6    51.3
  2977    32.6   -33.8    57.9    18.2   -28.7    45.6
  2980    32.7   -38.3    57.9    18.2   -28.7    41.2
  2984    32.7   -42.8    58.0    18.1   -29.7    36.2
  2988    32.7   -47.3    58.0    18.1   -28.7    31.1
  2992    32.8   -51.9    58.0    18.1   -29.3    26.8
  2996    32.8   -56.4    58.0    18.1   -29.0    23.4
  3000    32.9   -61.0    58.0    18.1   -29.4    13.6
  3004    33.0   -65.5    58.0    18.1   -29.1    12.3
  3008    33.0   -70.1    58.1    18.0   -29.3     6.8
  3012    33.1   -74.5    58.1    18.0   -29.3     4.9
  3016    33.1   -79.1    58.1    17.9   -29.7    -2.4
  3020    33.1   -83.7    58.1    17.9   -29.9    -3.1
  3023    33.2   -88.2    58.1    17.9   -29.7    -8.3
  3027    33.2   -92.8    58.1    17.9   -29.7   -11.1
  3031    33.3   -97.4    58.2    17.8   -29.3   -19.3
  3035    33.3  -102.0    58.2    17.8   -29.8   -21.0
  3039    33.4  -106.5    58.2    17.8   -30.0   -29.5
  3043    33.4  -111.0    58.2    17.8   -29.7   -33.9
  3047    33.5  -115.5    58.2    17.9   -30.0   -37.6
  3051    33.5  -120.1    58.2    17.8   -30.1   -42.2
  3055    33.6  -124.7    58.2    17.8   -30.2   -46.8
  3059    33.6  -129.4    58.2    17.7   -29.8   -54.3
  3063    33.7  -133.8    58.3    17.7   -30.0   -55.3
  3066    33.7  -138.4    58.3    17.7   -30.1   -58.9
  3070    33.7  -142.9    58.3    17.8   -30.2   -64.5
  3074    33.8  -147.4    58.3    17.7   -30.0   -66.9
  3078    33.8  -152.0    58.3    17.7   -29.9   -71.3
  3082    33.9  -156.5    58.3    17.8   -30.3   -77.9
  3086    33.9  -161.1    58.3    17.8   -30.2   -81.5
  3090    34.0  -165.7    58.4    17.8   -30.3   -86.9
  3094    34.0  -170.3    58.4    17.7   -30.1   -89.5
  3098    34.1  -174.8    58.4    17.7   -30.4   -97.9
  3102    34.1  -179.3    58.4    17.8   -30.6  -102.3
  3105    34.2   176.1    58.4    17.7   -30.4  -107.0
  3109    34.2   171.5    58.4    17.7   -30.0  -109.0
  3113    34.3   167.0    58.5    17.8   -29.9  -113.0
  3117    34.3   162.4    58.5    17.8   -30.4  -117.8
  3121    34.3   157.8    58.5    17.8   -30.5  -124.1
  3125    34.4   153.2    58.5    17.8   -30.1  -129.6
  3129    34.5   148.5    58.5    17.6   -30.6  -135.5
  3133    34.5   144.0    58.5    17.7   -30.3  -139.6
  3137    34.6   139.4    58.6    17.6   -29.8  -142.9
  3141    34.6   134.8    58.6    17.7   -30.4  -148.0
  3145    34.7   130.2    58.6    17.7   -30.3  -152.8
  3148    34.7   125.5    58.6    17.6   -30.5  -160.2
  3152    34.7   120.9    58.6    17.7   -30.0  -162.5
  3156    34.8   116.2    58.6    17.6   -30.7  -168.6
  3160    34.9   111.6    58.6    17.6   -30.5  -174.3
  3164    34.9   107.0    58.6    17.6   -29.8   179.8
  3168    34.9   102.4    58.7    17.6   -30.5   173.1
  3172    35.0    97.9    58.7    17.7   -30.8   169.0
  3176    35.0    93.1    58.7    17.6   -31.0   163.4
  3180    35.1    88.3    58.7    17.5   -31.0   161.9
  3184    35.1    83.7    58.7    17.5   -31.3   155.8
  3188    35.2    79.0    58.7    17.5   -31.3   148.5
  3191    35.2    74.6    58.8    17.6   -31.4   142.6
  3195    35.3    69.8    58.8    17.4   -31.7   141.8
  3199    35.3    65.2    58.8    17.5   -32.1   137.1
  3203    35.4    60.4    58.8    17.4   -31.6   132.4
  3207    35.4    55.8    58.8    17.4   -31.8   124.8
  3211    35.4    51.1    58.8    17.4   -32.1   125.4
  3215    35.5    46.5    58.8    17.4   -32.4   116.2
  3219    35.5    41.7    58.9    17.4   -32.4   113.3
  3223    35.6    37.1    58.9    17.3   -33.0   112.4
  3227    35.6    32.4    58.9    17.3   -32.8   111.3
  3230    35.7    27.7    58.9    17.3   -32.4   104.0
  3234    35.7    22.9    58.9    17.2   -32.9    98.9
  3238    35.8    18.1    58.9    17.2   -33.2    97.3
  3242    35.8    13.4    58.9    17.1   -32.8    93.1
  3246    35.8     8.8    59.0    17.2   -32.3    87.7
  3250    35.9     4.1    59.0    17.2   -33.1    80.9
  3254    35.9    -0.6    59.0    17.1   -32.8    82.6
  3258    35.9    -5.3    59.0    17.1   -32.7    74.7
  3262    36.0   -10.1    59.0    17.1   -32.6    72.8
  3266    36.0   -14.8    59.0    17.0   -32.8    68.6
  3270    36.1   -19.6    59.0    17.0   -32.9    65.1
  3273    36.1   -24.3    59.0    17.0   -32.4    60.2
  3277    36.1   -29.0    59.0    17.0   -32.7    53.8
  3281    36.2   -33.6    59.1    17.0   -32.8    52.0
  3285    36.2   -38.4    59.1    16.9   -32.5    48.0
  3289    36.2   -43.2    59.1    16.9   -33.0    46.5
  3293    36.3   -48.0    59.1    16.9   -33.1    35.7
  3297    36.3   -52.7    59.1    16.9   -32.6    32.0
  3301    36.3   -57.5    59.1    16.9   -32.2    30.7
  3305    36.4   -62.2    59.1    16.9   -32.3    31.1
  3309    36.4   -67.0    59.1    16.8   -32.3    24.4
  3313    36.5   -71.6    59.1    16.9   -32.5    16.0
  3316    36.5   -76.4    59.1    16.9   -32.1    11.8
  3320    36.5   -81.2    59.2    16.8   -32.0    11.3
  3324    36.5   -86.0    59.2    16.8   -31.8     4.4
  3328    36.6   -90.8    59.2    16.8   -31.5     3.0
  3332    36.6   -95.6    59.2    16.8   -31.4    -3.5
  3336    36.6  -100.2    59.2    16.9   -31.4    -6.2
  3340    36.6  -105.0    59.2    16.8   -31.5   -14.7
  3344    36.7  -109.7    59.2    16.8   -31.3   -17.9
  3348    36.7  -114.6    59.2    16.8   -31.5   -24.7
  3352    36.7  -119.3    59.2    16.8   -31.3   -28.2
  3355    36.7  -124.0    59.2    16.8   -31.1   -33.6
  3359    36.8  -128.9    59.2    16.8   -30.7   -37.6
  3363    36.8  -133.6    59.2    16.7   -31.7   -40.2
  3367    36.8  -138.3    59.3    16.7   -31.2   -44.7
  3371    36.8  -143.0    59.3    16.8   -31.1   -52.6
  3375    36.9  -148.0    59.3    16.6   -31.2   -54.8
  3379    36.9  -152.7    59.3    16.7   -31.1   -61.7
  3383    36.9  -157.5    59.3    16.7   -31.4   -63.6
  3387    36.9  -162.3    59.3    16.6   -30.5   -68.9
  3391    37.0  -166.9    59.3    16.8   -31.5   -70.4
  3395    37.0  -171.8    59.3    16.7   -30.7   -77.3
  3398    37.0  -176.6    59.3    16.7   -30.7   -84.3
  3402    37.0   178.7    59.3    16.7   -30.8   -87.9
  3406    37.0   173.8    59.3    16.7   -31.2   -93.2
  3410    37.0   169.0    59.3    16.7   -31.0   -96.0
  3414    37.0   164.3    59.4    16.7   -31.0  -100.5
  3418    37.1   159.5    59.4    16.6   -30.8  -108.2
  3422    37.1   154.8    59.4    16.7   -30.7  -111.0
  3426    37.1   150.0    59.4    16.6   -30.9  -114.5
  3430    37.1   145.3    59.4    16.8   -30.6  -121.9
  3434    37.1   140.4    59.4    16.7   -30.5  -128.8
  3438    37.1   135.7    59.4    16.8   -30.9  -133.1
  3441    37.1   130.9    59.4    16.7   -30.5  -137.3
  3445    37.1   126.0    59.4    16.7   -31.2  -139.3
  3449    37.1   121.4    59.4    16.7   -30.9  -145.4
  3453    37.1   116.6    59.4    16.7   -30.4  -148.9
  3457    37.1   111.8    59.4    16.6   -30.4  -155.7
  3461    37.1   107.0    59.4    16.7   -30.2  -157.9
  3465    37.2   102.3    59.5    16.8   -30.2  -162.4
  3469    37.2    97.5    59.5    16.8   -30.6  -169.4
  3473    37.2    92.8    59.5    16.8   -30.1  -177.3
  3477    37.2    88.1    59.5    16.8   -30.3  -178.6
  3480    37.2    83.3    59.5    16.9   -30.1   173.2
  3484    37.2    78.5    59.5    16.9   -30.0   171.5
  3488    37.2    73.6    59.5    16.8   -30.5   162.6
  3492    37.2    68.9    59.5    16.8   -30.1   162.4
  3496    37.2    64.1    59.5    16.8   -29.8   154.5
  3500    37.2    59.5    59.5    16.9   -30.0   150.4
  3504    37.2    54.7    59.5    16.9   -30.5   144.3
  3508    37.2    49.9    59.5    16.8   -30.1   139.3
  3512    37.2    45.2    59.5    16.9   -29.8   133.9
  3516    37.2    40.3    59.6    16.8   -29.6   128.7
  3520    37.2    35.7    59.6    16.9   -29.9   125.4
  3523    37.2    30.8    59.6    16.8   -30.1   120.4
  3527    37.2    26.2    59.6    16.9   -29.8   115.0
  3531    37.2    21.6    59.6    17.0   -29.9   108.7
  3535    37.2    16.7    59.6    16.9   -30.4   103.1
  3539    37.1    11.9    59.6    16.9   -29.8   102.0
  3543    37.1     7.2    59.6    16.9   -30.1    93.6
  3547    37.1     2.4    59.6    16.9   -30.0    86.7
  3551    37.1    -2.2    59.6    17.0   -30.6    85.2
  3555    37.1    -6.9    59.6    17.0   -30.4    77.6
  3559    37.1   -11.6    59.6    17.1   -30.1    72.2
  3563    37.1   -16.3    59.6    17.1   -29.9    70.8
  3566    37.1   -21.1    59.6    17.1   -30.4    67.9
  3570    37.1   -26.0    59.6    16.9   -30.0    59.8
  3574    37.1   -30.7    59.7    17.0   -29.6    54.9
  3578    37.1   -35.2    59.7    17.2   -30.3    47.2
  3582    37.1   -40.0    59.7    17.1   -30.5    42.9
  3586    37.1   -44.7    59.7    17.1   -30.4    36.8
  3590    37.1   -49.3    59.7    17.3   -30.8    26.3
  3594    37.0   -54.1    59.7    17.2   -30.3    26.0
  3598    37.1   -58.8    59.7    17.3   -30.4    21.3
  3602    37.0   -63.5    59.7    17.3   -30.7    14.5
  3605    37.0   -68.2    59.7    17.3   -30.5     9.9
  3609    37.0   -72.9    59.7    17.3   -30.8     6.9
  3613    37.0   -77.6    59.7    17.3   -31.3     1.2
  3617    37.0   -82.2    59.8    17.4   -31.5    -4.9
  3621    37.0   -87.1    59.8    17.3   -31.2   -16.1
  3625    37.0   -91.7    59.8    17.4   -31.5   -17.2
  3629    37.0   -96.4    59.8    17.4   -31.7   -21.6
  3633    37.0  -100.9    59.8    17.5   -31.1   -27.4
  3637    36.9  -105.7    59.8    17.4   -31.0   -29.8
  3641    36.9  -110.4    59.8    17.4   -31.9   -28.9
  3645    36.9  -115.1    59.8    17.4   -32.0   -42.4
  3648    36.9  -119.9    59.8    17.4   -32.2   -47.9
  3652    36.9  -124.6    59.8    17.4   -32.3   -50.6
  3656    36.9  -129.2    59.8    17.4   -32.6   -58.4
  3660    36.9  -133.8    59.9    17.5   -32.4   -63.1
  3664    36.9  -138.5    59.9    17.5   -31.8   -65.5
  3668    36.8  -143.1    59.9    17.6   -31.7   -71.4
  3672    36.8  -147.9    59.9    17.5   -32.5   -80.4
  3676    36.8  -152.6    59.9    17.4   -33.3   -84.2
  3680    36.8  -157.3    59.9    17.4   -34.1   -85.4
  3684    36.8  -161.9    59.9    17.5   -33.8   -90.2
  3688    36.8  -166.5    59.9    17.6   -34.0  -101.8
  3691    36.8  -171.2    59.9    17.6   -33.7  -109.5
  3695    36.7  -175.9    60.0    17.6   -34.1  -112.0
  3699    36.7   179.5    59.9    17.7   -33.8  -117.6
  3703    36.7   174.7    60.0    17.6   -34.6  -120.2
  3707    36.7   170.1    60.0    17.6   -34.2  -122.9
  3711    36.7   165.5    60.0    17.6   -34.3  -129.5
  3715    36.7   160.9    60.0    17.7   -35.1  -134.2
  3719    36.6   156.1    60.0    17.6   -36.0  -135.1
  3723    36.6   151.5    60.0    17.7   -35.6  -149.2
  3727    36.6   146.8    60.0    17.7   -34.3  -153.8
  3730    36.6   142.2    60.0    17.7   -36.7  -155.8
  3734    36.6   137.7    60.0    17.8   -35.0  -160.7
  3738    36.6   133.0    60.0    17.8   -35.7  -165.0
  3742    36.5   128.3    60.1    17.7   -36.0  -169.2
  3746    36.5   123.6    60.1    17.7   -36.9  -178.8
  3750    36.5   118.9    60.1    17.8   -38.8   171.2
  3754    36.5   114.3    60.1    17.8   -37.5   171.0
  3758    36.5   109.6    60.1    17.8   -38.5   172.4
  3762    36.5   105.1    60.1    17.9   -37.9   164.1
  3766    36.4   100.5    60.1    18.0   -38.6   154.8
  3770    36.4    95.8    60.1    18.0   -37.7   153.6
  3773    36.4    91.1    60.1    18.0   -38.4   152.0
  3777    36.4    86.5    60.1    18.0   -40.4   146.7
  3781    36.4    81.9    60.1    18.0   -40.2   142.7
  3785    36.3    77.2    60.2    18.0   -40.7   136.0
  3789    36.3    72.6    60.2    18.1   -41.2   134.2
  3793    36.3    68.0    60.2    18.2   -40.4   133.2
  3797    36.3    63.4    60.2    18.2   -40.4   125.1
  3801    36.2    58.7    60.2    18.2   -42.1   124.8
  3805    36.2    54.1    60.2    18.3   -41.7   127.1
  3809    36.2    49.5    60.2    18.3   -42.5   129.9
  3813    36.2    44.9    60.2    18.3   -42.6   129.2
  3816    36.1    40.2    60.2    18.4   -43.7   116.7
  3820    36.1    35.6    60.2    18.5   -41.7   130.5
  3824    36.1    31.0    60.2    18.6   -44.0   120.6
  3828    36.0    26.4    60.2    18.7   -41.5   120.9
  3832    36.0    21.8    60.2    18.8   -41.7   117.1
  3836    36.0    17.3    60.2    18.9   -41.6   127.5
  3840    35.9    12.7    60.2    18.9   -40.3   117.5
  3844    35.9     8.0    60.2    19.0   -39.9   121.8
  3848    35.9     3.4    60.2    19.1   -39.7   119.9
  3852    35.8    -1.2    60.2    19.2   -39.4   112.6
  3855    35.8    -5.7    60.2    19.4   -38.8   117.8
  3859    35.8   -10.2    60.2    19.6   -39.1   104.6
  3863    35.7   -14.8    60.2    19.8   -37.7   102.7
  3867    35.7   -19.4    60.2    19.9   -36.6   101.1
  3871    35.6   -24.0    60.2    20.1   -36.3    94.7
  3875    35.6   -28.5    60.2    20.3   -35.1    93.8
  3879    35.5   -33.0    60.2    20.5   -34.3    86.6
  3883    35.5   -37.5    60.2    20.8   -34.1    79.4
  3887    35.4   -42.0    60.2    21.1   -33.5    76.8
  3891    35.3   -46.5    60.2    21.4   -33.3    73.5
  3895    35.3   -50.9    60.2    21.8   -32.9    63.1
  3898    35.2   -55.4    60.2    22.1   -32.0    57.9
  3902    35.2   -59.8    60.2    22.6   -32.6    53.8
  3906    35.1   -64.1    60.2    23.0   -31.9    43.0
  3910    35.0   -68.4    60.3    23.6   -30.9    37.5
  3914    34.9   -72.7    60.3    24.2   -30.8    30.2
  3918    34.8   -76.9    60.3    24.8   -30.0    25.0
  3922    34.7   -81.1    60.3    25.5   -30.1    16.5
  3926    34.6   -85.1    60.4    26.2   -29.7     5.7
  3930    34.5   -89.0    60.4    26.9   -29.2     7.3
  3934    34.4   -92.8    60.5    27.7   -29.3    -4.8
  3938    34.3   -96.5    60.6    28.5   -29.2    -9.2
  3941    34.2  -100.0    60.7    29.4   -28.9   -17.5
  3945    34.2  -103.4    60.9    30.1   -28.5   -22.8
  3949    34.1  -106.5    61.1    30.8   -28.1   -27.9
  3953    34.1  -109.6    61.2    31.2   -27.8   -34.5
  3957    34.2  -112.6    61.5    31.3   -27.3   -36.1
  3961    34.3  -115.8    61.7    30.9   -26.9   -46.1
  3965    34.5  -119.3    61.9    30.0   -26.6   -51.9
  3969    34.7  -123.2    62.1    28.7   -26.1   -59.9
  3973    35.0  -127.7    62.3    26.9   -25.6   -65.1
  3977    35.3  -132.6    62.4    24.8   -25.5   -75.6
  3980    35.6  -138.1    62.5    22.5   -25.2   -83.5
  3984    35.8  -143.8    62.5    20.4   -25.2   -94.0
  3988    36.0  -149.7    62.5    18.3   -25.3  -102.1
  3992    36.1  -155.5    62.5    16.4   -25.7  -110.6
  3996    36.2  -161.3    62.4    14.8   -25.9  -118.8
  4000    36.2  -167.2    62.3    13.4   -26.6  -130.4
  4004    36.3  -172.6    62.3    12.3   -26.7  -135.1
  4008    36.3  -178.1    62.2    11.5   -26.8  -143.1
  4012    36.3   176.7    62.1    10.9   -26.9  -150.4
  4016    36.3   171.4    62.0    10.3   -27.4  -157.8
  4020    36.2   166.3    61.9     9.9   -27.7  -165.2
  4023    36.2   161.1    61.8     9.5   -28.4  -174.0
  4027    36.2   156.2    61.8     9.2   -28.6  -178.7
  4031    36.1   151.2    61.7     8.9   -28.4   172.4
  4035    36.1   146.4    61.7     8.8   -29.5   170.0
  4039    36.0   141.4    61.6     8.5   -29.2   160.5
  4043    36.0   136.7    61.6     8.5   -29.9   156.5
  4047    36.0   131.9    61.5     8.4   -30.0   149.3
  4051    35.9   127.1    61.4     8.3   -30.2   142.1
  4055    35.9   122.4    61.4     8.3   -30.5   138.8
  4059    35.8   117.5    61.3     8.1   -31.2   131.5
  4063    35.8   112.9    61.3     8.2   -31.3   124.2
  4066    35.7   108.2    61.2     8.1   -31.5   116.5
  4070    35.7   103.6    61.2     8.1   -31.3   115.6
  4074    35.7    98.9    61.2     8.1   -31.2   107.8
  4078    35.6    94.4    61.1     8.2   -31.9   102.5
  4082    35.6    89.7    61.1     8.2   -32.7    97.4
  4086    35.5    85.1    61.0     8.3   -33.1    91.8
  4090    35.5    80.3    61.0     8.0   -33.1    85.2
  4094    35.5    75.7    61.0     8.1   -33.3    81.5
  4098    35.4    71.3    61.0     8.2   -34.0    72.2
  4102    35.4    66.5    60.9     8.0   -33.5    67.0
  4105    35.3    62.0    60.9     8.1   -33.1    62.4
  4109    35.3    57.5    60.9     8.3   -34.2    54.5
  4113    35.3    52.9    60.9     8.3   -34.3    49.8
  4117    35.2    48.2    60.8     8.1   -34.1    49.3
  4121    35.2    43.7    60.8     8.2   -35.2    41.7
  4125    35.2    39.1    60.8     8.1   -34.5    31.9
  4129    35.1    34.5    60.8     8.2   -35.5    32.5
  4133    35.1    29.9    60.7     8.1   -34.5    23.5
  4137    35.0    25.4    60.7     8.2   -35.8    21.2
  4141    35.0    20.9    60.7     8.3   -35.3    17.5
  4145    35.0    16.5    60.7     8.4   -35.5    14.0
  4148    34.9    11.7    60.6     8.2   -36.0    -0.1
  4152    34.9     7.1    60.6     8.2   -35.9    -5.0
  4156    34.9     2.5    60.6     8.1   -36.3    -5.1
  4160    34.9    -1.8    60.6     8.3   -36.9   -14.7
  4164    34.8    -6.5    60.6     8.1   -36.1   -17.3
  4168    34.8   -10.9    60.5     8.2   -36.5   -24.9
  4172    34.7   -15.4    60.5     8.4   -36.8   -36.0
  4176    34.8   -20.1    60.5     8.2   -37.4   -31.4
  4180    34.7   -24.7    60.5     8.2   -37.4   -38.9
  4184    34.7   -29.2    60.5     8.2   -37.5   -43.6
  4188    34.7   -33.7    60.4     8.2   -38.5   -53.8
  4191    34.6   -38.2    60.4     8.2   -37.3   -52.6
  4195    34.6   -42.6    60.4     8.4   -37.7   -69.8
  4199    34.5   -47.3    60.4     8.3   -37.3   -65.4
  4203    34.5   -52.0    60.3     8.1   -38.6   -75.4
  4207    34.5   -56.5    60.4     8.1   -37.9   -76.3
  4211    34.5   -60.8    60.3     8.4   -39.7   -95.1
  4215    34.5   -65.5    60.3     8.1   -37.6   -88.5
  4219    34.4   -70.1    60.3     8.2   -37.8   -96.0
  4223    34.4   -74.6    60.3     8.1   -37.2  -109.3
  4227    34.4   -78.8    60.3     8.4   -38.8  -106.4
  4230    34.4   -83.5    60.3     8.3   -38.5  -113.0
  4234    34.3   -88.1    60.2     8.3   -39.5  -125.6
  4238    34.3   -92.5    60.2     8.4   -38.5  -125.6
  4242    34.3   -97.1    60.2     8.3   -39.3  -133.0
  4246    34.3  -101.7    60.2     8.2   -38.4  -135.6
  4250    34.2  -106.2    60.2     8.3   -38.4  -143.6
  4254    34.2  -110.5    60.2     8.4   -39.5  -144.3
  4258    34.2  -114.9    60.1     8.6   -39.0  -156.3
  4262    34.1  -119.8    60.1     8.3   -39.4  -159.7
  4266    34.2  -124.0    60.1     8.5   -39.8  -165.0
  4270    34.1  -128.5    60.1     8.6   -40.4  -174.9
  4273    34.1  -133.1    60.1     8.6   -39.0  -179.0
  4277    34.1  -137.4    60.1     8.7   -38.7   171.8
  4281    34.0  -142.2    60.0     8.5   -39.6   177.0
  4285    34.0  -146.7    60.0     8.5   -38.5   165.0
  4289    34.0  -151.2    60.0     8.6   -38.9   161.8
  4293    34.0  -155.8    60.0     8.5   -39.5   151.9
  4297    34.0  -160.4    60.0     8.4   -38.3   148.3
  4301    33.9  -164.6    60.0     8.7   -38.0   141.8
  4305    33.9  -169.5    60.0     8.3   -38.9   142.8
  4309    33.9  -173.8    59.9     8.6   -39.6   131.8
  4313    33.9  -178.4    60.0     8.5   -38.1   135.0
  4316    33.8   177.1    59.9     8.5   -38.8   125.7
  4320    33.8   172.7    59.9     8.6   -39.1   115.9
  4324    33.8   168.0    59.9     8.5   -38.6   113.0
  4328    33.8   163.3    59.9     8.4   -38.5   100.3
  4332    33.7   159.0    59.9     8.6   -38.1    99.7
  4336    33.7   154.5    59.8     8.6   -37.7    96.2
  4340    33.7   150.0    59.8     8.6   -39.3    93.0
  4344    33.7   145.6    59.8     8.7   -37.6    85.2
  4348    33.6   140.9    59.8     8.6   -38.7    81.1
  4352    33.6   136.1    59.8     8.4   -37.7    73.0
  4355    33.6   131.7    59.8     8.5   -39.0    67.7
  4359    33.6   127.3    59.8     8.6   -38.3    68.0
  4363    33.6   122.8    59.8     8.6   -38.1    66.9
  4367    33.6   118.1    59.7     8.4   -37.8    63.2
  4371    33.6   113.7    59.8     8.5   -36.7    54.9
  4375    33.6   109.1    59.8     8.5   -38.2    47.6
  4379    33.5   104.6    59.7     8.5   -38.3    44.8
  4383    33.5   100.0    59.7     8.5   -38.2    36.9
  4387    33.5    95.5    59.7     8.5   -37.8    29.8
  4391    33.4    91.0    59.6     8.5   -38.0    25.5
  4395    33.4    86.5    59.6     8.7   -37.9    21.2
  4398    33.4    81.9    59.6     8.5   -37.9    18.9
  4402    33.4    77.3    59.6     8.5   -37.2    12.2
  4406    33.4    72.8    59.6     8.4   -38.0     6.5
  4410    33.3    68.6    59.6     8.8   -37.3     1.8
  4414    33.3    64.0    59.6     8.7   -37.7    -5.8
  4418    33.3    58.9    59.5     8.3   -36.9    -4.2
  4422    33.3    54.7    59.6     8.6   -37.3   -12.1
  4426    33.3    50.3    59.5     8.7   -37.1   -13.1
  4430    33.2    45.5    59.5     8.4   -36.7   -22.0
  4434    33.2    40.9    59.5     8.4   -36.9   -29.2
  4438    33.2    36.4    59.5     8.4   -37.0   -32.6
  4441    33.2    32.0    59.5     8.6   -36.7   -36.3
  4445    33.1    27.4    59.4     8.6   -36.7   -40.2
  4449    33.1    22.8    59.4     8.5   -37.1   -40.1
  4453    33.1    18.5    59.4     8.7   -37.6   -43.7
  4457    33.1    13.8    59.4     8.6   -37.6   -56.4
  4461    33.1     9.0    59.4     8.4   -37.9   -58.4
  4465    33.0     4.9    59.4     8.8   -36.7   -66.8
  4469    33.0     0.5    59.3     8.9   -36.7   -72.1
  4473    32.9    -4.3    59.3     8.7   -36.6   -74.3
  4477    32.9    -8.8    59.3     8.8   -35.7   -81.5
  4480    32.9   -13.6    59.3     8.5   -36.8   -81.4
  4484    32.9   -18.0    59.2     8.7   -36.5   -87.4
  4488    32.9   -22.5    59.3     8.7   -36.4   -92.6
  4492    32.8   -26.9    59.2     8.9   -36.6   -95.6
  4496    32.8   -31.6    59.2     8.7   -36.9   -98.0
  4500    32.8   -36.5    59.2     8.4   -36.7  -108.5
  4504    32.8   -40.8    59.2     8.6   -36.3  -107.8
  4508    32.8   -45.1    59.2     8.9   -36.6  -113.2
  4512    32.7   -49.8    59.1     8.8   -36.2  -116.6
  4516    32.7   -54.4    59.1     8.7   -36.6  -124.7
  4520    32.7   -59.0    59.1     8.7   -35.8  -137.3
  4523    32.7   -63.3    59.1     8.9   -35.6  -140.8
  4527    32.6   -68.0    59.0     8.9   -36.7  -137.8
  4531    32.6   -72.5    59.0     8.8   -35.9  -142.8
  4535    32.6   -76.9    59.0     9.0   -35.7  -145.8
  4539    32.5   -81.4    59.0     9.1   -36.0  -146.4
  4543    32.5   -86.2    59.0     8.9   -36.0  -157.7
  4547    32.5   -91.0    58.9     8.6   -36.0  -156.6
  4551    32.5   -94.9    59.0     9.2   -36.0  -163.6
  4555    32.4   -99.6    58.9     9.2   -35.1  -166.2
  4559    32.4  -104.4    58.9     8.9   -35.7  -175.4
  4563    32.4  -109.0    58.9     8.8   -35.9  -173.8
  4566    32.4  -113.5    58.9     8.9   -35.6   176.3
  4570    32.4  -117.6    58.9     9.4   -35.4   175.4
  4574    32.4  -122.4    58.9     9.2   -36.4   169.2
  4578    32.4  -127.1    58.9     9.1   -36.0   164.7
  4582    32.3  -131.7    58.8     9.1   -35.0   155.8
  4586    32.3  -136.1    58.8     9.2   -35.2   155.6
  4590    32.2  -140.7    58.8     9.2   -35.1   150.9
  4594    32.2  -144.8    58.8     9.6   -36.1   149.0
  4598    32.2  -149.6    58.8     9.3   -34.9   143.6
  4602    32.2  -154.1    58.8     9.5   -34.8   140.2
  4605    32.2  -159.0    58.8     9.2   -35.1   129.9
  4609    32.1  -163.2    58.7     9.5   -35.0   128.4
  4613    32.1  -167.8    58.7     9.4   -35.1   122.0
  4617    32.1  -172.5    58.7     9.3   -34.8   119.9
  4621    32.1  -176.8    58.7     9.6   -34.8   116.5
  4625    32.0   178.5    58.7     9.5   -35.2   112.1
  4629    32.0   173.8    58.7     9.3   -35.0   109.9
  4633    32.0   169.3    58.7     9.4   -34.8   104.0
  4637    31.9   164.8    58.6     9.5   -34.8   102.2
  4641    31.9   160.2    58.6     9.5   -34.4    96.7
  4645    31.9   155.8    58.6     9.6   -34.3    92.8
  4648    31.9   151.2    58.6     9.7   -34.8    86.5
  4652    31.9   146.8    58.6     9.7   -35.0    84.9
  4656    31.8   142.3    58.6     9.9   -34.3    75.3
  4660    31.8   137.6    58.6     9.7   -34.9    75.2
  4664    31.8   133.0    58.5     9.8   -34.8    67.4
  4668    31.7   128.5    58.5     9.8   -34.1    67.2
  4672    31.8   124.2    58.6    10.0   -34.2    61.7
  4676    31.7   119.7    58.5    10.1   -34.1    62.7
  4680    31.7   115.2    58.5    10.1   -34.1    52.9
  4684    31.6   110.3    58.4     9.9   -34.1    40.0
  4688    31.7   105.6    58.5     9.7   -34.6    43.9
  4691    31.6   101.3    58.5    10.0   -34.4    39.2
  4695    31.6    96.7    58.5     9.9   -33.9    35.4
  4699    31.6    92.1    58.5    10.0   -34.0    28.9
  4703    31.6    87.6    58.5    10.1   -34.0    28.1
  4707    31.5    83.1    58.5    10.2   -34.3    21.7
  4711    31.5    78.7    58.4    10.3   -34.1    24.2
  4715    31.5    74.0    58.4    10.1   -34.3    17.0
  4719    31.4    69.4    58.4    10.2   -33.7     8.7
  4723    31.4    64.7    58.4    10.1   -33.7    10.6
  4727    31.4    60.1    58.4    10.0   -33.2     1.0
  4730    31.4    55.8    58.4    10.3   -33.4    -1.9
  4734    31.3    51.0    58.3    10.1   -33.7    -8.8
  4738    31.3    46.3    58.4     9.9   -33.6    -9.1
  4742    31.3    42.0    58.4    10.2   -33.5   -17.2
  4746    31.3    37.4    58.4    10.2   -33.5   -17.7
  4750    31.2    32.7    58.3    10.1   -33.7   -26.4
  4754    31.2    28.2    58.3    10.1   -33.7   -28.8
  4758    31.2    23.5    58.3    10.1   -33.4   -34.5
  4762    31.2    18.7    58.3     9.8   -33.7   -33.5
  4766    31.1    14.7    58.3    10.4   -33.4   -39.6
  4770    31.1     9.9    58.3    10.1   -34.1   -44.4
  4773    31.1     5.8    58.3    10.6   -33.0   -51.7
  4777    31.1     0.7    58.3    10.1   -33.2   -59.1
  4781    31.0    -3.7    58.3    10.3   -33.0   -53.9
  4785    31.0    -8.2    58.3    10.3   -33.4   -63.7
  4789    31.0   -12.6    58.3    10.4   -33.0   -68.2
  4793    30.9   -17.2    58.2    10.4   -32.7   -69.9
  4797    30.9   -21.9    58.2    10.3   -32.7   -75.6
  4801    30.9   -26.5    58.2    10.3   -32.6   -80.1
  4805    30.9   -30.9    58.2    10.4   -32.8   -84.3
  4809    30.9   -35.5    58.3    10.4   -32.8   -83.9
  4813    30.9   -40.1    58.3    10.4   -32.8   -92.8
  4816    30.8   -45.0    58.2    10.0   -33.0   -95.3
  4820    30.8   -49.2    58.2    10.4   -32.7  -100.7
  4824    30.8   -53.9    58.2    10.3   -32.4  -101.1
  4828    30.7   -58.1    58.2    10.6   -32.3  -106.8
  4832    30.7   -62.9    58.2    10.4   -32.2  -112.4
  4836    30.7   -67.4    58.2    10.5   -32.8  -114.5
  4840    30.7   -72.2    58.3    10.2   -32.8  -123.4
  4844    30.6   -76.2    58.2    10.7   -32.6  -126.7
  4848    30.6   -81.2    58.2    10.4   -32.1  -133.4
  4852    30.6   -85.7    58.2    10.4   -31.8  -134.4
  4855    30.6   -90.4    58.2    10.3   -32.1  -137.6
  4859    30.5   -94.8    58.2    10.5   -32.9  -143.2
  4863    30.5   -99.2    58.2    10.6   -32.3  -146.8
  4867    30.5  -103.9    58.2    10.4   -32.5  -148.2
  4871    30.4  -108.3    58.2    10.6   -31.8  -154.0
  4875    30.4  -112.9    58.2    10.6   -32.5  -154.8
  4879    30.3  -117.7    58.1    10.3   -32.1  -161.7
  4883    30.4  -122.2    58.2    10.5   -31.7  -167.0
  4887    30.4  -126.4    58.2    10.8   -32.0  -171.1
  4891    30.3  -131.4    58.2    10.2   -32.2  -176.0
  4895    30.4  -135.7    58.2    10.6   -31.7   178.0
  4898    30.3  -140.4    58.2    10.3   -32.2   176.5
  4902    30.2  -145.0    58.2    10.3   -31.6   169.5
  4906    30.2  -149.6    58.2    10.2   -31.6   170.1
  4910    30.2  -153.9    58.2    10.5   -31.8   163.4
  4914    30.2  -158.5    58.2    10.5   -32.1   158.8
  4918    30.1  -163.2    58.1    10.3   -31.9   153.3
  4922    30.1  -167.9    58.2    10.1   -31.3   147.2
  4926    30.1  -172.4    58.2    10.0   -31.3   145.1
  4930    30.1  -176.8    58.2    10.2   -31.5   140.5
  4934    30.0   178.4    58.2    10.1   -31.5   138.8
  4938    30.1   173.9    58.3    10.2   -31.4   134.1
  4941    30.0   169.4    58.3    10.1   -32.0   133.2
  4945    30.0   165.0    58.2    10.2   -31.4   125.4
  4949    30.0   160.4    58.3    10.2   -31.7   121.8
  4953    30.0   155.9    58.3    10.2   -31.4   121.6
  4957    30.0   151.1    58.3    10.1   -31.5   115.1
  4961    30.0   146.8    58.3    10.2   -31.2   112.4
  4965    29.9   142.2    58.3    10.1   -31.3   103.8
  4969    29.9   137.8    58.3    10.2   -30.8   104.0
  4973    29.9   133.3    58.3    10.3   -31.4    97.0
  4977    29.9   128.5    58.3    10.0   -31.0    93.6
  4980    29.8   124.2    58.3    10.3   -31.0    88.7
  4984    29.8   119.6    58.3    10.2   -31.1    88.8
  4988    29.7   115.2    58.3    10.2   -31.9    86.5
  4992    29.7   111.0    58.3    10.7   -31.4    76.0
  4996    29.8   105.6    58.4     9.7   -31.0    72.2
  5000    29.7   101.7    58.3    10.3   -31.1    66.8
  5004    29.6    96.6    58.3     9.7   -30.6    65.9
  5008    29.6    92.6    58.3    10.3   -30.7    61.1
  5012    29.6    87.8    58.4    10.1   -31.1    56.2
  5016    29.7    83.3    58.4    10.1   -31.2    52.6
  5020    29.6    78.8    58.4    10.1   -31.2    51.9
  5023    29.6    74.2    58.4    10.0   -31.6    41.5
  5027    29.6    70.0    58.5    10.3   -31.2    42.5
  5031    29.5    65.3    58.4    10.1   -30.6    36.4
  5035    29.5    60.8    58.4    10.1   -30.6    31.9
  5039    29.4    56.7    58.4    10.4   -30.6    32.2
  5043    29.5    51.6    58.4     9.8   -30.9    23.4
  5047    29.4    47.2    58.5     9.9   -30.8    24.7
  5051    29.4    42.8    58.5    10.1   -30.6    16.5
  5055    29.4    38.3    58.4    10.0   -30.9    11.4
  5059    29.4    33.6    58.5    10.0   -30.6     8.8
  5063    29.4    28.7    58.6     9.5   -31.1     2.0
  5066    29.3    24.9    58.5    10.3   -31.3    -1.6
  5070    29.4    20.2    58.6    10.0   -30.9    -2.2
  5074    29.3    16.1    58.5    10.4   -30.8    -5.2
  5078    29.3    11.1    58.5     9.9   -30.7    -9.9
  5082    29.2     6.6    58.5     9.9   -30.5   -12.9
  5086    29.3     2.5    58.6    10.3   -30.3   -19.6
  5090    29.2    -1.8    58.6    10.5   -30.9   -21.4
  5094    29.2    -6.4    58.6    10.3   -31.4   -28.2
  5098    29.3   -10.8    58.7    10.6   -30.8   -32.4
  5102    29.3   -15.8    58.7    10.0   -31.0   -36.1
  5105    29.2   -19.9    58.7    10.4   -30.4   -38.1
  5109    29.1   -24.0    58.6    10.8   -30.3   -43.4
  5113    29.2   -28.7    58.7    10.6   -30.5   -45.5
  5117    29.1   -33.4    58.7    10.3   -30.8   -51.6
  5121    29.1   -37.6    58.7    10.6   -30.7   -54.8
  5125    29.1   -42.5    58.7    10.2   -30.6   -61.2
  5129    29.0   -47.0    58.7    10.0   -30.2   -61.8
  5133    29.1   -51.4    58.8    10.2   -30.6   -66.7
  5137    29.0   -55.9    58.7    10.3   -30.7   -70.2
  5141    29.1   -60.2    58.8    10.4   -30.9   -73.3
  5145    29.0   -64.8    58.8    10.4   -31.0   -76.8
  5148    29.1   -69.0    58.9    10.6   -30.5   -83.6
  5152    29.0   -73.6    58.8    10.5   -30.8   -89.3
  5156    29.0   -77.5    58.9    11.0   -30.5   -92.4
  5160    29.0   -82.2    58.9    11.0   -30.4   -94.0
  5164    29.1   -86.7    59.0    10.9   -31.0   -97.9
  5168    29.0   -91.4    59.0    10.5   -31.1  -106.0
  5172    29.0   -95.7    59.0    10.7   -30.7  -105.7
  5176    28.9  -100.1    58.9    10.8   -30.9  -111.8
  5180    29.0  -104.9    59.0    10.5   -30.6  -114.0
  5184    28.9  -108.6    59.0    11.3   -31.2  -118.5
  5188    28.9  -113.1    59.0    11.2   -30.5  -125.2
  5191    28.8  -117.8    59.0    10.9   -30.4  -129.2
  5195    28.9  -122.6    59.1    10.6   -30.7  -131.6
  5199    28.9  -126.6    59.1    11.2   -31.3  -137.2
  5203    28.8  -131.1    59.1    11.2   -30.8  -140.9
  5207    28.9  -135.3    59.1    11.4   -31.3  -146.9
  5211    28.8  -140.0    59.1    11.0   -30.6  -147.6
  5215    28.8  -144.7    59.1    10.9   -31.5  -152.6
  5219    28.8  -148.8    59.1    11.1   -30.8  -158.6
  5223    28.7  -152.7    59.1    11.8   -30.9  -163.9
  5227    28.8  -157.5    59.2    11.5   -31.1  -166.6
  5230    28.8  -161.7    59.2    11.8   -31.3  -172.3
  5234    28.7  -166.2    59.2    11.6   -31.0  -175.5
  5238    28.7  -170.7    59.2    11.5   -30.9  -179.6
  5242    28.6  -175.2    59.2    11.5   -31.6   177.7
  5246    28.7  -179.9    59.2    11.2   -31.3   173.4
  5250    28.7   175.4    59.4    11.1   -31.2   168.7
  5254    28.7   171.7    59.3    11.9   -31.1   162.7
  5258    28.6   167.2    59.3    11.7   -31.4   164.9
  5262    28.5   163.0    59.2    11.9   -31.4   156.0
  5266    28.5   158.0    59.3    11.2   -30.7   153.9
  5270    28.6   153.5    59.3    11.4   -31.1   144.8
  5273    28.6   149.7    59.4    11.9   -31.0   141.3
  5277    28.6   144.8    59.4    11.5   -31.9   137.5
  5281    28.5   140.6    59.4    11.8   -31.7   134.8
  5285    28.5   135.9    59.4    11.4   -31.6   132.6
  5289    28.5   131.9    59.4    11.9   -31.6   127.4
  5293    28.5   127.3    59.4    11.8   -31.5   122.8
  5297    28.4   123.1    59.4    11.9   -31.4   116.5
  5301    28.5   118.7    59.5    12.1   -31.8   113.6
  5305    28.5   114.5    59.5    12.3   -32.0   109.6
  5309    28.4   110.1    59.5    12.4   -31.8   105.4
  5313    28.4   105.3    59.5    11.9   -31.7   100.4
  5316    28.3   101.1    59.5    12.0   -31.7    98.1
  5320    28.3    95.8    59.5    11.2   -31.6    91.4
  5324    28.4    91.9    59.7    11.9   -31.8    87.0
  5328    28.3    87.6    59.6    11.9   -32.1    83.3
  5332    28.3    83.1    59.6    11.7   -32.4    79.7
  5336    28.2    78.8    59.5    11.7   -32.1    75.2
  5340    28.2    74.0    59.6    11.5   -32.5    72.1
  5344    28.3    69.8    59.6    11.8   -32.3    66.8
  5348    28.2    65.4    59.6    11.8   -32.3    62.7
  5352    28.2    61.6    59.6    12.4   -32.5    58.1
  5355    28.2    57.1    59.7    12.4   -32.6    51.5
  5359    28.2    52.1    59.7    11.6   -32.8    46.5
  5363    28.2    47.6    59.7    11.6   -33.0    49.0
  5367    28.2    43.4    59.7    11.9   -32.7    38.4
  5371    28.1    38.6    59.7    11.5   -33.0    37.0
  5375    28.1    34.9    59.7    12.2   -32.9    37.5
  5379    28.1    30.1    59.7    11.7   -33.0    29.3
  5383    28.0    25.4    59.7    11.3   -33.5    23.0
  5387    28.0    20.8    59.8    11.2   -33.1    21.4
  5391    28.0    16.2    59.7    11.0   -32.9    12.2
  5395    28.0    12.7    59.7    11.9   -34.1    14.3
  5398    28.0     7.8    59.7    11.5   -33.4     8.5
  5402    27.9     3.7    59.7    11.6   -34.3     3.6
  5406    27.9    -1.2    59.7    11.1   -33.6    -2.0
  5410    27.9    -6.1    59.8    10.6   -33.5    -1.4
  5414    27.9   -10.3    59.8    10.9   -34.2    -9.5
  5418    27.8   -14.3    59.8    11.3   -34.1    -9.4
  5422    27.8   -18.5    59.8    11.5   -34.7   -17.4
  5426    27.7   -23.1    59.7    11.2   -34.1   -19.5
  5430    27.7   -27.7    59.7    10.9   -34.6   -29.8
  5434    27.7   -32.2    59.8    10.9   -33.9   -28.4
  5438    27.8   -36.5    59.9    11.1   -34.3   -32.7
  5441    27.7   -40.7    59.8    11.2   -34.8   -39.0
  5445    27.7   -45.0    59.8    11.3   -35.0   -42.4
  5449    27.6   -49.8    59.8    10.7   -34.5   -40.5
  5453    27.6   -53.9    59.8    11.1   -34.8   -50.2
  5457    27.6   -58.4    59.9    11.0   -35.0   -52.2
  5461    27.5   -62.9    59.8    10.9   -34.6   -60.5
  5465    27.5   -67.3    59.8    10.9   -34.9   -62.9
  5469    27.5   -71.6    59.8    10.9   -35.0   -69.2
  5473    27.4   -75.8    59.7    11.0   -35.0   -70.3
  5477    27.4   -80.3    59.8    10.9   -35.0   -74.2
  5480    27.4   -85.0    59.8    10.7   -34.8   -81.3
  5484    27.4   -89.1    59.8    11.0   -35.7   -82.3
  5488    27.3   -93.3    59.8    11.1   -35.6   -88.6
  5492    27.3   -97.7    59.8    11.0   -35.4   -93.3
  5496    27.3  -102.4    59.8    10.6   -35.8  -100.2
  5500    27.2  -106.8    59.8    10.6   -35.3  -103.0
  5504    27.3  -111.3    59.9    10.6   -35.6  -105.1
  5508    27.3  -115.6    59.9    10.7   -35.7  -110.9
  5512    27.3  -119.9    59.9    10.8   -36.4  -114.7
  5516    27.2  -124.4    59.9    10.6   -36.4  -115.4
  5520    27.2  -128.7    59.9    10.7   -36.1  -119.6
  5523    27.1  -133.4    59.9    10.2   -35.9  -126.1
  5527    27.1  -137.7    59.9    10.4   -36.1  -130.2
  5531    27.1  -142.2    59.9    10.3   -37.0  -130.3
  5535    27.1  -146.2    59.9    10.6   -36.5  -139.8
  5539    27.1  -150.8    59.9    10.3   -35.9  -144.6
  5543    27.0  -155.2    59.9    10.3   -36.5  -146.1
  5547    27.0  -159.7    59.9    10.2   -36.3  -148.2
  5551    27.0  -164.2    60.0    10.1   -36.3  -153.3
  5555    27.0  -168.5    60.0    10.3   -37.2  -157.8
  5559    27.0  -172.6    60.0    10.4   -36.2  -165.8
  5563    26.9  -177.2    59.9    10.1   -36.8  -167.7
  5566    26.9   178.2    59.9     9.8   -35.9  -171.9
  5570    26.9   173.7    60.0     9.7   -35.6   179.3
  5574    26.9   169.3    60.0     9.8   -36.5   177.5
  5578    26.9   164.9    60.0     9.8   -37.9   171.5
  5582    26.9   160.6    60.0     9.8   -37.2   169.7
  5586    26.8   156.1    60.0     9.6   -36.4   163.5
  5590    26.8   151.5    60.0     9.3   -36.3   162.8
  5594    26.8   147.0    60.1     9.3   -36.8   154.4
  5598    26.8   142.6    60.1     9.4   -36.6   152.4
  5602    26.8   138.2    60.1     9.3   -36.9   146.7
  5605    26.7   133.9    60.0     9.2   -37.2   140.7
  5609    26.7   129.3    60.1     9.0   -37.0   129.9
  5613    26.7   124.8    60.1     8.8   -36.7   133.3
  5617    26.7   120.2    60.1     8.6   -36.6   133.2
  5621    26.7   116.0    60.1     8.9   -36.4   125.0
  5625    26.6   111.6    60.1     8.8   -37.2   119.9
  5629    26.6   107.1    60.1     8.5   -36.7   114.5
  5633    26.5   102.6    60.1     8.1   -36.8   104.3
  5637    26.5    98.0    60.1     8.0   -36.7   106.9
  5641    26.5    93.5    60.2     8.0   -37.1   104.8
  5645    26.5    89.3    60.2     8.3   -37.8   104.3
  5648    26.5    84.8    60.1     8.1   -36.9    97.6
  5652    26.4    80.4    60.1     7.8   -37.4    84.5
  5656    26.4    75.9    60.1     7.6   -37.5    87.4
  5660    26.4    71.3    60.2     7.4   -37.0    82.9
  5664    26.4    66.8    60.2     7.4   -37.1    78.0
  5668    26.4    62.6    60.2     7.6   -38.4    75.1
  5672    26.3    58.2    60.2     7.3   -38.7    72.2
  5676    26.3    53.8    60.1     7.2   -38.0    52.4
  5680    26.2    49.1    60.2     6.9   -37.3    58.1
  5684    26.2    44.7    60.2     6.9   -37.9    60.4
  5688    26.2    40.4    60.2     7.0   -38.1    54.9
  5691    26.2    36.0    60.2     7.0   -38.6    40.7
  5695    26.1    31.5    60.2     6.8   -37.8    40.2
  5699    26.1    27.1    60.2     6.5   -38.4    37.9
  5703    26.1    22.6    60.2     6.5   -37.6    36.6
  5707    26.0    18.2    60.2     6.4   -37.6    35.7
  5711    26.0    13.9    60.2     6.6   -38.4    27.0
  5715    26.0     9.5    60.2     6.5   -38.4    20.5
  5719    25.9     5.1    60.2     6.3   -38.4     5.6
  5723    25.9     0.6    60.2     6.1   -36.9     5.9
  5727    25.9    -3.9    60.2     6.1   -37.7     2.9
  5730    25.9    -8.2    60.2     6.3   -37.6     6.2
  5734    25.9   -12.4    60.2     6.5   -38.8     1.4
  5738    25.8   -16.7    60.2     6.3   -38.0   -15.9
  5742    25.7   -21.2    60.2     6.1   -37.4   -24.3
  5746    25.7   -25.8    60.2     6.0   -37.4   -22.1
  5750    25.7   -30.1    60.2     6.1   -37.2   -22.2
  5754    25.7   -34.3    60.2     6.3   -38.6   -29.9
  5758    25.7   -38.6    60.2     6.3   -38.3   -45.0
  5762    25.6   -42.9    60.2     6.2   -37.0   -55.1
  5766    25.6   -47.5    60.2     5.9   -36.8   -58.4
  5770    25.6   -51.8    60.3     6.0   -37.8   -58.1
  5773    25.6   -56.1    60.3     6.3   -39.2   -68.9
  5777    25.5   -60.3    60.3     6.4   -38.3   -80.2
  5781    25.5   -64.7    60.3     6.3   -38.1   -96.6
  5785    25.5   -69.0    60.3     6.1   -37.1   -96.4
  5789    25.4   -73.4    60.3     6.0   -36.5   -98.4
  5793    25.4   -77.8    60.4     6.3   -37.8  -110.1
  5797    25.4   -82.0    60.3     6.5   -37.7  -126.4
  5801    25.4   -86.2    60.3     6.5   -36.7  -143.8
  5805    25.3   -90.6    60.3     6.4   -34.9  -155.0
  5809    25.3   -94.9    60.4     6.2   -34.6  -160.5
  5813    25.3   -99.3    60.4     6.3   -35.2  -167.2
  5816    25.3  -103.5    60.4     6.7   -35.9   179.0
  5820    25.2  -107.8    60.4     6.7   -33.7   159.6
  5824    25.2  -112.1    60.4     6.6   -31.9   149.1
  5828    25.2  -116.4    60.4     6.5   -30.9   142.1
  5832    25.2  -120.7    60.5     6.6   -30.9   133.0
  5836    25.1  -124.9    60.5     6.9   -30.5   118.7
  5840    25.1  -129.2    60.5     7.2   -29.1   102.5
  5844    25.1  -133.5    60.5     7.1   -27.8    95.4
  5848    25.1  -137.7    60.6     7.1   -26.6    87.1
  5852    25.0  -141.9    60.6     7.1   -26.5    75.6
  5855    25.0  -146.1    60.7     7.5   -25.9    62.2
  5859    25.0  -150.3    60.8     8.1   -25.1    47.0
  5863    25.0  -154.5    60.8     8.2   -23.7    38.3
  5867    24.9  -158.6    60.8     8.3   -22.8    27.3
  5871    24.9  -162.7    61.0     8.5   -22.5    16.0
  5875    24.9  -166.6    61.1     9.3   -22.0     2.1
  5879    24.9  -170.5    61.2    10.2   -21.3   -12.8
  5883    24.9  -174.4    61.3    10.9   -20.4   -25.8
  5887    24.9  -178.2    61.4    11.5   -19.7   -36.8
  5891    24.9   178.1    61.7    11.9   -19.3   -49.0
  5895    24.9   174.7    61.9    12.5   -19.0   -62.5
  5898    24.9   171.2    62.2    13.2   -18.5   -75.2
  5902    24.9   167.6    62.4    13.3   -18.2   -86.4
  5906    24.9   163.8    62.5    13.0   -17.8   -95.6
  5910    25.0   159.8    62.6    11.8   -17.8  -105.0
  5914    25.1   155.8    62.8    10.4   -17.7  -115.3
  5918    25.2   151.6    62.9     8.9   -17.6  -124.7
  5922    25.3   146.9    62.8     7.3   -17.7  -133.6
  5926    25.3   141.7    62.7     5.4   -17.7  -140.6
  5930    25.3   136.4    62.4     3.5   -18.0  -147.0
  5934    25.4   131.3    62.3     1.7   -18.4  -156.0
  5938    25.5   126.4    62.3     0.1   -18.7  -164.0
  5941    25.5   121.4    62.2    -1.1   -19.0  -173.0
  5945    25.4   116.3    61.9    -1.6   -19.3  -179.0
  5949    25.3   111.1    61.6    -2.2   -19.6   175.0
  5953    25.3   106.1    61.5    -2.9   -19.9   169.0
  5957    25.3   101.3    61.4    -3.9   -20.3   159.6
  5961    25.3    96.9    61.4    -3.9   -20.4   152.8
  5965    25.3    92.3    61.3    -3.6   -20.7   147.5
  5969    25.1    87.8    61.1    -3.0   -21.0   144.7
  5973    25.1    82.9    60.9    -3.3   -21.4   139.2
  5977    25.1    78.3    60.9    -3.8   -21.9   130.0
  5980    25.1    74.0    61.0    -4.1   -21.9   122.8
  5984    25.1    69.8    61.0    -3.5   -22.0   118.7
  5988    24.9    65.3    60.8    -2.9   -22.3   115.3
  5992    24.8    60.8    60.7    -2.6   -22.8   111.1
  5996    24.8    56.3    60.6    -2.9   -23.1   105.0
  6000    24.9    51.9    60.7    -3.2   -23.1    97.8
  6004    24.9    47.9    60.8    -2.9   -23.3    92.3
  6008    24.8    43.7    60.7    -2.1   -23.5    89.6
  6012    24.7    39.2    60.5    -1.7   -24.0    87.0
  6016    24.6    34.5    60.4    -2.0   -24.4    81.9
  6020    24.7    30.2    60.5    -2.4   -24.4    74.2
  6023    24.7    25.9    60.6    -2.5   -24.3    68.8
  6027    24.6    22.1    60.6    -1.6   -24.6    67.4
  6031    24.5    17.7    60.4    -1.0   -24.7    65.7
  6035    24.4    13.0    60.4    -1.2   -25.4    61.6
  6039    24.4     8.4    60.3    -1.7   -25.6    52.5
  6043    24.5     4.2    60.5    -2.0   -25.7    48.0
  6047    24.5     0.3    60.5    -1.3   -25.3    45.3
  6051    24.4    -3.7    60.4    -0.5   -25.7    45.4
  6055    24.2    -8.4    60.2    -0.4   -26.2    44.0
  6059    24.2   -13.2    60.2    -1.1   -26.8    35.7
  6063    24.3   -17.3    60.3    -1.3   -26.5    27.9
  6066    24.4   -21.2    60.5    -1.1   -26.4    24.7
  6070    24.3   -25.3    60.4    -0.3   -26.3    25.4
  6074    24.1   -29.8    60.2    -0.0   -27.0    25.2
  6078    24.1   -34.6    60.2    -0.5   -27.7    17.0
  6082    24.2   -39.0    60.2    -1.1   -27.4    10.9
  6086    24.2   -43.0    60.3    -0.9   -27.0     4.1
  6090    24.2   -46.9    60.4    -0.2   -26.9     6.1
  6094    24.0   -51.1    60.2     0.4   -27.3     6.3
  6098    23.9   -55.7    60.1     0.3   -28.1     4.0
  6102    24.0   -60.6    60.1    -0.7   -28.7    -5.9
  6105    24.1   -64.7    60.3    -0.9   -28.0   -13.6
  6109    24.1   -68.4    60.3    -0.1   -27.3   -12.8
  6113    23.9   -72.8    60.2     0.2   -27.7   -10.8
  6117    23.8   -77.3    60.1     0.3   -28.7   -11.6
  6121    23.8   -82.1    60.1    -0.3   -29.2   -17.8
  6125    23.9   -86.2    60.2    -0.5   -28.6   -29.5
  6129    24.0   -90.1    60.3    -0.2   -28.3   -32.0
  6133    23.9   -94.1    60.2     0.5   -27.8   -30.7
  6137    23.7   -98.8    60.1     0.5   -28.5   -28.2
  6141    23.7  -103.3    60.0     0.4   -29.6   -33.8
  6145    23.8  -107.9    60.1    -0.4   -29.8   -43.0
  6148    23.9  -111.8    60.2    -0.1   -28.6   -50.3
  6152    23.8  -115.7    60.2     0.5   -28.1   -48.6
  6156    23.7  -120.0    60.1     0.9   -28.7   -47.2
  6160    23.6  -124.9    60.0     0.5   -29.6   -48.6
  6164    23.6  -129.7    60.0    -0.2   -30.0   -61.1
  6168    23.7  -133.9    60.2    -0.5   -29.1   -68.3
  6172    23.7  -137.5    60.2     0.2   -28.5   -70.9
  6176    23.6  -141.5    60.1     1.0   -28.5   -68.4
  6180    23.5  -146.3    60.0     0.7   -29.8   -66.7
  6184    23.6  -151.2    60.0    -0.1   -30.7   -76.7
  6188    23.6  -155.4    60.1    -0.3   -30.1   -84.8
  6191    23.7  -159.3    60.2     0.0   -29.2   -89.7
  6195    23.6  -163.3    60.2     0.6   -28.7   -83.8
  6199    23.5  -167.9    60.0     0.6   -29.2   -82.2
  6203    23.5  -172.8    60.0     0.0   -30.6   -85.2
  6207    23.6  -177.3    60.1    -0.5   -31.1   -99.3
  6211    23.6   178.8    60.2    -0.3   -29.3  -108.9
  6215    23.5   174.8    60.1     0.4   -28.8  -105.4
  6219    23.4   170.5    60.0     0.6   -29.5   -99.7
  6223    23.4   165.9    60.0     0.3   -30.2  -103.2
  6227    23.4   161.0    60.0    -0.5   -30.8  -114.3
  6230    23.5   156.9    60.2    -0.5   -30.0  -125.5
  6234    23.5   152.9    60.2    -0.0   -29.0  -125.0
  6238    23.3   148.8    60.0     0.5   -29.4  -121.4
  6242    23.4   144.1    60.0     0.0   -30.5  -120.8
  6246    23.4   139.2    60.1    -0.7   -31.3  -129.0
  6250    23.5   135.4    60.2    -0.4   -30.7  -141.6
  6254    23.5   131.2    60.2    -0.2   -29.4  -141.9
  6258    23.3   126.7    60.1    -0.0   -29.2  -140.8
  6262    23.3   122.3    60.0    -0.2   -30.3  -137.2
  6266    23.3   117.5    60.0    -0.7   -31.6  -144.8
  6270    23.4   113.4    60.1    -0.7   -30.6  -158.7
  6273    23.4   109.4    60.2    -0.3   -29.9  -161.3
  6277    23.3   105.2    60.1    -0.0   -29.0  -158.8
  6281    23.3   100.2    60.1    -0.7   -29.7  -156.5
  6285    23.3    95.9    60.1    -0.8   -30.9  -163.0
  6289    23.4    91.6    60.2    -1.0   -31.3  -174.0
  6293    23.4    87.5    60.2    -0.6   -29.9   179.8
  6297    23.3    83.2    60.1    -0.5   -29.6  -177.3
  6301    23.3    78.8    60.1    -0.6   -29.7  -173.7
  6305    23.2    74.1    60.1    -0.9   -30.9  -175.1
  6309    23.3    69.6    60.2    -1.3   -31.8   172.4
  6313    23.3    65.7    60.2    -0.9   -30.6   163.2
  6316    23.3    61.5    60.2    -0.7   -29.8   163.4
  6320    23.3    56.9    60.2    -0.8   -29.9   169.4
  6324    23.2    52.5    60.1    -0.9   -30.8   163.7
  6328    23.3    47.5    60.2    -1.8   -31.4   156.1
  6332    23.3    43.7    60.2    -1.2   -30.5   147.2
  6336    23.2    39.0    60.2    -1.5   -30.2   145.8
  6340    23.3    34.8    60.2    -1.4   -29.9   150.2
  6344    23.2    30.4    60.2    -1.5   -30.0   151.9
  6348    23.3    26.0    60.3    -1.8   -31.5   140.1
  6352    23.3    21.6    60.3    -1.8   -31.0   130.7
  6355    23.3    17.4    60.3    -1.7   -30.2   127.8
  6359    23.2    13.3    60.2    -1.4   -30.2   129.1
  6363    23.2     8.8    60.3    -1.5   -30.7   132.3
  6367    23.2     4.4    60.3    -1.8   -31.7   121.8
  6371    23.3    -0.2    60.3    -2.1   -31.1   115.1
  6375    23.3    -4.8    60.3    -2.3   -30.0   110.7
  6379    23.2    -8.7    60.3    -1.7   -29.7   114.3
  6383    23.3   -13.1    60.3    -2.0   -30.1   113.8
  6387    23.3   -17.8    60.4    -2.4   -30.9   106.7
  6391    23.3   -22.2    60.4    -2.5   -30.9    98.9
  6395    23.3   -26.5    60.4    -2.4   -30.3    94.2
  6398    23.2   -30.5    60.4    -2.0   -29.3    94.7
  6402    23.2   -34.9    60.3    -2.1   -30.0    94.7
  6406    23.2   -39.3    60.4    -2.3   -30.5    89.2
  6410    23.4   -43.6    60.5    -2.4   -30.9    82.3
  6414    23.3   -48.2    60.5    -2.5   -30.0    74.0
  6418    23.2   -52.2    60.4    -2.2   -29.1    76.2
  6422    23.2   -56.6    60.4    -2.2   -29.8    74.9
  6426    23.3   -61.0    60.5    -2.4   -30.8    71.7
  6430    23.3   -65.4    60.5    -2.5   -30.5    60.5
  6434    23.3   -69.9    60.5    -2.7   -29.9    56.8
  6438    23.3   -74.2    60.5    -2.6   -29.1    57.2
  6441    23.3   -78.5    60.5    -2.5   -29.3    59.3
  6445    23.3   -83.1    60.6    -3.0   -30.4    52.2
  6449    23.3   -87.1    60.6    -2.7   -30.2    44.1
  6453    23.3   -91.6    60.6    -2.7   -29.7    37.3
  6457    23.3   -96.4    60.5    -3.1   -29.3    39.7
  6461    23.3  -100.7    60.5    -3.2   -29.4    39.7
  6465    23.3  -104.7    60.7    -3.0   -30.3    34.0
  6469    23.4  -109.1    60.7    -3.0   -30.4    24.6
  6473    23.4  -113.5    60.7    -3.1   -29.5    20.7
  6477    23.3  -118.2    60.6    -3.4   -29.1    20.9
  6480    23.3  -122.1    60.6    -3.0   -28.9    22.4
  6484    23.3  -126.9    60.7    -3.5   -29.6    18.2
  6488    23.4  -130.8    60.8    -3.0   -30.0     6.8
  6492    23.3  -135.1    60.7    -3.0   -29.4     1.5
  6496    23.3  -139.9    60.7    -3.4   -28.7     2.8
  6500    23.3  -143.9    60.7    -3.2   -28.7     0.9
  6504    23.4  -148.0    60.8    -3.0   -29.6    -3.7
  6508    23.4  -152.9    60.8    -3.5   -29.6   -11.8
  6512    23.4  -157.0    60.8    -3.4   -29.0   -16.4
  6516    23.4  -161.7    60.8    -3.7   -28.5   -16.8
  6520    23.4  -165.6    60.8    -3.2   -28.6   -18.0
  6523    23.4  -170.3    60.9    -3.7   -29.7   -23.2
  6527    23.4  -174.3    60.9    -3.4   -29.5   -30.6
  6531    23.4  -178.8    60.8    -3.5   -28.6   -36.7
  6535    23.3   176.8    60.8    -3.6   -28.2   -36.5
  6539    23.4   172.5    60.8    -3.5   -28.2   -38.3
  6543    23.4   168.4    60.9    -3.2   -28.7   -42.2
  6547    23.5   164.4    61.0    -3.0   -29.1   -50.7
  6551    23.4   159.5    60.9    -3.5   -28.3   -54.0
  6555    23.4   154.9    60.9    -3.8   -28.0   -55.9
  6559    23.4   150.3    60.9    -4.1   -28.0   -55.7
  6563    23.5   146.5    61.0    -3.6   -29.0   -61.5
  6566    23.5   141.8    61.0    -3.9   -29.0   -67.8
  6570    23.4   137.8    61.0    -3.6   -28.4   -74.5
  6574    23.4   133.4    60.9    -3.7   -27.6   -74.7
  6578    23.5   129.3    61.0    -3.5   -27.9   -78.2
  6582    23.4   124.9    61.0    -3.6   -28.5   -82.1
  6586    23.5   120.2    61.1    -4.0   -28.4   -88.6
  6590    23.4   116.1    61.0    -3.7   -27.9   -94.2
  6594    23.4   111.6    61.0    -3.9   -27.6   -94.5
  6598    23.5   107.4    61.1    -3.7   -27.9   -95.1
  6602    23.5   103.1    61.1    -3.6   -28.6  -101.7
  6605    23.4    98.5    61.1    -3.9   -28.0  -107.4
  6609    23.4    94.4    61.1    -3.7   -27.3  -109.7
  6613    23.4    89.8    61.0    -4.0   -27.3  -114.3
  6617    23.4    86.0    61.0    -3.5   -27.3  -115.5
  6621    23.4    81.8    61.1    -3.3   -28.0  -120.0
  6625    23.5    77.2    61.1    -3.4   -27.5  -128.5
  6629    23.4    72.8    61.1    -3.6   -27.1  -130.7
  6633    23.3    68.3    61.0    -3.9   -26.7  -131.4
  6637    23.4    64.6    61.1    -3.2   -27.3  -134.3
  6641    23.3    60.2    61.1    -3.2   -27.3  -139.8
  6645    23.3    55.6    61.0    -3.4   -27.6  -149.9
  6648    23.3    51.7    61.0    -3.1   -26.5  -150.6
  6652    23.3    47.0    61.1    -3.4   -26.7  -152.9
  6656    23.3    43.1    61.0    -2.9   -27.0  -154.7
  6660    23.4    38.8    61.1    -2.9   -27.4  -160.2
  6664    23.3    33.9    61.1    -3.5   -27.0  -168.5
  6668    23.3    30.2    61.1    -2.9   -26.6  -171.2
  6672    23.3    26.2    61.0    -2.7   -26.0  -171.1
  6676    23.4    22.0    61.2    -2.4   -26.8  -174.5
  6680    23.4    17.5    61.1    -2.6   -26.8   179.5
  6684    23.4    12.5    61.2    -3.2   -26.7   173.0
  6688    23.2     8.7    61.0    -2.8   -25.7   170.2
  6691    23.2     4.7    61.0    -2.4   -25.8   170.2
  6695    23.3    -0.0    61.1    -2.8   -26.6   165.6
  6699    23.4    -3.7    61.2    -2.1   -27.0   158.6
  6703    23.2    -8.1    61.0    -2.2   -25.7   152.5
  6707    23.3   -12.6    61.1    -2.4   -25.6   150.7
  6711    23.2   -17.0    61.1    -2.4   -25.9   148.4
  6715    23.2   -20.7    61.1    -1.9   -26.3   143.8
  6719    23.2   -24.9    61.1    -1.7   -26.4   138.4
  6723    23.3   -29.4    61.1    -1.8   -25.7   132.4
  6727    23.1   -33.3    61.0    -1.5   -25.3   130.4
  6730    23.1   -37.9    61.0    -1.8   -25.2   129.1
  6734    23.2   -41.9    61.1    -1.4   -26.3   124.0
  6738    23.2   -46.4    61.1    -1.5   -26.1   117.4
  6742    23.1   -50.5    61.0    -1.4   -25.2   112.2
  6746    23.1   -54.2    60.9    -0.8   -24.9   110.0
  6750    23.1   -58.6    61.0    -0.8   -25.1   108.3
  6754    23.1   -62.7    61.0    -0.5   -25.6   102.9
  6758    23.1   -67.3    61.0    -0.8   -25.4    96.6
  6762    23.0   -71.3    60.9    -0.6   -24.7    92.8
  6766    23.0   -75.8    60.9    -0.8   -24.3    90.1
  6770    23.0   -79.4    60.9     0.0   -24.9    87.3
  6773    23.1   -83.5    61.0     0.3   -25.3    80.8
  6777    23.1   -88.1    61.0     0.1   -25.1    75.4
  6781    23.0   -92.3    60.9     0.0   -24.3    73.1
  6785    23.0   -96.1    61.0     0.7   -24.3    69.7
  6789    22.9  -100.7    60.9     0.4   -24.6    66.5
  6793    23.0  -104.7    60.9     0.8   -25.3    60.9
  6797    22.9  -108.8    60.9     1.0   -24.5    54.3
  6801    22.9  -113.0    60.8     1.0   -24.0    52.9
  6805    22.9  -116.7    60.8     1.6   -24.1    50.9
  6809    22.9  -121.0    60.8     1.7   -24.7    44.6
  6813    22.9  -125.4    60.9     1.8   -24.4    39.8
  6816    22.8  -129.8    60.7     1.5   -24.1    34.3
  6820    22.8  -134.2    60.7     1.4   -23.3    34.1
  6824    22.8  -138.1    60.8     1.9   -23.8    30.2
  6828    22.9  -142.3    60.9     2.3   -24.1    24.2
  6832    22.9  -146.6    60.9     2.3   -24.2    18.3
  6836    22.8  -150.6    60.7     2.4   -23.4    12.9
  6840    22.6  -154.3    60.6     3.0   -23.0    12.1
  6844    22.7  -159.0    60.7     2.7   -23.6    10.1
  6848    22.8  -162.8    60.7     3.4   -24.1     3.0
  6852    22.8  -167.7    60.7     2.8   -23.7    -2.0
  6855    22.6  -171.0    60.5     3.6   -23.0    -6.4
  6859    22.7  -175.4    60.6     3.6   -23.0    -7.0
  6863    22.7  -179.8    60.7     3.6   -23.6   -10.7
  6867    22.8   175.9    60.8     3.8   -23.9   -17.9
  6871    22.6   172.0    60.6     4.0   -23.1   -24.5
  6875    22.5   167.7    60.5     4.0   -22.8   -26.3
  6879    22.5   163.2    60.5     3.8   -22.9   -29.2
  6883    22.6   159.2    60.5     4.3   -23.1   -32.0
  6887    22.6   155.4    60.6     4.9   -23.4   -40.3
  6891    22.5   151.0    60.4     4.6   -22.8   -45.0
  6895    22.4   147.0    60.3     4.7   -22.3   -46.3
  6898    22.5   142.6    60.5     4.9   -22.7   -48.7
  6902    22.6   137.9    60.6     4.7   -23.3   -52.5
  6906    22.5   134.3    60.5     5.4   -22.9   -61.2
  6910    22.4   130.4    60.3     5.7   -22.5   -64.6
  6914    22.2   125.7    60.2     5.2   -22.1   -65.3
  6918    22.3   121.3    60.3     5.3   -22.5   -68.8
  6922    22.3   117.1    60.3     5.4   -22.7   -75.0
  6926    22.3   113.2    60.3     5.7   -22.4   -81.7
  6930    22.2   109.2    60.1     5.8   -21.9   -84.2
  6934    22.3   104.5    60.2     5.7   -22.3   -86.4
  6938    22.3   100.4    60.3     6.1   -22.6   -90.6
  6941    22.3    96.2    60.3     6.3   -22.5   -97.6
  6945    22.2    92.5    60.1     6.6   -21.8  -101.1
  6949    22.0    87.9    60.0     6.1   -21.6  -104.1
  6953    22.1    83.2    60.1     6.0   -22.1  -106.2
  6957    22.2    79.3    60.2     6.7   -22.5  -113.3
  6961    22.2    75.8    60.1     7.5   -22.2  -118.8
  6965    22.0    70.8    59.9     6.4   -21.4  -121.6
  6969    21.9    66.3    59.9     6.2   -21.4  -123.3
  6973    22.0    62.3    60.0     6.9   -22.0  -126.7
  6977    22.1    58.4    60.1     7.5   -22.3  -132.8
  6980    21.9    54.6    59.8     7.7   -21.6  -139.5
  6984    21.8    49.8    59.7     6.9   -21.2  -141.4
  6988    21.8    45.1    59.8     6.8   -21.4  -143.9
  6992    22.0    40.7    59.9     6.9   -22.0  -148.3
  6996    21.9    37.0    59.9     7.7   -22.1  -155.3
  7000    21.7    33.6    59.6     8.2   -21.4  -159.3
  7004    21.6    28.2    59.6     6.8   -21.2  -161.4
  7008    21.6    24.0    59.6     7.2   -21.4  -164.6
  7012    21.8    19.5    59.8     7.4   -21.9  -169.9
  7016    21.7    15.7    59.7     7.7   -21.6  -176.4
  7020    21.5    11.4    59.5     7.4   -21.1  -179.8
  7023    21.5     6.8    59.5     7.2   -21.1   179.0
  7027    21.6     2.8    59.6     7.8   -21.5   175.5
  7031    21.7    -1.7    59.6     7.8   -21.6   169.2
  7035    21.5    -5.2    59.3     8.1   -21.0   163.1
  7039    21.4   -10.2    59.4     7.4   -20.9   160.5
  7043    21.4   -14.5    59.4     7.5   -21.0   159.5
  7047    21.5   -18.9    59.4     7.7   -21.7   154.1
  7051    21.5   -22.8    59.4     8.1   -21.4   147.6
  7055    21.4   -26.7    59.3     8.3   -20.8   143.9
  7059    21.3   -31.9    59.2     7.2   -20.6   141.5
  7063    21.4   -36.0    59.4     7.9   -21.2   139.3
  7066    21.5   -40.2    59.4     8.1   -21.4   132.4
  7070    21.3   -44.1    59.2     8.2   -21.0   127.6
  7074    21.1   -48.6    59.0     7.5   -20.5   123.9
  7078    21.2   -53.2    59.1     7.7   -20.9   123.0
  7082    21.4   -57.8    59.3     7.8   -21.3   118.4
  7086    21.3   -61.6    59.2     8.2   -21.0   111.2
  7090    21.1   -66.2    59.0     7.3   -20.6   107.5
  7094    21.0   -70.5    58.9     7.3   -20.5   105.8
  7098    21.2   -75.2    59.1     7.3   -21.0   103.0
  7102    21.3   -79.0    59.2     8.3   -21.3    96.8
  7105    21.2   -83.3    59.1     8.0   -21.1    91.0
  7109    20.9   -87.2    58.8     7.7   -20.4    87.7
  7113    20.9   -92.7    58.9     6.7   -20.6    87.5
  7117    21.1   -97.3    59.0     7.1   -21.1    82.5
  7121    21.1  -100.5    59.0     8.1   -21.1    75.6
  7125    20.9  -104.8    58.8     7.6   -20.5    70.5
  7129    20.8  -109.8    58.7     6.9   -20.3    69.1
  7133    21.0  -114.5    58.9     6.9   -20.6    67.9
  7137    21.1  -118.3    58.9     7.7   -21.1    61.4
  7141    21.0  -122.4    58.8     7.6   -20.8    55.3
  7145    20.8  -127.0    58.7     7.0   -20.5    53.4
  7148    20.8  -131.8    58.7     6.6   -20.6    51.5
  7152    20.9  -136.4    58.8     6.8   -21.1    47.3
  7156    21.0  -140.0    58.8     7.6   -21.2    39.9
  7160    20.8  -144.2    58.6     7.2   -20.7    35.8
  7164    20.7  -149.3    58.5     6.0   -20.1    34.0
  7168    20.9  -154.1    58.8     6.2   -20.8    31.3
  7172    20.9  -157.8    58.8     7.2   -21.1    25.3
  7176    20.8  -161.5    58.6     7.3   -20.7    19.3
  7180    20.6  -166.5    58.5     6.1   -20.3    16.6
  7184    20.6  -171.6    58.5     5.6   -20.5    15.2
  7188    20.8  -176.0    58.7     6.2   -21.2    10.8
  7191    20.8  -179.1    58.6     7.2   -20.9     4.8
  7195    20.6   176.3    58.4     6.5   -20.6    -0.3
  7199    20.5   171.0    58.4     5.2   -20.3    -1.9
  7203    20.7   166.3    58.6     5.4   -20.7    -3.8
  7207    20.8   162.7    58.6     6.7   -21.1   -10.3
  7211    20.7   158.8    58.5     6.6   -20.6   -16.2
  7215    20.5   153.7    58.3     5.3   -20.4   -18.1
  7219    20.5   148.9    58.4     5.0   -20.4   -20.6
  7223    20.7   144.6    58.6     5.7   -21.0   -24.2
  7227    20.7   140.9    58.5     6.4   -20.9   -31.4
  7230    20.5   136.6    58.3     5.8   -20.6   -35.0
  7234    20.5   131.6    58.3     4.9   -20.4   -36.0
  7238    20.6   126.5    58.5     4.5   -20.7   -38.9
  7242    20.7   122.8    58.5     5.6   -21.1   -45.3
  7246    20.6   118.9    58.4     5.7   -20.9   -51.0
  7250    20.4   113.9    58.2     4.4   -20.5   -52.9
  7254    20.5   108.8    58.4     4.0   -20.7   -55.1
  7258    20.6   104.8    58.5     4.9   -21.0   -59.6
  7262    20.6   101.3    58.4     5.8   -21.1   -66.8
  7266    20.4    96.6    58.3     4.6   -20.4   -71.0
  7270    20.4    91.4    58.3     3.7   -20.4   -71.9
  7273    20.6    86.7    58.5     4.0   -20.8   -74.2
  7277    20.6    83.3    58.5     5.4   -21.1   -81.2
  7281    20.5    79.3    58.3     5.0   -20.9   -86.2
  7285    20.3    73.7    58.2     3.2   -20.6   -88.2
  7289    20.5    69.0    58.4     3.5   -20.8   -90.2
  7293    20.6    65.2    58.5     4.8   -21.2   -95.8
  7297    20.5    61.4    58.3     4.8   -21.1  -102.0
  7301    20.4    56.6    58.2     3.6   -20.7  -104.3
  7305    20.4    51.5    58.3     3.1   -20.5  -105.8
  7309    20.6    46.9    58.5     3.6   -21.1  -109.9
  7313    20.5    43.4    58.4     4.4   -21.3  -116.1
  7316    20.4    39.3    58.2     4.1   -20.9  -121.6
  7320    20.3    33.8    58.3     2.6   -20.8  -122.8
  7324    20.5    29.1    58.4     3.0   -20.9  -125.6
  7328    20.6    25.5    58.4     4.2   -21.3  -130.4
  7332    20.4    21.5    58.2     4.0   -21.1  -136.6
  7336    20.3    16.4    58.2     2.7   -20.9  -139.7
  7340    20.4    11.4    58.4     2.5   -20.9  -141.5
  7344    20.5     7.3    58.5     3.4   -21.3  -145.6
  7348    20.5     3.7    58.3     3.9   -21.4  -152.4
  7352    20.4    -1.0    58.2     2.8   -21.0  -156.1
  7355    20.4    -6.0    58.3     2.3   -20.8  -157.1
  7359    20.5   -10.5    58.4     3.0   -21.3  -160.0
  7363    20.5   -14.3    58.4     3.7   -21.4  -167.4
  7367    20.4   -18.4    58.2     3.2   -21.2  -172.1
  7371    20.3   -23.4    58.2     2.1   -20.8  -175.0
  7375    20.4   -28.5    58.4     2.1   -21.2  -176.5
  7379    20.6   -32.2    58.5     3.5   -21.4   178.9
  7383    20.4   -35.9    58.2     3.5   -21.4   172.5
  7387    20.3   -40.8    58.2     2.3   -21.0   168.3
  7391    20.4   -46.0    58.4     1.9   -21.1   167.2
  7395    20.5   -49.9    58.5     3.2   -21.5   163.0
  7398    20.5   -53.7    58.3     3.5   -21.5   157.9
  7402    20.4   -58.2    58.2     2.6   -21.2   153.0
  7406    20.3   -63.3    58.3     1.7   -21.1   150.3
  7410    20.5   -67.8    58.4     2.6   -21.2   148.0
  7414    20.5   -71.6    58.4     3.5   -21.8   142.3
  7418    20.4   -75.6    58.2     2.9   -21.4   137.3
  7422    20.3   -80.5    58.2     2.0   -21.1   134.1
  7426    20.4   -85.5    58.4     2.1   -21.2   132.0
  7430    20.5   -89.4    58.4     3.3   -21.8   127.5
  7434    20.5   -93.1    58.2     3.4   -21.6   121.2
  7438    20.4   -98.0    58.2     2.1   -21.4   117.8
  7441    20.4  -103.0    58.4     2.0   -21.4   115.3
  7445    20.5  -107.1    58.4     3.1   -21.6   112.2
  7449    20.5  -110.8    58.3     3.6   -21.9   105.7
  7453    20.4  -115.3    58.2     2.7   -21.7   101.2
  7457    20.4  -120.4    58.3     1.9   -21.3    99.3
  7461    20.5  -124.8    58.4     2.7   -21.7    96.1
  7465    20.5  -128.5    58.3     3.7   -21.9    90.2
  7469    20.4  -132.6    58.2     3.2   -21.6    85.4
  7473    20.4  -137.8    58.2     2.0   -21.5    82.7
  7477    20.5  -142.4    58.4     2.6   -21.6    80.0
  7480    20.5  -146.2    58.3     3.7   -22.0    75.8
  7484    20.5  -150.3    58.2     3.5   -22.1    69.2
  7488    20.4  -155.0    58.2     2.3   -21.7    66.9
  7492    20.5  -159.8    58.4     2.6   -21.7    63.6
  7496    20.5  -163.9    58.4     3.6   -21.9    59.7
  7500    20.5  -167.8    58.2     3.9   -21.9    54.8
  7504    20.4  -172.3    58.1     2.9   -21.8    50.8
  7508    20.4  -177.2    58.3     2.6   -21.8    48.3
  7512    20.5   178.5    58.3     3.5   -22.0    44.2
  7516    20.5   174.7    58.2     4.2   -22.1    40.1
  7520    20.4   170.3    58.1     3.3   -22.1    34.6
  7523    20.4   165.4    58.2     2.7   -21.9    31.4
  7527    20.5   161.0    58.3     3.6   -22.1    29.6
  7531    20.5   157.1    58.2     4.5   -22.1    24.8
  7535    20.4   152.8    58.1     3.8   -22.2    19.7
  7539    20.4   148.1    58.1     2.9   -22.0    16.9
  7543    20.5   143.5    58.3     3.6   -22.0    14.0
  7547    20.5   139.5    58.2     4.6   -22.3     9.8
  7551    20.5   135.3    58.0     4.3   -22.2     5.1
  7555    20.4   130.7    58.1     3.3   -22.1     1.0
  7559    20.4   126.1    58.2     3.7   -22.1    -2.2
  7563    20.5   122.0    58.2     4.8   -22.3    -5.2
  7566    20.5   117.8    58.0     4.7   -22.3   -10.0
  7570    20.4   113.3    58.0     3.8   -22.1   -13.6
  7574    20.4   108.7    58.1     3.8   -22.1   -16.4
  7578    20.5   104.5    58.1     4.9   -22.2   -20.2
  7582    20.5   100.3    58.0     5.2   -22.3   -25.5
  7586    20.4    95.9    57.9     4.3   -22.2   -28.8
  7590    20.4    91.3    58.1     4.0   -22.1   -31.7
  7594    20.4    87.0    58.1     5.0   -22.3   -35.0
  7598    20.4    82.8    58.0     5.6   -22.1   -40.2
  7602    20.4    78.4    57.8     4.8   -22.0   -42.7
  7605    20.4    73.9    58.0     4.3   -22.1   -46.2
  7609    20.4    69.5    58.0     5.2   -22.0   -49.9
  7613    20.4    65.3    57.9     6.0   -22.0   -53.9
  7617    20.4    60.9    57.8     5.3   -21.8   -56.6
  7621    20.4    56.4    57.9     4.6   -21.8   -60.3
  7625    20.4    52.0    58.0     5.3   -21.8   -63.2
  7629    20.4    47.8    57.9     6.3   -21.8   -68.4
  7633    20.4    43.4    57.7     5.7   -21.5   -70.7
  7637    20.4    38.9    57.8     4.9   -21.5   -74.0
  7641    20.4    34.6    57.9     5.5   -21.6   -77.3
  7645    20.4    30.2    57.8     6.5   -21.5   -83.1
  7648    20.4    25.8    57.6     6.4   -21.3   -86.4
  7652    20.4    21.4    57.7     5.3   -20.9   -88.7
  7656    20.4    17.1    57.8     5.7   -21.2   -91.5
  7660    20.3    12.8    57.8     6.8   -21.0   -96.9
  7664    20.3     8.3    57.6     6.8   -20.6  -101.4
  7668    20.3     3.8    57.5     5.7   -20.4  -103.3
  7672    20.3    -0.5    57.7     5.9   -20.4  -106.7
  7676    20.3    -4.7    57.7     7.1   -20.5  -112.0
  7680    20.3    -9.2    57.5     7.2   -20.2  -117.2
  7684    20.3   -13.7    57.4     6.2   -19.6  -119.5
  7688    20.3   -18.0    57.6     6.1   -19.7  -122.7
  7691    20.3   -22.3    57.6     7.3   -19.7  -127.0
  7695    20.3   -26.8    57.4     7.7   -19.4  -133.7
  7699    20.3   -31.4    57.3     6.7   -18.7  -136.3
  7703    20.3   -35.6    57.5     6.4   -18.7  -137.6
  7707    20.2   -39.8    57.5     7.5   -19.0  -142.9
  7711    20.2   -44.4    57.3     8.1   -18.6  -150.7
  7715    20.2   -49.0    57.2     7.2   -17.9  -155.3
  7719    20.3   -53.3    57.4     6.6   -17.8  -156.0
  7723    20.2   -57.3    57.4     8.0   -18.0  -162.4
  7727    20.2   -62.0    57.2     8.6   -17.8  -169.7
  7730    20.2   -66.7    57.1     7.7   -17.1  -175.5
  7734    20.2   -70.8    57.2     7.2   -16.8  -177.6
  7738    20.2   -74.9    57.3     8.5   -17.1   178.2
  7742    20.1   -79.5    57.1     9.3   -17.0   168.9
  7746    20.1   -84.3    57.0     8.6   -16.4   162.0
  7750    20.2   -88.4    57.1     7.9   -15.9   160.2
  7754    20.1   -92.4    57.2     9.2   -16.3   155.2
  7758    20.0   -96.9    57.0    10.5   -16.5   145.9
  7762    20.1  -101.8    56.9     9.9   -15.9   137.8
  7766    20.1  -106.0    57.0     9.3   -15.5   133.9
  7770    20.1  -109.7    57.1    10.7   -16.0   130.1
  7773    20.0  -114.2    57.0    12.3   -16.4   120.2
  7777    19.9  -119.2    56.8    12.1   -16.0   110.1
  7781    20.0  -123.3    56.9    11.8   -15.7   104.9
  7785    19.9  -126.9    57.0    13.5   -16.3   100.5
  7789    19.8  -131.3    56.9    15.5   -17.2    91.7
  7793    19.7  -136.3    56.7    15.7   -17.1    79.0
  7797    19.8  -140.3    56.7    16.0   -17.0    72.2
  7801    19.7  -143.7    56.8    17.8   -17.7    68.6
  7805    19.5  -148.0    56.7    19.8   -18.9    60.6
  7809    19.4  -153.1    56.5    20.6   -19.6    47.6
  7813    19.4  -157.1    56.6    21.2   -19.7    38.9
  7816    19.3  -160.4    56.6    22.8   -20.2    36.9
  7820    19.0  -164.7    56.5    24.6   -21.8    32.8
  7824    18.9  -169.6    56.4    25.5   -23.0    21.7
  7828    18.9  -173.7    56.4    26.1   -23.4    13.3
  7832    18.7  -177.1    56.4    27.5   -23.8    13.0
  7836    18.5   178.7    56.3    28.9   -25.4    15.5
  7840    18.4   173.8    56.2    29.8   -26.9    11.9
  7844    18.3   169.7    56.1    30.5   -27.2     4.4
  7848    18.2   166.3    56.2    31.5   -27.0     6.0
  7852    18.0   162.2    56.1    32.9   -27.6    13.9
  7855    17.8   157.5    56.0    33.8   -28.6    17.7
  7859    17.7   153.3    56.0    34.2   -28.7    13.8
  7863    17.6   150.0    56.0    35.4   -27.9     8.0
  7867    17.4   146.1    55.9    36.7   -27.8    14.1
  7871    17.2   141.5    55.8    37.5   -27.3    16.3
  7875    17.1   137.5    55.8    38.3   -27.5     9.7
  7879    17.0   134.3    55.9    39.3   -26.8     4.4
  7883    16.7   130.8    55.9    40.7   -26.3     5.2
  7887    16.5   126.4    55.8    41.6   -26.0     3.3
  7891    16.4   122.6    55.8    42.4   -25.7    -1.9
  7895    16.3   119.8    55.9    43.5   -25.5    -7.1
  7898    16.0   116.9    56.0    44.9   -25.1   -10.3
  7902    15.8   112.9    55.9    46.0   -24.8   -13.7
  7906    15.7   109.3    55.9    46.6   -24.9   -20.3
  7910    15.6   107.1    56.1    47.5   -24.6   -24.1
  7914    15.4   104.9    56.2    49.0   -24.3   -29.2
  7918    15.2   101.3    56.2    49.8   -24.3   -34.1
  7922    15.2    98.1    56.3    50.1   -24.3   -39.3
  7926    15.2    96.2    56.5    50.6   -24.2   -46.2
  7930    15.1    94.6    56.7    51.4   -24.2   -52.1
  7934    15.0    91.4    56.7    51.8   -24.6   -57.5
  7938    15.2    87.6    56.8    51.3   -24.8   -64.0
  7941    15.4    85.5    57.0    51.1   -25.0   -69.1
  7945    15.5    83.7    57.2    51.4   -25.5   -73.4
  7949    15.6    79.8    57.2    50.8   -26.3   -79.3
  7953    15.9    74.7    57.2    49.1   -26.9   -83.2
  7957    16.3    70.8    57.4    47.6   -27.6   -85.6
  7961    16.5    67.7    57.5    47.0   -28.6   -89.4
  7965    16.8    63.2    57.7    45.7   -29.4   -91.8
  7969    17.2    56.6    57.6    43.0   -30.0   -95.4
  7973    17.6    50.4    57.6    40.5   -30.1   -91.6
  7977    17.9    46.5    57.8    39.1   -31.5   -89.4
  7980    18.2    41.6    57.9    37.6   -32.2   -88.2
  7984    18.5    34.4    57.9    34.6   -31.6   -92.7
  7988    18.9    26.8    57.7    31.0   -31.1   -92.1
  7992    19.2    22.2    57.9    29.4   -31.8   -87.6
  7996    19.3    17.9    58.0    28.8   -32.3   -89.1
  8000    19.5    11.2    57.9    26.5   -31.4   -96.1
  8004    19.8     3.5    57.8    22.9   -30.6   -97.8
  8008    20.0    -1.8    57.8    21.3   -30.1   -94.7
  8012    20.1    -5.2    58.0    21.6   -30.1   -95.7
  8016    20.2   -11.5    57.9    20.0   -29.6  -103.9
  8020    20.4   -18.9    57.7    16.8   -28.9  -105.9
  8023    20.6   -24.0    57.8    15.2   -28.2  -106.8
  8027    20.6   -27.2    58.0    16.1   -28.7  -110.5
  8031    20.6   -32.8    57.8    15.3   -28.0  -117.3
  8035    20.6   -40.0    57.5    12.9   -27.2  -123.6
  8039    20.8   -45.3    57.6    11.2   -26.8  -123.4
  8043    20.9   -48.2    57.8    12.5   -26.9  -123.0
  8047    20.7   -53.2    57.6    12.7   -26.7  -132.5
  8051    20.8   -60.2    57.4    10.2   -26.1  -140.1
  8055    20.9   -65.4    57.4     8.7   -25.7  -140.0
  8059    21.0   -68.3    57.6    10.2   -25.7  -141.3
  8063    20.9   -73.0    57.4    10.5   -25.8  -149.3
  8066    20.8   -79.3    57.1     9.2   -25.1  -156.7
  8070    20.9   -84.8    57.1     7.6   -24.6  -158.3
  8074    20.9   -87.7    57.3     8.9   -24.8  -158.7
  8078    20.8   -92.1    57.2     9.7   -25.0  -165.3
  8082    20.7   -98.6    56.8     8.0   -24.2  -173.5
  8086    20.9  -103.7    56.9     6.7   -23.9  -173.9
  8090    20.9  -106.5    57.1     8.2   -24.1  -175.2
  8094    20.8  -110.9    56.9     9.0   -24.1   176.3
  8098    20.7  -117.2    56.6     7.6   -23.6   169.1
  8102    20.8  -122.2    56.7     6.5   -23.2   168.2
  8105    20.8  -125.7    56.8     7.4   -23.3   166.4
  8109    20.7  -129.7    56.6     8.5   -23.5   159.5
  8113    20.6  -135.6    56.4     7.4   -23.0   152.0
  8117    20.7  -140.5    56.4     6.6   -22.6   150.5
  8121    20.7  -143.8    56.5     7.6   -22.9   148.8
  8125    20.6  -148.1    56.4     8.4   -23.0   140.5
  8129    20.5  -153.6    56.2     7.7   -22.5   135.5
  8133    20.5  -158.7    56.2     6.8   -22.1   132.8
  8137    20.6  -162.2    56.3     7.6   -22.4   132.4
  8141    20.5  -166.4    56.2     8.3   -22.7   124.5
  8145    20.4  -172.1    56.0     7.4   -22.1   117.7
  8148    20.4  -176.8    56.0     6.9   -21.8   114.6
  8152    20.4   179.8    56.0     8.0   -22.0   113.1
  8156    20.3   175.4    55.9     8.5   -22.1   106.9
  8160    20.3   170.0    55.8     7.9   -21.7   100.0
  8164    20.3   165.2    55.7     7.4   -21.5    97.6
  8168    20.3   161.6    55.8     8.1   -21.8    95.6
  8172    20.2   157.2    55.7     8.6   -21.8    89.4
  8176    20.2   152.1    55.6     8.2   -21.5    83.1
  8180    20.2   147.3    55.5     7.7   -21.2    80.3
  8184    20.2   143.8    55.6     8.6   -21.5    78.5
  8188    20.1   139.3    55.5     9.0   -21.6    71.5
  8191    20.1   134.1    55.4     8.4   -21.1    65.9
  8195    20.1   129.6    55.4     8.4   -21.0    63.4
  8199    20.1   125.6    55.4     8.7   -21.2    60.0
  8203    20.0   121.1    55.3     9.1   -21.2    53.5
  8207    20.0   116.3    55.2     8.9   -20.9    48.5
  8211    20.0   111.7    55.2     8.7   -20.8    46.9
  8215    20.0   107.7    55.2     9.2   -21.2    44.0
  8219    19.9   103.3    55.1     9.5   -21.2    36.8
  8223    19.9    98.2    55.0     9.1   -20.8    31.1
  8227    19.8    93.8    55.0     9.1   -20.6    29.9
  8230    19.8    89.9    55.0     9.8   -20.9    26.2
  8234    19.8    85.2    54.9     9.7   -20.9    19.5
  8238    19.7    80.4    54.8     9.6   -20.5    14.6
  8242    19.8    76.2    54.8     9.7   -20.5    12.5
  8246    19.7    71.7    54.8     9.8   -20.8     8.9
  8250    19.7    67.3    54.8    10.1   -20.7     1.8
  8254    19.7    62.5    54.7     9.8   -20.5    -2.2
  8258    19.7    58.1    54.7    10.0   -20.5    -4.4
  8262    19.6    54.0    54.7    10.5   -20.7    -8.6
  8266    19.6    49.3    54.6    10.3   -20.6   -15.1
  8270    19.6    44.6    54.5    10.2   -20.3   -19.2
  8273    19.6    40.2    54.5    10.3   -20.4   -21.3
  8277    19.6    35.9    54.5    10.5   -20.6   -26.1
  8281    19.5    31.2    54.4    10.6   -20.5   -32.2
  8285    19.5    26.6    54.4    10.4   -20.4   -35.5
  8289    19.5    22.1    54.4    10.5   -20.5   -38.2
  8293    19.5    17.9    54.4    10.8   -20.7   -43.3
  8297    19.4    13.2    54.3    10.7   -20.5   -49.0
  8301    19.4     8.5    54.2    10.6   -20.2   -53.0
  8305    19.4     4.1    54.2    10.7   -20.4   -55.6
  8309    19.4    -0.3    54.2    10.9   -20.5   -60.5
  8313    19.4    -4.8    54.1    10.9   -20.4   -65.8
  8316    19.3    -9.6    54.1    10.8   -20.2   -69.2
  8320    19.4   -14.0    54.1    10.8   -20.5   -72.2
  8324    19.3   -18.4    54.0    11.1   -20.3   -77.7
  8328    19.3   -23.0    54.0    11.0   -20.3   -82.5
  8332    19.3   -27.6    53.9    11.0   -20.3   -86.0
  8336    19.3   -32.1    53.9    11.1   -20.3   -89.4
  8340    19.3   -36.8    53.9    11.0   -20.4   -94.8
  8344    19.2   -41.4    53.8    11.0   -20.3   -99.1
  8348    19.2   -45.8    53.8    11.0   -20.3  -102.4
  8352    19.2   -50.3    53.8    11.1   -20.4  -106.5
  8355    19.2   -54.9    53.8    11.0   -20.4  -112.2
  8359    19.2   -59.7    53.7    11.0   -20.3  -116.0
  8363    19.2   -64.2    53.7    10.9   -20.3  -119.1
  8367    19.1   -68.7    53.7    11.0   -20.4  -123.8
  8371    19.1   -73.3    53.6    11.1   -20.3  -128.7
  8375    19.1   -78.0    53.6    10.9   -20.3  -132.8
  8379    19.1   -82.5    53.6    11.0   -20.3  -135.9
  8383    19.1   -87.1    53.5    10.9   -20.4  -140.9
  8387    19.1   -91.7    53.5    11.0   -20.4  -145.2
  8391    19.0   -96.4    53.5    10.8   -20.3  -149.4
  8395    19.0  -101.0    53.4    10.7   -20.4  -152.4
  8398    19.0  -105.5    53.4    10.8   -20.4  -157.2
  8402    19.0  -110.2    53.4    10.7   -20.4  -162.4
  8406    19.0  -114.9    53.3    10.8   -20.3  -165.9
  8410    19.0  -119.4    53.3    10.7   -20.4  -169.4
  8414    19.0  -124.0    53.3    10.6   -20.5  -174.4
  8418    18.9  -128.6    53.2    10.7   -20.4  -178.8
  8422    18.9  -133.3    53.2    10.5   -20.3   177.3
  8426    18.9  -138.0    53.2    10.4   -20.4   173.8
  8430    18.9  -142.6    53.2    10.5   -20.4   168.8
  8434    18.9  -147.3    53.1    10.3   -20.3   164.2
  8438    18.9  -151.9    53.1    10.3   -20.3   161.0
  8441    18.9  -156.5    53.1    10.3   -20.3   157.2
  8445    18.8  -161.0    53.1    10.3   -20.4   151.8
  8449    18.8  -165.9    53.0    10.2   -20.4   148.0
  8453    18.8  -170.5    53.0    10.1   -20.4   144.5
  8457    18.8  -175.1    53.0    10.1   -20.5   140.5
  8461    18.8  -179.9    52.9     9.9   -20.4   134.7
  8465    18.8   175.4    52.9     9.8   -20.4   131.7
  8469    18.7   170.9    52.9     9.8   -20.4   127.6
  8473    18.7   166.1    52.9     9.7   -20.5   122.4
  8477    18.7   161.5    52.8     9.7   -20.4   118.6
  8480    18.7   156.7    52.8     9.5   -20.3   115.0
  8484    18.7   152.0    52.8     9.4   -20.4   111.0
  8488    18.7   147.5    52.8     9.4   -20.4   106.3
  8492    18.6   142.7    52.7     9.3   -20.4   101.7
  8496    18.6   137.9    52.7     9.2   -20.3    98.2
  8500    18.6   133.3    52.7     9.0   -20.5    94.7
  8504    18.5   128.7    52.7     9.1   -20.5    89.1
  8508    18.5   123.9    52.6     9.0   -20.3    84.8
  8512    18.5   119.2    52.6     8.8   -20.3    81.7
  8516    18.5   114.6    52.6     8.8   -20.4    78.1
  8520    18.4   109.8    52.6     8.7   -20.5    72.5
  8523    18.4   105.1    52.5     8.5   -20.3    68.2
  8527    18.4   100.4    52.5     8.4   -20.4    65.3
  8531    18.4    95.8    52.5     8.4   -20.5    60.9
  8535    18.3    91.1    52.5     8.3   -20.4    55.6
  8539    18.3    86.4    52.4     8.2   -20.3    52.3
  8543    18.3    81.7    52.5     8.1   -20.5    48.3
  8547    18.2    77.2    52.4     8.1   -20.4    44.1
  8551    18.2    72.4    52.4     7.9   -20.4    38.7
  8555    18.2    67.7    52.4     7.8   -20.3    35.3
  8559    18.1    63.0    52.4     7.7   -20.5    32.0
  8563    18.1    58.4    52.3     7.7   -20.4    26.6
  8566    18.1    53.8    52.3     7.6   -20.4    21.9
  8570    18.0    49.0    52.3     7.4   -20.3    18.4
  8574    18.0    44.4    52.3     7.4   -20.5    15.0
  8578    17.9    39.8    52.3     7.3   -20.4     9.7
  8582    17.9    35.0    52.2     7.1   -20.4     5.9
  8586    17.9    30.4    52.2     7.0   -20.4     2.0
  8590    17.8    26.0    52.2     7.1   -20.5    -2.3
  8594    17.8    21.2    52.2     6.9   -20.5    -7.7
  8598    17.7    16.6    52.1     6.8   -20.4   -11.5
  8602    17.7    12.0    52.1     6.6   -20.5   -14.9
  8605    17.7     7.5    52.1     6.6   -20.4   -19.5
  8609    17.6     2.9    52.1     6.6   -20.4   -23.2
  8613    17.6    -1.7    52.1     6.4   -20.4   -27.4
  8617    17.5    -6.4    52.1     6.2   -20.5   -31.0
  8621    17.5   -10.7    52.1     6.4   -20.5   -35.6
  8625    17.4   -15.4    52.0     6.2   -20.4   -40.5
  8629    17.4   -19.9    52.0     6.1   -20.4   -43.7
  8633    17.3   -24.4    52.0     6.0   -20.5   -48.8
  8637    17.3   -28.9    52.0     6.0   -20.5   -52.9
  8641    17.2   -33.4    52.0     5.9   -20.4   -56.7
  8645    17.2   -37.9    51.9     5.8   -20.4   -60.3
  8648    17.2   -42.4    51.9     5.7   -20.5   -64.9
  8652    17.1   -46.8    51.9     5.7   -20.4   -70.1
  8656    17.0   -51.3    51.9     5.5   -20.4   -73.0
  8660    17.0   -55.7    51.9     5.5   -20.4   -77.3
  8664    17.0   -60.1    51.9     5.5   -20.5   -81.3
  8668    16.9   -64.6    51.8     5.4   -20.4   -86.2
  8672    16.9   -69.0    51.8     5.3   -20.4   -89.7
  8676    16.9   -73.2    51.9     5.3   -20.4   -93.5
  8680    16.8   -77.7    51.8     5.1   -20.4   -97.8
  8684    16.8   -82.1    51.8     5.1   -20.3  -101.5
  8688    16.8   -86.4    51.8     5.0   -20.3  -105.9
  8691    16.7   -90.8    51.8     5.0   -20.4  -109.8
  8695    16.7   -95.1    51.8     4.8   -20.4  -114.7
  8699    16.6   -99.4    51.7     4.9   -20.2  -118.4
  8703    16.6  -103.8    51.8     4.8   -20.4  -121.9
  8707    16.6  -108.0    51.8     4.9   -20.3  -126.2
  8711    16.5  -112.4    51.7     4.7   -20.3  -130.9
  8715    16.5  -116.7    51.7     4.7   -20.2  -135.0
  8719    16.5  -120.9    51.7     4.6   -20.3  -138.2
  8723    16.5  -125.2    51.7     4.6   -20.3  -144.2
  8727    16.5  -129.5    51.7     4.7   -20.2  -147.5
  8730    16.4  -133.8    51.7     4.5   -20.3  -151.0
  8734    16.4  -138.0    51.7     4.5   -20.3  -155.3
  8738    16.4  -142.3    51.7     4.5   -20.2  -159.8
  8742    16.4  -146.6    51.7     4.4   -20.1  -163.9
  8746    16.4  -151.0    51.7     4.3   -20.2  -167.6
  8750    16.4  -155.0    51.7     4.4   -20.1  -171.9
  8754    16.4  -159.5    51.7     4.3   -20.1  -175.5
  8758    16.4  -163.9    51.7     4.2   -20.1  -179.7
  8762    16.4  -167.9    51.7     4.3   -20.1   176.4
  8766    16.3  -172.3    51.7     4.2   -20.1   171.5
  8770    16.4  -176.6    51.7     4.2   -20.0   168.1
  8773    16.4   179.2    51.7     4.2   -20.0   163.7
  8777    16.4   174.9    51.7     4.1   -20.0   160.1
  8781    16.4   170.6    51.7     4.2   -19.9   155.6
  8785    16.4   166.3    51.7     4.0   -19.9   151.6
  8789    16.4   161.9    51.7     4.0   -19.8   148.1
  8793    16.4   157.8    51.7     4.1   -19.9   143.7
  8797    16.4   153.4    51.6     4.1   -19.8   139.5
  8801    16.4   149.0    51.7     4.0   -19.7   135.5
  8805    16.4   144.9    51.7     4.1   -19.8   131.5
  8809    16.4   140.5    51.7     3.9   -19.8   127.3
  8813    16.4   136.0    51.7     4.0   -19.7   123.2
  8816    16.5   131.8    51.7     4.0   -19.6   119.8
  8820    16.5   127.5    51.7     4.0   -19.6   115.0
  8824    16.5   123.1    51.7     3.9   -19.6   110.9
  8828    16.5   118.7    51.7     4.0   -19.5   107.8
  8832    16.5   114.3    51.7     4.0   -19.5   103.6
  8836    16.5   110.2    51.7     4.1   -19.5    99.9
  8840    16.5   105.7    51.7     4.1   -19.4    95.4
  8844    16.6   101.2    51.7     4.1   -19.3    91.3
  8848    16.6    97.0    51.7     4.1   -19.4    87.4
  8852    16.6    92.6    51.7     4.2   -19.3    83.6
  8855    16.6    88.1    51.7     4.1   -19.2    79.4
  8859    16.6    83.9    51.7     4.2   -19.1    75.4
  8863    16.6    79.4    51.7     4.2   -19.2    72.0
  8867    16.7    75.0    51.7     4.2   -19.1    67.1
  8871    16.7    70.6    51.7     4.3   -19.0    63.2
  8875    16.7    66.1    51.7     4.3   -18.9    60.1
  8879    16.7    61.9    51.7     4.5   -18.9    55.7
  8883    16.7    57.2    51.7     4.3   -18.8    51.0
  8887    16.7    52.8    51.8     4.4   -18.7    47.8
  8891    16.7    48.6    51.7     4.5   -18.7    43.6
  8895    16.7    43.9    51.7     4.4   -18.7    39.3
  8898    16.8    39.5    51.7     4.5   -18.5    35.6
  8902    16.8    35.2    51.8     4.7   -18.5    32.3
  8906    16.8    30.7    51.7     4.8   -18.5    27.2
  8910    16.8    26.2    51.7     4.7   -18.4    23.3
  8914    16.8    21.6    51.7     4.8   -18.3    19.9
  8918    16.8    17.3    51.7     5.2   -18.2    16.0
  8922    16.8    12.9    51.7     5.2   -18.1    12.0
  8926    16.8     8.2    51.7     5.1   -18.1     7.1
  8930    16.8     3.8    51.7     5.2   -17.9     4.0
  8934    16.8    -0.5    51.7     5.3   -17.9    -0.3
  8938    16.8    -5.1    51.7     5.5   -17.9    -4.3
  8941    16.8    -9.6    51.7     5.6   -17.7    -8.2
  8945    16.8   -14.1    51.7     5.6   -17.6   -12.1
  8949    16.8   -18.6    51.7     5.6   -17.6   -16.1
  8953    16.8   -23.0    51.7     5.9   -17.5   -20.4
  8957    16.8   -27.6    51.7     6.1   -17.4   -24.4
  8961    16.8   -32.0    51.6     6.3   -17.4   -28.4
  8965    16.8   -36.6    51.6     6.4   -17.2   -32.5
  8969    16.7   -41.3    51.6     6.6   -17.1   -36.5
  8973    16.8   -45.6    51.6     6.7   -17.1   -40.4
  8977    16.7   -50.2    51.5     6.8   -17.0   -44.6
  8980    16.7   -54.9    51.5     6.9   -16.9   -48.3
  8984    16.7   -59.2    51.5     7.3   -16.8   -52.9
  8988    16.6   -63.8    51.5     7.5   -16.8   -56.5
  8992    16.6   -68.4    51.4     7.5   -16.8   -61.5
  8996    16.6   -73.1    51.4     7.5   -16.6   -65.1
  9000    16.6   -77.5    51.3     7.9   -16.5   -68.9
  9004    16.5   -82.0    51.3     8.2   -16.5   -74.0
  9008    16.4   -86.7    51.3     8.3   -16.4   -77.6
  9012    16.4   -91.5    51.2     8.3   -16.3   -81.6
  9016    16.4   -95.9    51.2     8.6   -16.3   -85.9
  9020    16.3  -100.4    51.1     8.9   -16.2   -90.0
  9023    16.3  -105.3    51.0     9.0   -16.1   -94.2
  9027    16.2  -109.5    51.0     9.6   -16.1   -98.5
  9031    16.1  -114.3    50.9     9.5   -16.1  -102.2
  9035    16.1  -119.0    50.9     9.8   -16.0  -107.0
  9039    16.0  -123.5    50.8    10.2   -15.8  -110.6
  9043    15.9  -128.2    50.7    10.5   -15.8  -114.9
  9047    15.9  -132.8    50.7    10.3   -15.8  -119.3
  9051    15.8  -137.6    50.6    10.7   -15.8  -123.7
  9055    15.7  -142.1    50.5    11.1   -15.6  -127.1
  9059    15.6  -146.8    50.4    11.2   -15.7  -131.6
  9063    15.6  -151.4    50.4    11.5   -15.8  -136.2
  9066    15.5  -156.1    50.3    11.9   -15.6  -140.1
  9070    15.4  -160.8    50.2    11.8   -15.6  -143.9
  9074    15.3  -165.7    50.1    12.0   -15.6  -148.0
  9078    15.2  -170.4    50.0    12.3   -15.6  -152.7
  9082    15.1  -175.1    49.9    12.6   -15.5  -156.4
  9086    15.0  -180.0    49.8    12.5   -15.6  -160.4
  9090    14.9   175.5    49.7    12.8   -15.6  -164.8
  9094    14.8   170.3    49.6    12.8   -15.5  -168.6
  9098    14.7   166.1    49.5    13.3   -15.6  -172.7
  9102    14.6   161.3    49.5    13.4   -15.7  -177.1
  9105    14.5   156.3    49.3    13.6   -15.6   178.7
  9109    14.4   151.6    49.2    13.6   -15.7   175.0
  9113    14.3   146.8    49.1    13.6   -15.7   170.9
  9117    14.1   141.8    49.0    13.7   -15.7   166.5
  9121    14.0   137.0    48.9    13.8   -15.7   162.6
  9125    14.0   132.1    48.8    13.7   -15.8   159.1
  9129    13.8   127.7    48.8    14.1   -15.9   154.8
  9133    13.7   122.6    48.6    14.1   -15.9   150.4
  9137    13.7   117.5    48.5    13.8   -16.0   146.8
  9141    13.5   113.3    48.5    14.1   -16.1   142.9
  9145    13.4   108.0    48.4    13.7   -16.2   138.5
  9148    13.3   103.1    48.3    13.9   -16.2   135.0
  9152    13.2    98.4    48.2    13.9   -16.3   130.8
  9156    13.1    93.5    48.1    13.7   -16.4   127.2
  9160    13.0    88.7    48.0    13.7   -16.5   122.9
  9164    12.9    83.8    47.9    13.9   -16.4   119.7
  9168    12.9    78.9    47.9    13.4   -16.7   115.7
  9172    12.8    74.5    47.8    13.5   -16.9   111.0
  9176    12.7    69.2    47.7    13.2   -16.9   107.7
  9180    12.6    64.5    47.6    13.1   -17.0   104.3
  9184    12.5    59.7    47.6    13.0   -17.1   100.2
  9188    12.4    54.5    47.5    12.7   -17.2    95.8
  9191    12.4    49.9    47.4    12.4   -17.4    93.0
  9195    12.3    45.2    47.4    12.3   -17.6    88.7
  9199    12.2    40.2    47.3    11.9   -17.7    84.4
  9203    12.1    35.6    47.3    12.1   -17.7    81.3
  9207    12.1    30.6    47.2    11.7   -17.9    77.3
  9211    12.0    25.7    47.1    11.3   -18.0    74.0
  9215    11.9    20.8    47.2    11.0   -18.3    69.3
  9219    11.9    15.9    47.1    10.6   -18.3    66.1
  9223    11.9    11.7    47.1    10.6   -18.6    62.7
  9227    11.8     6.7    47.1    10.4   -18.7    58.6
  9230    11.7     1.7    47.0     9.9   -18.8    54.8
  9234    11.6    -2.8    47.0     9.9   -18.9    51.4
  9238    11.6    -7.8    47.0     9.2   -19.2    47.0
  9242    11.6   -12.5    47.0     9.1   -19.2    43.5
  9246    11.5   -17.7    46.9     8.4   -19.3    39.7
  9250    11.5   -22.0    46.9     8.4   -19.5    36.2
  9254    11.4   -26.8    46.9     8.0   -19.7    33.3
  9258    11.4   -32.1    46.9     7.3   -19.8    29.3
  9262    11.3   -36.6    46.9     7.1   -19.9    25.4
  9266    11.3   -41.2    46.9     6.8   -20.2    21.5
  9270    11.3   -45.8    46.9     6.9   -20.2    17.4
  9273    11.2   -50.3    46.9     6.5   -20.4    14.3
  9277    11.2   -55.5    46.9     5.8   -20.5    11.1
  9281    11.2   -60.1    46.9     5.6   -20.7     6.3
  9285    11.1   -64.7    46.9     5.4   -20.8     3.2
  9289    11.1   -69.6    47.0     5.0   -20.9     0.2
  9293    11.1   -74.4    46.9     4.4   -21.0    -3.6
  9297    11.0   -79.2    47.0     4.1   -21.2    -7.5
  9301    11.0   -83.7    47.0     3.9   -21.3   -10.9
  9305    11.0   -88.4    47.0     3.4   -21.4   -14.4
  9309    10.9   -93.0    47.1     3.4   -21.5   -18.6
  9313    10.9   -97.8    47.0     2.8   -21.5   -21.0
  9316    10.9  -102.8    47.1     2.2   -21.6   -24.9
  9320    10.9  -107.3    47.1     2.0   -21.9   -29.1
  9324    10.9  -112.1    47.2     1.5   -21.8   -31.6
  9328    10.9  -116.8    47.2     1.2   -21.8   -34.6
  9332    10.8  -121.0    47.2     1.2   -22.0   -38.4
  9336    10.7  -126.5    47.2     0.3   -22.1   -42.8
  9340    10.8  -131.0    47.3     0.1   -22.3   -46.4
  9344    10.7  -135.4    47.3    -0.0   -22.2   -49.8
  9348    10.7  -140.5    47.3    -0.6   -22.2   -52.9
  9352    10.7  -145.0    47.3    -0.8   -22.2   -57.0
  9355    10.7  -149.4    47.4    -0.9   -22.4   -60.7
  9359    10.6  -153.9    47.5    -1.0   -22.4   -64.3
  9363    10.6  -158.7    47.5    -1.6   -22.4   -67.3
  9367    10.6  -163.5    47.6    -2.0   -22.6   -71.4
  9371    10.6  -168.0    47.6    -2.2   -22.7   -74.8
  9375    10.5  -172.5    47.7    -2.2   -22.6   -78.5
  9379    10.5  -177.7    47.6    -2.8   -22.5   -81.1
  9383    10.5   178.2    47.8    -3.0   -22.7   -85.4
  9387    10.4   173.6    47.7    -3.0   -22.4   -87.9
  9391    10.5   168.9    47.8    -3.3   -22.5   -92.4
  9395    10.4   164.2    47.9    -3.9   -22.6   -96.2
  9398    10.4   159.4    47.9    -4.1   -22.6   -99.3
  9402    10.4   155.0    47.9    -4.1   -22.5  -103.1
  9406    10.3   150.3    48.0    -4.7   -22.5  -106.0
  9410    10.3   145.8    48.0    -4.8   -22.3  -109.3
  9414    10.3   141.0    48.0    -5.3   -22.5  -114.0
  9418    10.3   136.3    48.1    -5.4   -22.4  -117.2
  9422    10.3   132.2    48.2    -5.4   -22.4  -121.2
  9426    10.2   127.6    48.2    -5.7   -22.4  -124.6
  9430    10.2   123.0    48.3    -5.7   -22.4  -128.9
  9434    10.2   118.6    48.3    -6.1   -22.2  -131.5
  9438    10.1   113.8    48.3    -6.4   -21.9  -134.1
  9441    10.1   109.7    48.5    -6.3   -22.2  -139.4
  9445    10.0   104.7    48.3    -6.9   -21.9  -142.5
  9449    10.0   100.4    48.5    -6.7   -21.8  -145.8
  9453    10.0    95.9    48.5    -7.2   -21.9  -149.8
  9457     9.9    91.2    48.6    -7.2   -21.7  -152.9
  9461    10.0    86.9    48.7    -7.2   -21.7  -156.9
  9465     9.9    82.7    48.6    -7.3   -21.5  -160.0
  9469     9.9    77.9    48.7    -7.3   -21.5  -164.2
  9473     9.8    73.6    48.7    -7.5   -21.3  -167.8
  9477     9.7    69.4    48.7    -7.4   -21.2  -171.4
  9480     9.8    64.9    48.8    -7.6   -21.0  -174.7
  9484     9.7    60.8    48.9    -7.5   -21.1  -179.3
  9488     9.6    56.0    48.8    -7.9   -20.7   178.3
  9492     9.6    51.6    48.9    -8.2   -20.7   174.0
  9496     9.5    47.3    48.9    -7.9   -20.6   170.1
  9500     9.6    43.3    49.0    -7.7   -20.5   166.3
  9504     9.5    38.8    49.0    -8.2   -20.5   162.1
  9508     9.4    34.0    49.0    -8.4   -20.3   158.5
  9512     9.4    29.7    49.1    -8.5   -20.2   154.7
  9516     9.2    25.8    49.0    -8.2   -19.8   151.8
  9520     9.3    21.7    49.1    -7.9   -19.9   147.2
  9523     9.2    17.8    49.1    -7.7   -19.8   143.2
  9527     9.0    13.5    49.0    -7.9   -19.4   140.1
  9531     9.1     9.3    49.1    -7.9   -19.4   135.7
  9535     8.9     5.2    49.0    -7.7   -19.1   132.3
  9539     9.0     1.3    49.1    -7.2   -19.0   128.1
  9543     8.8    -3.1    49.1    -7.7   -18.8   124.7
  9547     8.7    -6.9    49.0    -7.2   -18.7   120.5
  9551     8.8   -11.0    49.2    -6.9   -18.7   116.2
  9555     8.6   -14.8    49.0    -7.0   -18.4   112.5
  9559     8.6   -18.7    49.1    -6.5   -18.3   108.3
  9563     8.5   -22.7    49.0    -6.6   -18.1   104.3
  9566     8.5   -26.8    49.0    -6.2   -18.0   100.3
  9570     8.3   -30.1    48.9    -6.0   -17.8    96.8
  9574     8.1   -34.0    48.8    -5.8   -17.5    93.1
  9578     8.3   -38.0    48.9    -5.1   -17.4    88.3
  9582     8.1   -41.3    48.8    -4.7   -17.3    84.7
  9586     8.0   -44.9    48.8    -4.0   -17.0    80.7
  9590     7.9   -48.1    48.6    -3.1   -16.8    76.4
  9594     7.8   -51.6    48.6    -2.9   -16.7    72.6
  9598     7.8   -55.8    48.6    -2.7   -16.5    68.8
  9602     7.6   -59.0    48.4    -2.4   -16.3    64.5
  9605     7.6   -62.4    48.4    -1.3   -16.1    60.4
  9609     7.6   -65.9    48.4    -1.1   -16.0    56.4
  9613     7.4   -69.3    48.2    -0.4   -15.8    52.6
  9617     7.5   -72.4    48.2     1.1   -15.5    48.3
  9621     7.5   -76.0    48.3     1.4   -15.6    43.3
  9625     7.4   -78.7    48.1     3.1   -15.2    39.4
  9629     7.3   -82.3    47.9     3.6   -15.0    35.2
  9633     7.2   -85.7    47.7     3.5   -14.8    31.7
  9637     7.2   -88.9    47.7     5.1   -14.6    27.2
  9641     7.1   -91.3    47.5     7.1   -14.3    22.7
  9645     7.1   -95.3    47.5     7.2   -14.2    18.7
  9648     7.1   -98.0    47.4     8.9   -13.9    14.4
  9652     7.1  -101.4    47.4    10.5   -13.8     9.1
  9656     7.1  -104.5    47.1    11.8   -13.4     4.8
  9660     7.1  -107.8    47.1    12.6   -13.4     0.6
  9664     7.0  -111.3    47.0    13.8   -13.1    -3.8
  9668     7.1  -114.6    46.9    15.0   -12.9    -8.5
  9672     6.9  -118.0    46.6    15.6   -12.7   -12.3
  9676     7.0  -121.3    46.7    17.8   -12.5   -17.9
  9680     7.0  -124.6    46.6    19.2   -12.2   -22.6
  9684     7.0  -128.2    46.5    20.6   -12.0   -27.4
  9688     7.1  -131.4    46.4    22.5   -11.8   -32.3
  9691     7.0  -135.0    46.3    23.9   -11.6   -37.4
  9695     7.0  -138.8    46.2    25.1   -11.3   -42.3
  9699     7.0  -142.2    46.1    26.1   -11.2   -46.9
  9703     7.0  -146.2    46.2    27.9   -11.2   -52.7
  9707     7.1  -149.2    46.0    30.0   -10.7   -57.6
  9711     7.0  -153.6    46.0    30.5   -10.7   -62.3
  9715     7.1  -157.9    46.1    31.8   -10.8   -68.3
  9719     7.1  -161.1    46.0    34.0   -10.5   -73.6
  9723     7.1  -165.5    45.9    34.3   -10.4   -78.4
  9727     7.1  -169.4    46.0    35.5   -10.5   -83.8
  9730     7.0  -173.2    45.7    37.3   -10.1   -88.9
  9734     7.1  -177.2    45.8    38.6   -10.0   -94.5
  9738     7.1   178.7    45.9    38.8   -10.2   -99.1
  9742     7.1   174.5    45.8    41.2   -10.0  -105.5
  9746     7.1   170.3    45.7    41.4    -9.8  -109.6
  9750     7.0   166.1    45.7    42.6    -9.8  -115.0
  9754     7.1   161.3    45.9    42.8   -10.0  -120.0
  9758     7.0   157.5    45.7    44.0    -9.7  -125.0
  9762     7.0   153.1    45.7    45.4    -9.7  -130.7
  9766     7.0   148.8    45.8    45.5    -9.8  -135.4
  9770     6.9   144.1    45.7    46.4    -9.7  -140.5
  9773     7.0   139.7    45.8    46.9    -9.7  -145.3
  9777     6.9   135.6    45.7    47.9    -9.7  -150.4
  9781     6.9   130.8    45.7    49.2    -9.7  -156.3
  9785     6.9   126.2    45.8    48.6    -9.8  -160.4
  9789     6.8   121.8    45.8    49.5    -9.9  -165.4
  9793     6.8   117.2    45.9    49.6   -10.0  -169.8
  9797     6.7   112.6    45.7    50.0    -9.8  -174.5
  9801     6.7   107.9    45.8    50.8    -9.9  -179.6
  9805     6.7   103.4    45.8    50.2   -10.0   176.4
  9809     6.6    98.4    45.8    51.0   -10.0   171.2
  9813     6.6    93.7    45.7    50.6   -10.0   167.4
  9816     6.5    89.4    45.8    52.0   -10.1   161.7
  9820     6.5    84.0    45.7    51.4   -10.0   157.5
  9824     6.5    79.6    45.7    51.5   -10.1   153.2
  9828     6.4    74.6    45.7    51.3   -10.1   148.9
  9832     6.4    70.1    45.7    51.7   -10.2   144.3
  9836     6.3    65.2    45.6    52.1   -10.2   139.3
  9840     6.3    60.3    45.8    51.9   -10.4   135.2
  9844     6.2    55.6    45.7    51.9   -10.4   131.0
  9848     6.1    50.3    45.6    51.5   -10.3   126.4
  9852     6.1    45.8    45.7    51.4   -10.4   122.4
  9855     6.0    40.7    45.5    51.4   -10.4   118.0
  9859     6.0    35.7    45.7    51.6   -10.6   113.1
  9863     5.9    31.0    45.5    51.7   -10.4   108.8
  9867     5.8    25.8    45.5    51.1   -10.6   104.9
  9871     5.7    21.0    45.5    51.0   -10.6   100.6
  9875     5.7    15.8    45.5    50.8   -10.7    96.2
  9879     5.7    11.0    45.5    50.4   -10.7    92.4
  9883     5.5     5.9    45.4    50.2   -10.8    88.3
  9887     5.5     0.6    45.4    50.0   -10.8    83.9
  9891     5.4    -3.9    45.3    49.8   -10.8    79.9
  9895     5.3    -9.5    45.3    50.1   -10.9    75.1
  9898     5.3   -14.4    45.3    49.3   -10.9    71.1
  9902     5.1   -19.6    45.1    48.2   -10.8    67.5
  9906     5.1   -24.6    45.2    48.6   -11.1    63.0
  9910     5.0   -29.7    45.1    48.4   -11.0    58.8
  9914     4.9   -35.0    45.1    48.0   -11.1    54.6
  9918     4.8   -39.9    45.0    47.5   -11.0    50.4
  9922     4.7   -45.0    45.0    47.4   -11.2    46.3
  9926     4.7   -50.1    44.9    46.8   -11.2    42.4
  9930     4.5   -55.2    44.8    46.8   -11.2    38.1
  9934     4.5   -60.7    44.8    46.3   -11.3    33.6
  9938     4.4   -65.6    44.7    46.3   -11.2    29.6
  9941     4.3   -71.3    44.7    46.0   -11.3    25.2
  9945     4.2   -76.8    44.6    45.1   -11.3    21.9
  9949     4.1   -81.9    44.6    44.6   -11.4    17.6
  9953     4.0   -88.1    44.3    43.7   -11.2    13.6
  9957     3.9   -92.8    44.3    43.5   -11.4     9.7
  9961     3.7   -99.1    44.1    42.8   -11.3     5.5
  9965     3.7  -104.1    44.1    41.5   -11.3     1.9
  9969     3.5  -109.9    43.8    40.9   -11.3    -1.6
  9973     3.4  -115.5    43.8    40.9   -11.3    -6.1
  9977     3.3  -120.7    43.6    40.1   -11.3   -10.2
  9980     3.1  -126.7    43.4    39.6   -11.3   -14.3
  9984     2.9  -131.9    43.3    39.3   -11.3   -18.3
  9988     2.8  -137.9    43.1    38.1   -11.3   -21.9
  9992     2.7  -143.5    43.0    37.1   -11.3   -25.1
  9996     2.5  -149.3    42.7    36.9   -11.1   -29.7
 10000     2.3  -155.0    42.6    36.5   -11.2   -34.1
 10004     2.2  -160.8    42.2    35.3   -11.0   -37.2
 10008     2.0  -166.8    42.1    34.6   -11.1   -41.4
 10012     1.8  -172.1    41.9    34.7   -11.1   -45.8
 10016     1.6  -178.3    41.5    32.9   -10.8   -48.8
 10020     1.5   175.8    41.3    32.5   -10.8   -53.3
 10023     1.2   170.3    41.1    32.4   -10.8   -57.2
 10027     1.1   163.6    40.7    30.7   -10.6   -60.8
 10031     0.9   157.7    40.3    29.4   -10.4   -64.6
 10035     0.6   151.6    40.0    29.2   -10.4   -68.8
 10039     0.5   146.1    39.8    28.1   -10.3   -72.4
 10043     0.2   139.5    39.2    26.0   -10.1   -75.8
 10047    -0.0   132.8    38.8    26.1    -9.9   -80.5
 10051    -0.1   127.0    38.4    23.0    -9.7   -83.2
 10055    -0.5   120.0    37.8    22.9    -9.4   -87.7
 10059    -0.6   114.6    37.5    21.8    -9.4   -91.4
 10063    -1.0   107.6    36.8    20.3    -9.1   -95.4
 10066    -1.1   101.3    36.3    18.0    -8.8   -98.9
 10070    -1.4    95.0    35.7    16.1    -8.6  -102.6
 10074    -1.7    88.1    35.1    14.4    -8.4  -106.6
 10078    -1.9    82.2    34.5    12.7    -8.2  -110.4
 10082    -2.3    74.7    33.5    10.4    -7.9  -114.6
 10086    -2.4    68.5    33.1     5.7    -7.7  -117.4
 10090    -2.8    61.8    32.0     3.3    -7.4  -121.8
 10094    -3.0    54.2    31.1    -1.6    -7.0  -125.9
 10098    -3.2    48.2    30.5    -7.2    -6.9  -128.9
 10102    -3.4    41.1    29.7   -13.7    -6.6  -132.7
 10105    -3.7    34.3    28.6   -19.2    -6.3  -137.2
 10109    -4.2    26.6    27.2   -25.5    -5.9  -143.2
 10113    -4.2    20.1    27.3   -37.1    -5.6  -145.3
 10117    -4.6    12.6    26.2   -49.1    -5.1  -150.6
 10121    -4.9     5.3    25.8   -58.0    -4.7  -156.4
 10125    -5.1     0.1    25.7   -62.0    -4.6  -161.4
 10129    -5.3    -8.2    26.6   -76.7    -3.3  -164.4
 10133    -5.5   -14.9    27.0   -84.3    -2.1  -171.3
 10137    -5.8   -23.1    27.6   -94.8     1.1   166.4
 10141    -6.1   -29.8    27.8  -100.7     0.1   137.3
 10145    -6.3   -36.7    28.7  -105.7    -2.8   104.0
 10148    -6.5   -45.9    29.4  -113.5    -7.1   104.1
 10152    -6.7   -51.3    29.8  -114.6    -8.0   100.2
 10156    -7.0   -58.1    30.3  -116.8    -9.4    98.0
 10160    -7.2   -65.7    30.7  -120.5   -10.1    97.0
 10164    -7.3   -73.6    31.6  -123.2   -11.2    95.0
 10168    -7.6   -81.6    31.7  -127.3   -11.5    92.0
 10172    -7.8   -88.2    32.2  -127.9   -12.2    87.6
 10176    -8.0   -95.1    32.4  -129.3   -12.6    83.7
 10180    -8.1  -102.2    32.8  -131.0   -13.1    79.4
 10184    -8.3  -110.7    33.1  -133.5   -13.9    75.4
 10188    -8.2  -117.0    33.7  -132.5   -14.4    69.1
 10191    -8.6  -124.3    33.8  -134.2   -14.9    66.9
 10195    -8.7  -132.4    33.9  -136.7   -15.4    62.8
 10199    -8.9  -138.5    33.8  -138.0   -15.6    60.2
 10203    -9.0  -146.4    34.1  -139.6   -16.3    56.7
 10207    -9.1  -153.7    34.2  -140.1   -16.8    52.6
 10211    -9.3  -160.7    34.3  -140.7   -17.3    49.6
 10215    -9.3  -167.4    34.5  -141.5   -17.7    45.7
 10219    -9.5  -174.2    34.5  -142.7   -18.0    43.2
 10223    -9.4   177.7    34.7  -143.6   -18.7    39.4
 10227    -9.4   172.0    34.9  -143.5   -19.0    35.7
 10230    -9.6   164.4    34.9  -145.1   -19.5    33.4
 10234    -9.5   157.4    34.9  -146.1   -19.7    30.4
 10238    -9.7   151.5    35.0  -145.4   -20.2    27.8
 10242    -9.8   144.2    34.9  -147.2   -20.5    25.8
 10246    -9.8   138.0    35.0  -147.2   -20.8    22.8
 10250    -9.8   131.2    35.1  -147.6   -21.3    20.5
 10254   -10.0   125.3    34.9  -148.3   -21.3    17.6
 10258   -10.0   118.3    34.9  -148.9   -21.7    15.4
 10262    -9.7   112.0    35.2  -149.5   -22.3    11.9
 10266    -9.8   105.7    35.2  -149.7   -22.5    11.5
 10270   -10.0    98.9    34.9  -150.6   -22.6     9.3
 10273   -10.0    93.7    34.9  -150.6   -22.8     6.3
 10277   -10.0    86.2    34.8  -152.3   -23.0     5.0
 10281    -9.9    80.7    35.0  -152.2   -23.3     1.7
 10285    -9.9    74.2    34.9  -152.8   -23.5     0.3
 10289   -10.0    68.3    34.8  -153.1   -23.7    -1.6
 10293   -10.0    62.2    34.7  -153.6   -23.8    -3.1
 10297   -10.0    56.2    34.6  -154.3   -23.8    -5.9
 10301   -10.0    50.6    34.7  -154.2   -24.2    -7.1
 10305    -9.9    43.9    34.6  -156.3   -24.3    -9.3
 10309   -10.0    38.7    34.4  -155.7   -24.3   -12.4
 10313    -9.9    33.1    34.5  -155.3   -24.4   -13.4
 10316    -9.9    27.0    34.4  -157.0   -24.7   -16.8
 10320    -9.9    21.3    34.2  -156.9   -24.5   -18.7
 10324    -9.9    15.5    34.2  -157.7   -24.8   -19.7
 10328    -9.9    10.1    34.0  -157.4   -24.6   -22.3
 10332    -9.9     4.2    34.1  -158.6   -24.9   -24.4
 10336    -9.9    -0.8    34.0  -158.0   -24.9   -27.0
 10340    -9.9    -6.4    33.9  -158.0   -24.9   -27.8
 10344    -9.7   -12.2    33.9  -159.3   -25.0   -30.4
 10348    -9.8   -17.3    33.8  -159.3   -24.9   -34.2
 10352    -9.8   -23.0    33.6  -159.7   -24.9   -35.3
 10355    -9.7   -27.5    33.7  -159.5   -25.1   -38.8
 10359    -9.6   -33.2    33.6  -160.1   -25.0   -40.1
 10363    -9.7   -38.6    33.4  -160.4   -24.9   -42.6
 10367    -9.8   -43.9    33.3  -161.0   -24.9   -45.8
 10371    -9.7   -49.1    33.2  -160.7   -24.9   -48.0
 10375    -9.8   -54.5    33.1  -161.5   -24.9   -49.2
 10379    -9.7   -59.9    33.0  -162.6   -24.9   -52.3
 10383    -9.7   -64.9    32.9  -162.4   -24.8   -54.7
 10387    -9.7   -69.7    32.8  -162.8   -24.8   -57.5
 10391    -9.7   -75.3    32.7  -162.9   -24.8   -60.3
 10395    -9.7   -80.1    32.6  -162.7   -24.6   -61.8
 10398    -9.6   -85.3    32.5  -163.6   -24.6   -65.1
 10402    -9.5   -90.0    32.5  -164.2   -24.7   -68.2
 10406    -9.5   -95.3    32.3  -165.0   -24.6   -70.4
 10410    -9.6  -100.2    32.2  -164.6   -24.4   -72.9
 10414    -9.6  -105.8    32.0  -165.5   -24.4   -76.5
 10418    -9.5  -109.9    32.0  -165.1   -24.4   -78.8
 10422    -9.5  -114.7    31.9  -165.4   -24.3   -82.1
 10426    -9.5  -120.1    31.8  -166.3   -24.2   -83.9
 10430    -9.5  -125.3    31.7  -166.2   -24.1   -86.0
 10434    -9.6  -129.9    31.5  -166.0   -23.9   -89.1
 10438    -9.5  -134.7    31.4  -166.7   -24.0   -92.2
 10441    -9.5  -140.1    31.3  -167.4   -23.8   -94.6
 10445    -9.6  -144.1    31.1  -166.5   -23.6   -97.2
 10449    -9.5  -149.4    31.1  -167.3   -23.7  -100.6
 10453    -9.4  -153.7    31.0  -167.6   -23.6  -102.7
 10457    -9.5  -158.6    30.8  -168.3   -23.6  -105.6
 10461    -9.6  -164.2    30.7  -168.4   -23.3  -108.2
 10465    -9.5  -168.5    30.6  -168.9   -23.3  -110.8
 10469    -9.5  -173.4    30.5  -168.7   -23.3  -114.7
 10473    -9.5  -178.1    30.3  -169.9   -23.2  -116.7
 10477    -9.5   176.5    30.2  -169.7   -22.9  -119.2
 10480    -9.5   172.7    30.2  -168.8   -22.9  -122.6
 10484    -9.5   167.9    30.0  -170.4   -23.1  -125.9
 10488    -9.5   163.1    29.9  -169.3   -22.6  -127.8
 10492    -9.5   158.6    29.9  -170.3   -22.7  -130.4
 10496    -9.6   153.8    29.6  -170.3   -22.5  -133.7
 10500    -9.5   149.2    29.5  -171.4   -22.6  -136.4
 10504    -9.5   144.1    29.3  -171.1   -22.3  -139.6
 10508    -9.5   140.0    29.4  -171.5   -22.7  -143.1
 10512    -9.6   134.7    29.0  -171.6   -22.1  -145.1
 10516    -9.5   130.4    29.1  -172.0   -22.4  -148.6
 10520    -9.5   126.0    28.8  -172.2   -22.2  -151.3
 10523    -9.6   120.9    28.7  -173.1   -22.1  -154.1
 10527    -9.5   117.0    28.5  -172.3   -21.9  -156.6
 10531    -9.6   112.2    28.5  -172.4   -22.0  -159.9
 10535    -9.5   107.9    28.5  -172.0   -21.9  -163.1
 10539    -9.5   102.8    28.1  -172.2   -21.7  -166.2
 10543    -9.6    98.4    28.1  -172.8   -21.7  -169.3
 10547    -9.6    93.7    27.9  -173.7   -21.6  -171.7
 10551    -9.6    88.6    27.6  -172.7   -21.3  -175.4
 10555    -9.6    84.8    27.6  -173.8   -21.6  -178.0
 10559    -9.6    79.6    27.4  -175.1   -21.4   178.9
 10563    -9.5    75.8    27.3  -173.5   -21.1   176.0
 10566    -9.6    71.2    27.2  -174.8   -21.5   173.0
 10570    -9.6    66.3    27.2  -174.8   -21.3   169.5
 10574    -9.7    61.8    26.9  -175.1   -21.2   166.5
 10578    -9.6    57.8    26.8  -174.8   -21.3   163.4
 10582    -9.8    52.5    26.5  -175.3   -21.3   159.2
 10586    -9.6    47.7    26.5  -174.9   -21.0   155.9
 10590    -9.7    43.7    26.2  -174.3   -20.8   152.8
 10594    -9.7    39.0    26.2  -176.1   -21.0   149.7
 10598    -9.6    34.8    26.1  -175.3   -20.9   147.0
 10602    -9.7    30.0    25.7  -175.5   -20.8   142.9
 10605    -9.7    25.7    25.7  -175.7   -20.8   139.9
 10609    -9.8    21.0    25.4  -175.7   -20.8   135.7
 10613    -9.8    16.7    25.3  -176.9   -20.8   132.7
 10617    -9.8    12.3    25.0  -175.5   -20.6   129.1
 10621    -9.8     7.6    25.0  -175.4   -20.6   125.8
 10625    -9.7     3.7    24.8  -177.0   -20.8   123.1
 10629    -9.8    -1.6    24.6  -176.6   -20.5   118.1
 10633    -9.8    -6.2    24.4  -174.3   -20.2   114.2
 10637    -9.9   -10.1    24.2  -176.0   -20.4   111.0
 10641    -9.9   -14.9    24.1  -176.6   -20.2   107.4
 10645    -9.8   -19.7    23.8  -175.1   -20.2   103.2
 10648    -9.8   -24.0    23.8  -176.0   -20.3   100.4
 10652    -9.9   -28.0    23.5  -177.2   -20.6    96.9
 10656    -9.9   -33.2    23.3  -176.6   -20.2    92.1
 10660    -9.9   -37.1    23.0  -176.1   -20.2    88.9
 10664    -9.9   -41.5    22.9  -176.6   -20.2    85.2
 10668    -9.9   -46.1    22.8  -176.4   -20.2    81.4
 10672   -10.0   -50.9    22.5  -176.1   -20.0    77.2
 10676   -10.0   -55.1    22.4  -178.1   -20.2    73.6
 10680   -10.0   -60.2    22.1  -175.9   -19.9    68.7
 10684   -10.1   -64.4    21.8  -176.6   -20.0    64.9
 10688   -10.0   -69.0    21.6  -175.6   -19.9    60.5
 10691   -10.0   -73.6    21.2  -172.5   -19.6    56.4
 10695   -10.1   -78.0    21.3  -176.3   -19.9    53.4
 10699   -10.2   -82.5    20.9  -176.3   -19.8    48.4
 10703   -10.1   -86.8    20.7  -175.2   -19.9    44.7
 10707   -10.2   -91.3    20.4  -175.7   -19.8    40.6
 10711   -10.1   -96.4    20.2  -174.8   -19.6    35.6
 10715   -10.2  -100.9    19.9  -175.9   -19.6    32.0
 10719   -10.2  -105.1    19.6  -175.5   -19.7    27.9
 10723   -10.3  -110.2    19.3  -173.5   -19.4    22.6
 10727   -10.3  -115.3    19.0  -172.9   -19.2    17.7
 10730   -10.3  -119.0    18.8  -174.1   -19.4    14.6
 10734   -10.4  -124.4    18.5  -173.7   -19.3     9.1
 10738   -10.4  -128.4    18.2  -173.0   -19.3     5.6
 10742   -10.5  -133.2    17.6  -169.2   -19.2    -0.6
 10746   -10.6  -138.5    17.4  -170.3   -19.1    -5.4
 10750   -10.6  -143.1    17.2  -171.9   -19.2    -9.0
 10754   -10.8  -147.7    16.7  -169.9   -19.2   -15.0
 10758   -10.8  -152.2    16.3  -168.9   -19.2   -19.2
 10762   -10.9  -156.9    16.0  -169.7   -19.2   -23.4
 10766   -11.0  -160.4    15.6  -167.8   -19.5   -27.3
 10770   -11.2  -165.8    14.9  -160.9   -19.1   -36.0
 10773   -11.3  -170.5    14.6  -159.8   -19.2   -40.4
 10777   -11.4  -174.0    14.3  -166.3   -19.7   -41.7
 10781   -11.6  -178.4    13.7  -157.9   -19.5   -49.7
 10785   -11.7   177.2    13.3  -154.4   -19.6   -54.6
 10789   -11.8   174.2    12.8  -157.7   -20.0   -56.4
 10793   -12.0   170.4    12.4  -152.4   -20.1   -61.7
 10797   -12.1   166.0    12.1  -150.6   -20.0   -65.6
 10801   -12.1   163.2    11.5  -143.9   -20.2   -69.7
 10805   -12.2   158.8    11.1  -145.5   -20.3   -72.8
 10809   -12.0   155.1    10.9  -137.0   -20.1   -75.6
 10813   -12.2   151.8    10.7  -130.0   -20.3   -82.7
 10816   -12.2   148.4    10.3  -131.3   -20.4   -83.2
 10820   -12.3   143.6    10.5  -120.6   -20.4   -90.4
 10824   -12.2   140.9    10.6  -111.8   -20.7   -95.0
 10828   -12.3   136.0    10.2  -111.9   -20.4   -97.9
 10832   -12.2   132.0    10.5  -105.3   -20.3  -101.5
 10836   -12.2   128.5    10.8  -100.0   -20.5  -106.5
 10840   -12.2   123.9    10.7   -96.2   -20.3  -109.7
 10844   -12.1   120.2    11.0   -92.1   -20.4  -114.0
 10848   -12.2   116.3    10.8   -90.0   -20.2  -117.6
 10852   -12.2   111.5    12.0   -82.6   -20.5  -123.6
 10855   -12.0   107.3    11.6   -80.5   -20.1  -126.8
 10859   -12.1   103.5    12.4   -76.8   -20.3  -131.1
 10863   -12.2    99.6    12.4   -73.8   -20.4  -136.0
 10867   -12.1    94.6    12.9   -71.5   -20.1  -140.1
 10871   -12.1    90.8    13.3   -68.1   -20.1  -143.9
 10875   -12.2    85.5    15.0   -67.5   -20.4  -151.0
 10879   -12.1    81.7    15.1   -64.6   -20.3  -154.2
 10883   -12.1    77.9    13.8   -63.1   -19.8  -157.2
 10887   -12.1    72.9    15.9   -61.6   -20.3  -163.6
 10891   -12.1    69.3    15.4   -59.8   -20.1  -166.7
 10895   -12.1    64.8    15.6   -58.4   -20.0  -171.0
 10898   -12.2    60.4    16.6   -57.6   -20.3  -176.7
 10902   -12.2    55.4    17.8   -56.7   -20.4   179.3
 10906   -12.3    52.0    17.4   -55.7   -20.4   174.5
 10910   -12.1    46.7    17.5   -54.0   -20.1   170.4
 10914   -12.1    43.3    17.7   -52.1   -20.0   167.3
 10918   -12.3    39.5    17.6   -52.7   -20.2   161.6
 10922   -12.3    34.0    18.9   -53.6   -20.3   156.1
 10926   -12.2    30.7    18.4   -50.1   -20.1   152.8
 10930   -12.3    26.7    18.4   -49.9   -20.1   148.7
 10934   -12.3    21.5    19.4   -50.4   -20.2   143.7
 10938   -12.2    17.2    19.5   -48.5   -20.1   139.8
 10941   -12.4    13.2    19.6   -48.8   -20.3   134.7
 10945   -12.3     7.7    20.8   -50.3   -20.4   129.3
 10949   -12.3     4.3    20.2   -47.5   -20.1   126.2
 10953   -12.4    -0.7    21.3   -49.2   -20.4   120.9
 10957   -12.4    -5.2    21.1   -48.2   -20.2   116.8
 10961   -12.4    -9.1    21.4   -48.1   -20.3   112.1
 10965   -12.5   -12.8    21.3   -47.1   -20.4   107.6
 10969   -12.5   -18.1    21.7   -47.2   -20.2   103.5
 10973   -12.4   -21.6    21.9   -46.3   -20.3    99.5
 10977   -12.6   -26.9    22.4   -47.2   -20.4    94.3
 10980   -12.4   -30.6    22.4   -46.2   -20.4    90.2
 10984   -12.5   -34.8    22.3   -45.9   -20.3    85.5
 10988   -12.6   -39.8    22.9   -46.2   -20.4    81.3
 10992   -12.5   -44.4    23.1   -45.9   -20.3    76.8
 10996   -12.5   -47.8    22.7   -44.5   -20.1    72.7
 11000   -12.6   -52.9    23.6   -46.5   -20.4    67.6
 11004   -12.6   -57.3    23.9   -46.6   -20.4    63.1
 11008   -12.7   -60.9    24.0   -46.0   -20.6    58.8
 11012   -12.9   -66.2    24.3   -47.5   -20.6    53.4
 11016   -12.6   -70.5    24.5   -45.3   -20.4    50.6
 11020   -12.6   -73.8    24.4   -45.4   -20.5    45.9
 11023   -12.9   -79.4    24.9   -47.1   -20.5    41.4
 11027   -12.9   -83.7    25.1   -47.2   -20.6    36.2
 11031   -12.9   -87.2    25.3   -47.1   -20.7    32.5
 11035   -12.9   -92.2    25.3   -46.6   -20.5    28.1
 11039   -12.9   -96.1    25.2   -45.5   -20.5    23.5
 11043   -13.0   -99.2    25.0   -45.0   -20.5    19.0
 11047   -12.9  -105.6    25.6   -45.1   -20.5    15.1
 11051   -12.9  -109.3    26.3   -45.9   -20.9    10.9
 11055   -13.0  -113.9    26.1   -46.0   -20.6     6.3
 11059   -13.1  -119.8    26.8   -47.1   -20.8     1.7
 11063   -13.0  -122.8    26.7   -45.7   -20.9    -1.9
 11066   -13.1  -126.6    26.6   -46.5   -20.7    -6.5
 11070   -13.1  -132.1    26.6   -46.1   -20.7   -12.2
 11074   -13.0  -135.6    27.1   -45.4   -20.8   -14.0
 11078   -13.2  -140.1    27.1   -47.1   -20.7   -19.9
 11082   -13.2  -145.6    27.3   -46.6   -20.6   -24.1
 11086   -13.2  -148.7    27.3   -46.3   -20.8   -28.7
 11090   -13.3  -153.9    27.4   -47.1   -20.6   -33.2
 11094   -13.3  -157.6    27.7   -46.8   -20.8   -36.6
 11098   -13.3  -162.7    27.9   -47.2   -20.7   -41.1
 11102   -13.4  -166.7    28.0   -47.5   -20.8   -46.0
 11105   -13.3  -172.5    28.6   -47.7   -20.9   -49.5
 11109   -13.3  -175.0    28.1   -45.9   -20.8   -53.5
 11113   -13.5   179.5    28.7   -48.9   -20.7   -58.3
 11117   -13.3   174.2    29.1   -47.7   -20.9   -61.6
 11121   -13.5   171.3    28.8   -47.9   -20.9   -66.4
 11125   -13.5   166.4    29.0   -47.6   -20.9   -70.7
 11129   -13.4   160.9    29.6   -49.0   -20.8   -74.4
 11133   -13.5   157.9    29.3   -48.0   -20.9   -79.2
 11137   -13.8   152.8    29.6   -49.6   -21.0   -84.3
 11141   -13.5   148.2    29.8   -48.5   -20.8   -86.9
 11145   -13.7   144.6    29.8   -48.7   -21.0   -91.6
 11148   -13.7   138.8    30.1   -49.5   -20.9   -96.4
 11152   -13.7   134.2    30.6   -49.9   -21.0   -99.6
 11156   -13.8   130.4    30.3   -49.6   -20.9  -104.6
 11160   -13.8   125.0    30.8   -50.3   -21.0  -108.3
 11164   -13.7   121.4    30.7   -49.4   -21.0  -112.7
 11168   -13.9   117.0    30.7   -50.3   -20.9  -117.5
 11172   -13.9   111.6    31.2   -50.4   -21.1  -120.7
 11176   -13.8   108.5    30.9   -49.2   -20.9  -125.0
 11180   -14.0   103.7    31.1   -50.6   -21.0  -130.1
 11184   -13.9    98.0    31.7   -51.3   -21.1  -132.7
 11188   -14.0    95.4    31.2   -49.8   -21.0  -138.0
 11191   -14.0    89.4    31.5   -50.7   -20.9  -141.9
 11195   -14.0    84.6    32.2   -51.7   -21.1  -144.5
 11199   -14.0    81.7    31.7   -50.8   -20.9  -150.3
 11203   -14.1    76.6    32.1   -51.4   -21.1  -154.3
 11207   -14.0    71.0    32.3   -51.4   -20.9  -157.6
 11211   -14.0    67.4    32.3   -51.2   -20.9  -161.2
 11215   -14.2    61.3    32.7   -53.0   -20.9  -165.5
 11219   -14.1    57.8    32.9   -52.1   -21.0  -169.7
 11223   -14.2    54.2    32.5   -51.6   -20.9  -174.9
 11227   -14.3    48.4    33.0   -53.0   -20.9  -178.6
 11230   -14.1    43.5    33.4   -53.0   -21.1   178.1
 11234   -14.2    40.6    33.1   -52.2   -21.0   173.4
 11238   -14.3    34.5    33.6   -53.8   -21.0   169.9
 11242   -14.2    30.3    33.6   -53.7   -20.8   165.8
 11246   -14.3    26.5    33.3   -52.8   -20.8   160.4
 11250   -14.5    20.3    34.0   -54.8   -20.9   157.3
 11254   -14.3    16.6    34.1   -53.9   -21.0   154.5
 11258   -14.4    12.3    33.9   -53.6   -20.8   148.3
 11262   -14.4     6.9    34.4   -54.4   -20.8   145.5
 11266   -14.3     3.0    34.4   -54.0   -20.9   141.5
 11270   -14.5    -1.8    34.6   -55.2   -20.7   138.0
 11273   -14.4    -7.5    34.8   -55.2   -20.8   134.0
 11277   -14.5   -10.4    34.7   -54.9   -20.8   129.3
 11281   -14.5   -17.5    35.0   -55.3   -20.7   125.0
 11285   -14.5   -21.4    35.4   -56.3   -20.8   122.0
 11289   -14.5   -25.4    35.2   -55.8   -20.6   117.0
 11293   -14.5   -30.2    35.3   -55.8   -20.7   113.5
 11297   -14.5   -35.5    35.7   -56.6   -20.6   110.2
 11301   -14.5   -39.4    35.7   -56.2   -20.7   105.2
 11305   -14.7   -45.4    36.0   -57.8   -20.5   101.8
 11309   -14.4   -49.7    36.2   -56.6   -20.6    99.0
 11313   -14.8   -53.4    35.9   -57.5   -20.4    92.6
 11316   -14.6   -60.0    36.4   -57.6   -20.6    89.2
 11320   -14.6   -62.7    36.4   -56.9   -20.6    85.4
 11324   -14.6   -68.1    36.8   -58.4   -20.5    82.7
 11328   -14.7   -73.6    36.9   -58.6   -20.6    78.0
 11332   -14.6   -77.4    36.9   -58.0   -20.4    74.8
 11336   -14.7   -81.8    36.9   -58.3   -20.2    69.4
 11340   -14.7   -88.9    37.4   -59.4   -20.2    66.1
 11344   -14.5   -91.5    37.4   -58.5   -20.4    62.8
 11348   -14.8   -97.7    37.7   -60.0   -20.3    58.7
 11352   -14.6  -102.2    38.0   -59.8   -20.4    56.6
 11355   -14.7  -106.5    37.9   -59.9   -20.3    51.5
 11359   -14.8  -112.2    38.1   -60.4   -20.3    47.2
 11363   -14.6  -117.5    38.4   -60.4   -20.1    43.9
 11367   -14.6  -120.7    38.2   -59.9   -20.1    39.5
 11371   -14.7  -126.7    38.5   -61.5   -20.0    36.2
 11375   -14.5  -130.6    38.7   -60.8   -20.0    32.7
 11379   -14.7  -135.2    38.6   -61.7   -19.8    27.6
 11383   -14.6  -142.1    39.3   -62.8   -19.9    25.7
 11387   -14.5  -145.6    39.2   -61.8   -19.8    21.2
 11391   -14.6  -150.6    39.1   -62.0   -19.7    15.9
 11395   -14.6  -156.3    39.7   -62.9   -19.8    14.1
 11398   -14.5  -160.3    39.7   -63.0   -19.6     9.8
 11402   -14.7  -165.1    39.6   -63.2   -19.5     3.8
 11406   -14.4  -172.4    40.5   -64.2   -19.7     4.0
 11410   -14.4  -174.9    40.4   -63.4   -19.8    -0.5
 11414   -14.5   178.9    40.3   -63.8   -19.4    -5.8
 11418   -14.3   174.5    40.6   -63.9   -19.5    -8.5
 11422   -14.5   170.1    40.7   -65.0   -19.3   -12.3
 11426   -14.5   163.8    41.0   -65.7   -19.2   -16.1
 11430   -14.3   159.8    41.1   -65.0   -19.3   -19.4
 11434   -14.3   155.3    41.2   -65.3   -19.1   -23.0
 11438   -14.3   148.0    41.7   -66.0   -19.2   -26.5
 11441   -14.1   145.2    41.6   -65.6   -19.1   -29.9
 11445   -14.3   139.9    41.5   -66.1   -18.8   -36.3
 11449   -14.1   133.5    42.2   -66.1   -19.2   -38.0
 11453   -14.0   130.2    42.0   -66.7   -18.7   -41.6
 11457   -14.1   124.3    42.2   -67.0   -18.6   -46.3
 11461   -13.9   118.8    42.7   -67.6   -18.8   -48.3
 11465   -13.8   114.9    42.7   -67.5   -18.6   -51.9
 11469   -14.0   108.9    42.9   -68.6   -18.5   -56.5
 11473   -13.7   103.8    43.3   -68.4   -18.7   -58.7
 11477   -13.7   100.3    43.1   -67.9   -18.4   -64.2
 11480   -13.7    93.3    43.4   -68.7   -18.2   -67.5
 11484   -13.6    89.5    43.7   -68.7   -18.5   -70.1
 11488   -13.5    84.1    43.7   -69.4   -17.9   -74.3
 11492   -13.4    78.3    44.1   -69.7   -18.1   -77.6
 11496   -13.3    73.9    44.5   -70.0   -18.2   -79.1
 11500   -13.4    69.0    44.3   -70.1   -17.7   -85.6
 11504   -13.2    62.4    44.8   -71.0   -17.8   -87.5
 11508   -13.0    59.9    44.7   -70.6   -17.6   -91.4
 11512   -13.1    52.8    45.1   -71.5   -17.5   -95.3
 11516   -12.9    47.6    45.5   -72.1   -17.6   -96.6
 11520   -12.8    43.6    45.4   -72.0   -17.3  -101.9
 11523   -12.7    37.6    45.8   -71.9   -17.4  -105.5
 11527   -12.7    32.0    46.3   -72.5   -17.7  -107.5
 11531   -12.5    28.7    46.0   -72.9   -17.0  -112.4
 11535   -12.5    22.3    46.2   -73.6   -16.8  -117.2
 11539   -12.2    18.1    46.6   -74.0   -16.7  -117.9
 11543   -12.2    13.1    46.5   -74.0   -16.4  -124.3
 11547   -12.0     6.8    47.1   -74.8   -16.5  -125.3
 11551   -11.9     2.7    47.3   -75.1   -16.3  -128.8
 11555   -11.8    -2.3    47.2   -74.5   -16.1  -134.6
 11559   -11.7    -9.0    48.0   -75.9   -16.3  -135.3
 11563   -11.5   -13.3    48.0   -75.6   -16.0  -139.6
 11566   -11.5   -18.7    48.1   -76.2   -15.8  -144.1
 11570   -11.1   -24.1    48.6   -76.3   -15.7  -145.9
 11574   -11.1   -28.7    48.6   -76.6   -15.5  -152.0
 11578   -10.8   -34.7    48.9   -76.7   -15.3  -155.1
 11582   -10.8   -39.6    49.4   -77.6   -15.2  -156.4
 11586   -10.6   -44.9    49.4   -77.6   -14.9  -162.2
 11590   -10.4   -50.1    49.8   -78.5   -14.7  -164.0
 11594   -10.1   -55.2    49.9   -77.3   -14.6  -170.1
 11598   -10.0   -59.8    49.9   -78.3   -14.2  -174.5
 11602    -9.7   -66.5    50.4   -78.1   -14.2  -177.4
 11605    -9.5   -70.4    50.6   -77.8   -14.1   178.5
 11609    -9.4   -76.0    50.5   -79.3   -13.4   172.9
 11613    -9.0   -80.9    51.1   -79.1   -13.4   171.6
 11617    -8.9   -86.6    51.2   -78.7   -13.3   165.8
 11621    -8.5   -91.0    51.0   -79.3   -12.6   159.4
 11625    -8.2   -97.6    51.6   -77.3   -13.0   155.8
 11629    -8.0  -101.6    51.4   -77.4   -12.5   148.2
 11633    -7.6  -108.2    51.6   -76.1   -12.3   141.7
 11637    -7.2  -112.6    51.8   -74.0   -12.4   135.9
 11641    -6.9  -117.0    51.2   -74.6   -11.5   126.7
 11645    -6.5  -122.7    51.7   -74.0   -11.5   123.2
 11648    -6.1  -127.5    51.5   -69.6   -11.7   113.2
 11652    -5.7  -131.1    50.4   -67.0   -11.1   100.2
 11656    -5.3  -137.3    51.0   -65.7   -11.2    96.9
 11660    -4.8  -141.4    50.9   -57.1   -11.8    86.8
 11664    -4.5  -146.0    49.8   -55.9   -11.3    76.0
 11668    -4.0  -150.8    50.4   -47.9   -11.9    70.8
 11672    -3.7  -154.6    49.4   -39.7   -12.1    59.6
 11676    -3.3  -159.0    48.9   -32.3   -12.2    51.9
 11680    -2.9  -163.4    49.8   -24.8   -12.6    47.1
 11684    -2.6  -167.1    49.3    -9.5   -13.0    37.2
 11688    -2.3  -172.5    49.4   -11.1   -12.7    32.5
 11691    -2.0  -175.7    50.1     2.7   -13.2    25.8
 11695    -1.8  -179.8    50.0    12.6   -13.4    18.0
 11699    -1.4   175.5    51.0    14.7   -13.4    13.9
 11703    -1.3   171.9    51.6    23.5   -13.7     6.9
 11707    -1.2   167.5    51.6    33.7   -13.9    -1.0
 11711    -0.8   163.2    52.6    32.3   -13.9    -5.2
 11715    -0.8   159.9    53.5    44.4   -14.3   -13.0
 11719    -0.6   155.1    53.6    47.1   -14.3   -19.2
 11723    -0.4   152.1    55.0    50.5   -14.6   -24.7
 11727    -0.5   147.8    55.2    56.3   -14.7   -32.2
 11730    -0.4   143.1    55.7    59.2   -14.9   -39.8
 11734    -0.3   140.2    56.5    61.6   -15.1   -45.5
 11738    -0.5   135.5    56.9    66.3   -15.5   -54.2
 11742    -0.4   131.7    57.4    67.0   -15.7   -61.7
 11746    -0.5   128.2    58.0    69.8   -16.2   -69.3
 11750    -0.7   123.4    58.1    72.1   -16.6   -78.5
 11754    -0.7   120.3    58.7    72.5   -17.2   -87.0
 11758    -1.0   115.9    58.7    75.2   -17.5   -96.2
 11762    -1.1   111.3    58.9    76.4   -18.1  -106.7
 11766    -1.2   108.0    59.1    77.1   -19.0  -116.3
 11770    -1.5   103.2    59.2    79.1   -19.5  -129.7
 11773    -1.5    99.2    59.3    79.0   -20.4  -141.0
 11777    -1.8    94.9    59.3    80.4   -21.1  -152.9
 11781    -2.0    89.5    59.1    81.3   -21.6  -167.1
 11785    -2.1    85.6    59.2    81.7   -22.4   175.8
 11789    -2.5    80.8    59.1    83.0   -22.6   159.1
 11793    -2.6    75.3    59.1    83.9   -22.1   139.7
 11797    -2.9    71.8    59.1    84.9   -21.7   119.0
 11801    -3.2    65.9    59.0    85.7   -21.2   103.2
 11805    -3.3    61.0    58.9    86.3   -20.1    87.2
 11809    -3.6    56.7    58.9    86.7   -19.6    70.4
 11813    -3.9    50.6    58.7    87.6   -18.4    59.2
 11816    -4.0    46.2    58.7    87.6   -18.0    44.7
 11820    -4.3    41.0    58.5    87.7   -17.5    35.3
 11824    -4.4    35.0    58.4    87.7   -17.0    25.2
 11828    -4.5    30.7    58.3    87.3   -17.0    15.5
 11832    -4.8    24.4    58.1    87.3   -16.8     8.6
 11836    -4.8    19.3    58.0    87.0   -16.6     1.0
 11840    -5.0    14.1    57.8    86.9   -16.5    -6.5
 11844    -5.0     7.6    57.6    86.0   -16.7    -9.8
 11848    -5.2     3.2    57.5    86.0   -16.4   -19.1
 11852    -5.3    -3.2    57.2    85.3   -16.6   -21.3
 11855    -5.3   -10.0    57.0    85.0   -16.4   -24.6
 11859    -5.3   -14.5    56.8    84.1   -16.6   -30.3
 11863    -5.5   -21.5    56.5    83.7   -16.6   -32.2
 11867    -5.4   -27.2    56.3    83.0   -16.5   -36.3
 11871    -5.4   -32.7    56.1    82.2   -16.8   -39.2
 11875    -5.4   -40.0    55.8    81.5   -16.7   -40.3
 11879    -5.4   -45.6    55.6    80.7   -16.7   -43.6
 11883    -5.3   -52.7    55.2    79.8   -16.8   -43.0
 11887    -5.1   -59.6    54.8    78.4   -17.2   -44.0
 11891    -5.0   -65.2    54.6    77.2   -17.4   -45.9
 11895    -5.0   -72.8    54.2    76.4   -17.5   -45.6
 11898    -4.7   -80.6    53.7    75.2   -17.5   -44.2
 11902    -4.6   -85.7    53.5    73.3   -18.3   -47.3
 11906    -4.3   -93.5    52.9    71.2   -19.0   -44.4
 11910    -4.0   -99.9    52.6    69.4   -19.5   -46.2
 11914    -3.8  -106.9    52.0    67.3   -20.2   -44.4
 11918    -3.6  -115.0    51.5    65.7   -20.4   -43.3
 11922    -3.3  -120.6    51.1    63.1   -21.3   -44.7
 11926    -2.9  -127.9    50.4    59.3   -22.8   -40.2
 11930    -2.6  -134.9    50.0    56.7   -23.4   -40.5
 11934    -2.4  -140.5    49.6    53.6   -24.3   -40.6
 11938    -2.2  -148.0    48.9    50.7   -25.0   -37.9
 11941    -1.9  -153.3    48.6    46.8   -26.2   -39.7
 11945    -1.7  -159.5    48.1    42.9   -27.4   -32.6
 11949    -1.5  -167.1    47.4    39.1   -28.0   -29.7
 11953    -1.4  -171.7    47.3    36.5   -28.6   -32.0
 11957    -1.2  -178.2    46.8    30.9   -29.9   -21.3
 11961    -1.1   176.2    46.6    29.3   -30.2   -26.0
 11965    -0.9   171.0    46.3    24.8   -30.9   -17.1
 11969    -1.0   165.3    46.0    23.0   -31.7   -16.6
 11973    -0.7   158.7    45.5    17.8   -31.1   -13.8
 11977    -0.8   155.1    45.8    17.9   -32.1   -12.8
 11980    -0.7   147.9    45.1    12.4   -31.3    -4.8
 11984    -0.5   143.1    45.2     9.1   -31.5    -0.7
 11988    -0.6   137.4    44.7     7.0   -31.1     0.9
 11992    -0.5   131.8    44.6     3.9   -30.9     0.9
 11996    -0.6   127.4    44.5     3.8   -31.1    -2.5
 12000    -0.6   121.7    44.1     1.8   -30.5    -3.1
 12004    -0.5   115.5    43.8    -3.1   -29.7    -1.4
 12008    -0.6   111.8    43.9    -2.1   -30.0    -3.0
 12012    -0.7   105.4    43.2    -4.4   -29.2    -7.4
 12016    -0.6   101.1    43.4    -5.7   -29.2    -9.1
 12020    -0.8    95.8    42.9    -6.6   -28.9   -11.6
 12023    -0.8    89.8    42.6    -9.8   -28.3   -13.3
 12027    -0.9    86.2    42.6    -8.2   -28.4   -18.4
 12031    -0.9    80.8    42.4   -10.7   -28.1   -20.2
 12035    -0.9    75.5    42.1   -12.1   -28.1   -24.0
 12039    -1.0    70.9    41.9   -12.6   -27.6   -26.7
 12043    -1.1    64.4    41.2   -17.8   -26.9   -28.1
 12047    -1.1    61.1    41.6   -15.7   -27.3   -32.0
 12051    -1.2    55.9    41.2   -17.0   -26.9   -36.3
 12055    -1.2    50.4    40.8   -19.2   -26.5   -40.0
 12059    -1.3    46.7    40.9   -17.9   -26.6   -43.4
 12063    -1.4    41.0    40.4   -20.2   -26.2   -47.2
 12066    -1.3    36.2    40.5   -21.6   -26.3   -50.3
 12070    -1.5    32.0    40.1   -20.8   -25.9   -55.5
 12074    -1.5    26.7    39.9   -23.0   -25.7   -57.8
 12078    -1.6    22.2    39.6   -22.7   -25.6   -63.3
 12082    -1.7    17.3    39.2   -23.6   -25.1   -67.4
 12086    -1.7    12.4    39.2   -25.6   -25.2   -70.1
 12090    -1.8     8.9    39.2   -22.9   -25.3   -76.2
 12094    -1.9     2.5    38.3   -27.9   -24.3   -78.2
 12098    -1.9    -1.8    38.3   -27.1   -24.3   -83.7
 12102    -1.9    -5.7    38.5   -27.4   -24.6   -86.9
 12105    -2.1   -10.7    37.9   -26.9   -24.2   -92.5
 12109    -2.1   -15.3    37.8   -28.3   -24.1   -96.1
 12113    -2.2   -19.5    37.7   -27.8   -24.0  -100.6
 12117    -2.3   -25.3    37.0   -30.7   -23.3  -104.5
 12121    -2.3   -28.4    37.2   -28.0   -23.6  -110.1
 12125    -2.4   -34.1    36.8   -32.3   -23.0  -113.1
 12129    -2.5   -39.0    36.4   -32.5   -22.7  -118.2
 12133    -2.5   -43.4    36.1   -34.1   -22.3  -121.6
 12137    -2.5   -48.1    36.0   -35.3   -22.2  -125.6
 12141    -2.6   -52.5    35.7   -34.2   -22.0  -131.9
 12145    -2.7   -57.1    35.4   -36.2   -21.6  -135.1
 12148    -2.7   -61.9    35.2   -37.0   -21.3  -139.4
 12152    -2.8   -65.5    35.2   -34.1   -21.7  -146.6
 12156    -2.9   -70.1    34.7   -34.9   -21.1  -151.8
 12160    -2.9   -74.9    34.7   -36.5   -21.1  -154.9
 12164    -3.0   -78.8    34.5   -36.0   -21.0  -159.8
 12168    -3.1   -84.2    34.0   -38.3   -20.5  -164.8
 12172    -3.1   -87.7    34.3   -35.6   -20.9  -170.3
 12176    -3.2   -92.8    33.5   -38.2   -20.0  -175.5
 12180    -3.3   -97.3    33.4   -38.3   -19.9   179.0
 12184    -3.3  -101.4    33.2   -39.5   -19.7   175.6
 12188    -3.4  -105.6    33.1   -38.0   -19.8   169.7
 12191    -3.4  -110.2    32.8   -39.4   -19.3   164.1
 12195    -3.4  -114.6    32.7   -39.3   -19.3   159.4
 12199    -3.6  -119.4    32.3   -38.8   -19.1   152.4
 12203    -3.6  -123.0    32.3   -37.9   -19.2   147.2
 12207    -3.7  -128.0    31.6   -40.3   -18.4   141.0
 12211    -3.7  -132.9    31.4   -44.8   -17.6   138.0
 12215    -3.7  -136.0    31.5   -39.0   -18.6   131.0
 12219    -3.9  -141.2    31.1   -40.8   -18.1   124.8
 12223    -3.9  -145.2    31.0   -41.3   -17.8   119.7
 12227    -4.0  -149.6    30.6   -41.5   -17.7   113.4
 12230    -4.0  -154.6    30.2   -44.4   -17.0   107.2
 12234    -4.0  -158.2    30.4   -42.0   -17.5   102.7
 12238    -4.1  -162.6    30.1   -42.0   -17.3    96.2
 12242    -4.1  -166.9    29.8   -41.6   -17.3    89.6
 12246    -4.2  -171.4    29.5   -44.8   -16.6    84.2
 12250    -4.2  -176.3    29.1   -46.5   -16.2    77.3
 12254    -4.3  -180.0    28.8   -43.4   -16.6    69.9
 12258    -4.4   175.7    28.6   -44.2   -16.5    64.5
 12262    -4.4   171.1    28.4   -45.7   -16.2    57.8
 12266    -4.4   167.3    28.4   -42.3   -16.7    52.3
 12270    -4.5   162.3    27.6   -48.2   -15.7    43.5
 12273    -4.5   158.1    27.8   -45.6   -16.2    39.7
 12277    -4.6   154.0    27.4   -46.1   -16.1    32.6
 12281    -4.7   149.8    27.2   -44.5   -16.4    26.0
 12285    -4.6   145.5    27.1   -45.0   -16.3    20.7
 12289    -4.7   141.1    26.7   -46.5   -16.1    13.6
 12293    -4.8   137.4    26.9   -41.9   -16.9    10.2
 12297    -4.8   132.5    26.1   -47.1   -16.1     0.5
 12301    -4.9   128.3    25.9   -46.5   -16.3    -5.4
 12305    -4.9   124.0    25.6   -46.2   -16.4   -11.7
 12309    -5.0   120.2    25.4   -45.5   -16.6   -17.0
 12313    -5.0   115.9    25.4   -45.0   -16.7   -21.7
 12316    -5.0   111.4    24.9   -45.5   -16.8   -29.1
 12320    -5.1   106.8    24.6   -49.8   -16.4   -36.9
 12324    -5.1   102.8    24.4   -45.5   -17.0   -40.8
 12328    -5.2    99.3    24.3   -42.7   -17.4   -44.6
 12332    -5.2    94.5    23.9   -46.7   -17.0   -52.4
 12336    -5.2    90.4    23.7   -45.6   -17.3   -57.6
 12340    -5.3    85.8    23.3   -46.7   -17.3   -64.6
 12344    -5.4    81.7    23.0   -47.4   -17.4   -70.1
 12348    -5.4    77.4    22.5   -50.7   -17.1   -77.2
 12352    -5.4    73.6    22.6   -44.1   -17.8   -79.2
 12355    -5.4    69.1    22.4   -43.8   -17.9   -84.8
 12359    -5.6    64.8    21.6   -46.0   -18.1   -92.1
 12363    -5.5    60.6    21.6   -47.3   -17.9   -97.3
 12367    -5.6    56.6    21.6   -42.4   -18.3  -100.6
 12371    -5.7    52.5    20.9   -45.3   -18.4  -107.2
 12375    -5.7    48.4    21.0   -41.3   -18.6  -110.5
 12379    -5.7    44.4    20.6   -41.2   -18.8  -115.8
 12383    -5.7    39.6    20.2   -44.4   -18.7  -122.9
 12387    -5.8    35.6    19.6   -45.4   -18.7  -128.3
 12391    -5.8    31.4    19.8   -42.0   -18.9  -132.1
 12395    -5.9    27.4    19.0   -41.7   -19.2  -137.3
 12398    -5.9    23.3    19.1   -39.7   -19.2  -141.7
 12402    -5.9    19.3    19.2   -35.2   -19.5  -145.4
 12406    -6.0    14.7    18.2   -42.2   -19.3  -153.0
 12410    -6.0    10.8    18.1   -36.5   -19.7  -156.2
 12414    -6.1     6.3    17.5   -40.0   -19.5  -162.5
 12418    -6.1     2.6    17.8   -33.8   -19.9  -165.8
 12422    -6.1    -2.0    17.0   -36.0   -19.8  -171.7
 12426    -6.2    -5.7    17.1   -31.8   -20.1  -174.8
 12430    -6.2   -10.0    17.1   -29.8   -20.0  -179.7
 12434    -6.3   -14.1    16.7   -28.6   -20.2   175.6
 12438    -6.3   -18.3    16.2   -28.5   -20.3   170.4
 12441    -6.4   -22.5    15.3   -28.2   -20.4   165.3
 12445    -6.4   -27.1    14.5   -30.0   -20.3   159.5
 12449    -6.4   -31.0    14.6   -26.8   -20.5   155.4
 12453    -6.4   -34.8    14.9   -23.0   -20.5   151.4
 12457    -6.5   -38.9    14.6   -21.3   -20.7   146.5
 12461    -6.5   -43.3    14.4   -19.0   -20.6   141.8
 12465    -6.5   -47.3    13.3   -19.4   -20.6   137.0
 12469    -6.6   -51.4    13.1   -16.2   -20.8   132.4
 12473    -6.6   -55.5    13.1   -12.7   -20.9   127.7
 12477    -6.6   -60.0    13.0   -12.0   -20.9   121.8
 12480    -6.7   -63.8    13.3    -8.0   -21.0   118.8
 12484    -6.7   -68.3    12.4    -6.8   -21.0   112.4
 12488    -6.7   -72.1    12.9    -2.8   -21.1   109.6
 12492    -6.8   -76.0    13.3    -0.0   -21.2   104.7
 12496    -6.8   -79.8    14.5     2.0   -21.2   101.1
 12500    -6.8   -84.0    14.0     5.8   -21.4    96.2
 12504    -6.9   -89.0    10.9     8.0   -21.3    89.7
 12508    -6.9   -92.7    11.9    11.7   -21.3    85.9
 12512    -6.9   -96.8    12.1    13.1   -21.3    81.6
 12516    -6.9  -100.7    12.1    14.6   -21.3    76.5
 12520    -7.0  -104.5    12.7    17.6   -21.4    73.1
 12523    -7.0  -108.8    12.8    20.8   -21.4    68.2
 12527    -7.0  -113.1    12.2    23.1   -21.4    62.4
 12531    -7.1  -117.2    12.3    28.3   -21.5    58.5
 12535    -7.1  -121.1    12.3    28.4   -21.5    54.6
 12539    -7.1  -125.2    13.3    28.0   -21.6    48.6
 12543    -7.2  -129.7    12.3    30.8   -21.6    43.9
 12547    -7.2  -133.8    12.9    34.8   -21.5    39.5
 12551    -7.3  -137.7    13.0    36.4   -21.6    35.1
 12555    -7.3  -141.5    13.9    35.3   -21.8    30.7
 12559    -7.3  -145.8    13.4    41.1   -21.7    26.0
 12563    -7.3  -149.9    13.9    39.5   -21.6    20.6
 12566    -7.3  -154.0    14.1    41.1   -21.6    16.5
 12570    -7.4  -158.0    13.5    47.3   -21.7    12.5
 12574    -7.4  -162.1    14.4    44.4   -21.6     7.1
 12578    -7.5  -166.1    14.4    45.9   -21.6     2.0
 12582    -7.5  -170.3    14.2    46.8   -21.5    -2.3
 12586    -7.5  -174.7    14.5    48.2   -21.6    -7.6
 12590    -7.6  -178.4    15.0    50.3   -21.7   -12.3
 12594    -7.6   177.2    14.6    50.1   -21.5   -17.6
 12598    -7.6   173.6    15.4    47.9   -21.5   -21.3
 12602    -7.6   169.3    14.7    53.0   -21.5   -25.3
 12605    -7.6   165.1    15.3    53.0   -21.4   -31.8
 12609    -7.7   161.6    16.0    52.2   -21.5   -36.2
 12613    -7.7   157.2    15.9    51.5   -21.5   -41.9
 12617    -7.7   152.9    16.0    54.3   -21.3   -46.8
 12621    -7.8   149.4    16.2    53.1   -21.4   -50.7
 12625    -7.8   145.0    16.5    51.2   -21.3   -58.0
 12629    -7.8   141.1    16.3    55.1   -21.3   -60.9
 12633    -7.8   137.2    16.8    52.6   -21.3   -67.3
 12637    -7.9   132.9    16.5    56.7   -21.0   -70.8
 12641    -7.9   128.8    16.8    58.4   -21.1   -76.8
 12645    -7.9   125.0    16.9    55.9   -21.1   -81.1
 12648    -8.0   120.5    17.0    59.8   -20.8   -86.9
 12652    -8.0   116.8    17.3    54.4   -21.2   -93.7
 12656    -8.0   112.8    17.5    56.1   -20.9   -98.1
 12660    -8.0   108.6    17.2    59.9   -20.7  -102.6
 12664    -8.1   104.5    17.5    55.5   -21.2  -110.0
 12668    -8.1   100.8    17.9    55.3   -21.0  -114.9
 12672    -8.2    96.7    17.9    57.3   -21.1  -119.9
 12676    -8.2    92.6    18.0    58.0   -20.8  -126.1
 12680    -8.2    88.0    18.1    60.4   -20.5  -132.5
 12684    -8.2    84.6    18.1    57.7   -20.9  -137.4
 12688    -8.3    80.1    18.2    59.3   -20.7  -143.7
 12691    -8.3    76.6    18.3    57.4   -21.0  -149.9
 12695    -8.3    72.7    18.6    56.4   -21.1  -155.9
 12699    -8.3    68.1    18.6    58.5   -20.9  -162.2
 12703    -8.4    64.4    18.7    59.6   -21.0  -167.9
 12707    -8.4    60.4    18.9    59.4   -20.9  -174.8
 12711    -8.4    56.3    18.9    57.2   -21.4   179.0
 12715    -8.4    52.5    19.1    55.8   -21.7   172.3
 12719    -8.4    48.7    19.1    57.2   -21.8   167.2
 12723    -8.5    44.3    19.3    56.8   -22.0   159.9
 12727    -8.5    40.1    19.2    58.8   -21.9   154.5
 12730    -8.5    36.6    19.7    55.1   -23.0   148.2
 12734    -8.5    32.3    19.3    56.3   -22.8   142.9
 12738    -8.6    28.5    19.8    56.6   -23.2   136.2
 12742    -8.6    24.3    19.5    56.7   -23.3   131.3
 12746    -8.6    20.2    19.6    57.6   -23.6   126.1
 12750    -8.7    16.6    19.8    58.1   -24.1   119.8
 12754    -8.7    12.1    19.9    56.6   -24.2   115.1
 12758    -8.8     8.3    19.9    55.8   -24.6   110.0
 12762    -8.7     4.5    20.1    57.1   -25.0   107.0
 12766    -8.7     0.5    20.2    57.4   -25.5   102.5
 12770    -8.8    -3.4    20.2    56.3   -25.8    97.2
 12773    -8.8    -8.1    20.1    58.9   -25.7    93.1
 12777    -8.9   -11.5    20.4    55.2   -26.6    88.4
 12781    -8.9   -15.8    20.4    55.6   -26.5    86.2
 12785    -8.8   -19.5    20.4    55.9   -26.8    84.2
 12789    -8.9   -23.8    20.4    56.6   -26.9    79.3
 12793    -8.9   -27.7    20.6    56.6   -27.3    75.5
 12797    -9.0   -31.7    20.4    56.9   -27.8    72.8
 12801    -9.0   -35.3    20.8    53.7   -28.0    69.1
 12805    -9.0   -39.5    20.7    55.4   -28.2    67.3
 12809    -8.9   -43.5    20.7    53.8   -28.2    63.6
 12813    -9.0   -47.6    20.8    54.8   -28.2    61.7
 12816    -9.0   -51.6    20.9    53.9   -28.5    57.2
 12820    -9.0   -55.1    21.1    52.9   -28.7    55.8
 12824    -9.1   -59.1    21.2    53.0   -28.6    52.1
 12828    -9.1   -63.5    21.0    55.8   -28.4    48.7
 12832    -9.1   -67.2    21.2    55.2   -28.2    47.9
 12836    -9.2   -71.4    21.3    53.5   -28.1    42.2
 12840    -9.2   -75.4    21.2    55.4   -28.4    39.0
 12844    -9.2   -79.3    21.4    54.0   -28.2    36.3
 12848    -9.2   -83.0    21.4    51.6   -28.8    33.1
 12852    -9.2   -87.0    21.5    51.5   -28.4    29.1
 12855    -9.3   -91.2    21.5    51.9   -28.5    24.2
 12859    -9.3   -95.0    21.6    51.9   -28.6    22.9
 12863    -9.3   -99.1    21.5    52.9   -28.2    18.6
 12867    -9.3  -103.1    21.7    53.1   -28.2    16.0
 12871    -9.4  -107.0    21.6    51.9   -28.3    11.2
 12875    -9.4  -110.8    21.9    51.9   -28.0     7.7
 12879    -9.4  -114.7    21.9    51.1   -28.0     3.8
 12883    -9.4  -119.0    21.7    51.5   -27.9     0.2
 12887    -9.4  -123.0    22.0    50.9   -27.8    -4.9
 12891    -9.4  -127.4    21.7    52.3   -27.5    -8.6
 12895    -9.5  -130.5    22.1    50.5   -27.6   -13.7
 12898    -9.5  -135.1    22.1    50.3   -27.3   -19.9
 12902    -9.5  -138.6    22.0    49.7   -27.5   -22.7
 12906    -9.5  -142.8    22.1    49.7   -27.2   -26.2
 12910    -9.5  -146.3    22.3    48.9   -27.1   -29.6
 12914    -9.6  -150.1    22.3    49.4   -27.1   -34.0
 12918    -9.6  -154.5    22.1    48.8   -27.0   -39.4
 12922    -9.6  -158.5    22.3    49.6   -27.0   -42.2
 12926    -9.6  -162.4    22.2    47.5   -27.0   -47.0
 12930    -9.6  -166.2    22.3    49.3   -26.7   -50.4
 12934    -9.6  -169.7    22.5    47.9   -26.9   -56.2
 12938    -9.6  -174.0    22.5    47.2   -26.5   -61.3
 12941    -9.7  -178.1    22.5    47.7   -26.3   -65.5
 12945    -9.7   178.1    22.7    47.6   -26.1   -69.9
 12949    -9.7   174.3    22.7    47.3   -26.2   -75.4
 12953    -9.8   170.5    22.6    46.6   -26.3   -79.1
 12957    -9.8   166.4    22.6    46.3   -26.1   -85.4
 12961    -9.8   162.6    22.7    44.0   -26.3   -90.7
 12965    -9.9   158.4    22.6    45.4   -26.2   -95.9
 12969    -9.8   154.3    22.7    47.0   -25.6   -97.8
 12973    -9.8   150.6    22.8    45.1   -25.8  -103.2
 12977    -9.9   146.5    22.7    44.9   -25.9  -108.6
 12980    -9.9   142.6    22.8    44.9   -25.7  -113.4
 12984    -9.9   138.5    22.9    44.5   -25.6  -118.4
 12988    -9.9   134.9    22.9    42.9   -25.5  -123.9
 12992   -10.0   131.1    22.9    43.0   -25.6  -128.3
 12996    -9.9   127.1    22.9    43.5   -25.4  -131.9
 13000   -10.0   123.1    23.0    43.0   -25.3  -138.1
 13004    -9.9   119.3    23.0    43.0   -25.3  -141.7
 13008   -10.0   115.4    23.1    42.9   -25.2  -147.3
 13012   -10.0   111.5    22.9    41.2   -25.4  -152.9
 13016   -10.0   107.5    23.1    42.9   -24.9  -156.7
 13020   -10.0   103.6    23.3    40.5   -25.1  -163.8
 13023   -10.0    99.7    23.3    40.5   -25.2  -168.4
 13027   -10.1    95.9    23.3    41.2   -24.9  -173.4
 13031   -10.1    91.9    23.4    41.2   -24.7  -178.6
 13035   -10.1    88.1    23.2    39.7   -25.0   176.8
 13039   -10.1    84.3    23.5    39.9   -24.7   171.9
 13043   -10.1    80.4    23.3    40.7   -24.7   167.4
 13047   -10.1    76.5    23.4    40.3   -24.6   162.7
 13051   -10.2    72.5    23.5    38.5   -24.8   155.9
 13055   -10.2    68.5    23.4    39.0   -24.5   151.1
 13059   -10.1    64.6    23.6    39.2   -24.4   146.1
 13063   -10.2    60.8    23.5    38.7   -24.5   141.2
 13066   -10.2    56.9    23.6    38.1   -24.5   135.5
 13070   -10.2    53.1    23.6    38.4   -24.5   131.2
 13074   -10.2    49.2    23.6    38.3   -24.4   126.7
 13078   -10.3    45.1    23.7    38.2   -24.2   120.9
 13082   -10.2    41.3    23.7    37.0   -24.6   114.7
 13086   -10.3    36.9    23.7    37.4   -24.3   110.7
 13090   -10.3    33.3    23.7    37.1   -24.2   105.5
 13094   -10.3    29.7    23.8    36.5   -24.4    99.6
 13098   -10.3    25.5    23.9    36.7   -24.0    94.9
 13102   -10.2    22.0    23.6    35.4   -24.4    90.8
 13105   -10.4    18.1    23.8    36.5   -24.2    85.1
 13109   -10.3    13.9    23.9    34.0   -24.3    78.7
 13113   -10.3    10.1    24.0    34.9   -24.2    74.8
 13117   -10.3     6.6    23.8    34.3   -24.4    69.1
 13121   -10.3     2.3    24.1    34.6   -24.2    63.6
 13125   -10.4    -1.5    23.9    33.0   -24.4    58.8
 13129   -10.4    -5.3    24.1    32.9   -24.4    52.9
 13133   -10.4    -9.2    24.0    33.3   -24.3    49.1
 13137   -10.4   -12.9    24.1    33.5   -24.4    44.5
 13141   -10.4   -16.6    24.0    33.4   -24.4    39.1
 13145   -10.4   -20.6    24.2    33.8   -24.2    33.1
 13148   -10.4   -24.6    24.2    32.3   -24.5    27.8
 13152   -10.4   -28.0    24.2    31.7   -24.5    21.9
 13156   -10.4   -32.2    24.1    31.2   -24.6    17.6
 13160   -10.4   -36.3    24.3    31.2   -24.5    12.0
 13164   -10.4   -39.6    24.3    30.7   -24.6     8.0
 13168   -10.4   -43.7    24.4    30.5   -24.5     2.2
 13172   -10.5   -47.6    24.3    30.6   -24.5    -2.5
 13176   -10.5   -51.9    24.2    30.4   -24.5    -7.4
 13180   -10.5   -55.5    24.3    29.4   -24.6   -13.2
 13184   -10.5   -59.5    24.4    28.9   -24.6   -17.9
 13188   -10.5   -63.2    24.5    28.4   -24.6   -24.4
 13191   -10.5   -66.9    24.5    28.3   -24.7   -29.2
 13195   -10.5   -70.7    24.5    27.9   -24.7   -34.2
 13199   -10.5   -74.7    24.5    27.3   -24.7   -38.8
 13203   -10.5   -78.4    24.5    27.5   -24.7   -43.2
 13207   -10.5   -81.9    24.6    26.9   -24.7   -48.4
 13211   -10.5   -86.3    24.5    27.2   -24.8   -52.5
 13215   -10.5   -90.1    24.6    26.7   -24.8   -58.1
 13219   -10.5   -93.9    24.5    25.8   -24.9   -63.0
 13223   -10.5   -97.7    24.7    24.8   -25.0   -69.8
 13227   -10.5  -101.6    24.7    25.7   -24.9   -73.1
 13230   -10.5  -105.1    24.7    24.6   -25.0   -79.2
 13234   -10.5  -109.1    24.6    25.1   -24.9   -83.7
 13238   -10.6  -113.1    24.6    24.5   -25.0   -88.8
 13242   -10.5  -117.0    24.6    23.7   -25.1   -93.9
 13246   -10.5  -120.5    24.7    23.1   -25.2   -99.3
 13250   -10.5  -124.5    24.6    23.9   -25.3  -104.1
 13254   -10.5  -128.3    24.8    23.0   -25.1  -108.7
 13258   -10.5  -131.9    24.8    23.5   -25.2  -113.5
 13262   -10.5  -135.9    24.8    22.5   -25.1  -118.7
 13266   -10.5  -139.9    24.8    22.6   -25.2  -122.6
 13270   -10.5  -143.5    24.9    21.8   -25.3  -128.5
 13273   -10.5  -147.2    24.8    21.3   -25.2  -134.9
 13277   -10.5  -151.3    25.0    21.3   -25.3  -138.6
 13281   -10.5  -155.0    24.9    21.1   -25.3  -143.1
 13285   -10.5  -158.9    25.0    20.1   -25.4  -148.5
 13289   -10.5  -162.7    24.9    19.3   -25.4  -153.0
 13293   -10.5  -166.4    24.9    19.3   -25.4  -158.5
 13297   -10.5  -170.1    25.0    19.6   -25.3  -163.3
 13301   -10.5  -174.0    25.0    18.8   -25.4  -168.9
 13305   -10.5  -177.8    25.0    17.8   -25.4  -173.7
 13309   -10.4   178.2    25.0    18.9   -25.5  -179.0
 13313   -10.4   174.4    24.9    18.1   -25.5   177.7
 13316   -10.4   171.1    25.2    18.7   -25.4   172.3
 13320   -10.5   167.1    25.0    17.5   -25.6   166.6
 13324   -10.4   163.5    24.9    15.6   -25.6   160.3
 13328   -10.4   159.6    25.0    17.4   -25.5   157.5
 13332   -10.3   155.7    25.2    15.7   -25.6   151.9
 13336   -10.4   152.3    25.1    16.3   -25.5   146.5
 13340   -10.4   148.2    25.1    16.3   -25.5   141.9
 13344   -10.3   144.6    25.1    15.2   -25.5   136.6
 13348   -10.3   141.1    25.3    15.3   -25.5   131.0
 13352   -10.4   137.2    25.2    14.2   -25.4   125.7
 13355   -10.3   133.3    25.3    15.0   -25.5   122.1
 13359   -10.3   129.4    25.2    14.4   -25.5   116.6
 13363   -10.3   125.7    25.3    13.9   -25.5   111.7
 13367   -10.2   121.9    25.3    13.0   -25.6   105.9
 13371   -10.3   117.8    25.3    12.5   -25.5   101.3
 13375   -10.3   114.2    25.1    12.8   -25.5    96.1
 13379   -10.2   110.4    25.5    12.6   -25.4    90.9
 13383   -10.2   106.9    25.4    12.1   -25.4    85.9
 13387   -10.2   103.2    25.2    12.2   -25.4    79.7
 13391   -10.2    99.5    25.3    11.5   -25.3    74.6
 13395   -10.2    95.9    25.3    10.5   -25.3    69.2
 13398   -10.1    92.0    25.5    11.0   -25.4    64.9
 13402   -10.1    88.4    25.2    10.4   -25.4    59.9
 13406   -10.1    84.5    25.2     9.3   -25.3    53.8
 13410   -10.1    81.3    25.3     9.8   -25.3    48.3
 13414   -10.0    77.2    25.1     9.3   -25.3    43.9
 13418   -10.0    73.7    25.1     8.7   -25.4    38.2
 13422   -10.0    69.7    25.3     9.5   -25.3    33.9
 13426   -10.0    66.0    25.2     8.6   -25.2    28.4
 13430    -9.9    62.6    25.2     9.3   -25.2    23.8
 13434    -9.8    58.6    25.3     8.0   -25.2    17.1
 13438    -9.8    55.0    24.9     8.0   -25.0    11.8
 13441    -9.9    51.3    25.1     8.8   -25.0     7.4
 13445    -9.7    47.5    25.1     6.6   -25.2     1.9
 13449    -9.7    43.6    25.0     6.5   -24.9    -4.4
 13453    -9.7    40.4    25.2     8.1   -24.9    -8.5
 13457    -9.7    36.4    25.1     6.6   -24.8   -15.5
 13461    -9.6    32.3    25.1     6.1   -24.9   -20.3
 13465    -9.5    28.9    25.0     6.0   -24.7   -25.7
 13469    -9.4    25.1    25.1     6.8   -24.7   -31.2
 13473    -9.4    21.4    24.9     5.6   -24.7   -37.1
 13477    -9.4    17.6    24.9     5.0   -24.6   -43.3
 13480    -9.4    14.0    24.7     5.4   -24.5   -47.0
 13484    -9.3    10.7    24.7     4.5   -24.4   -53.6
 13488    -9.2     6.9    24.7     5.2   -24.2   -60.1
 13492    -9.2     3.3    24.6     4.9   -24.3   -64.4
 13496    -9.1    -0.7    24.7     5.1   -24.0   -71.3
 13500    -9.1    -4.5    24.6     4.9   -24.0   -75.6
 13504    -9.0    -7.9    24.5     4.8   -23.9   -81.5
 13508    -8.9   -12.1    24.4     4.2   -23.9   -88.7
 13512    -8.9   -15.8    24.7     6.1   -24.1   -90.5
 13516    -8.8   -19.0    24.4     5.0   -23.6   -98.6
 13520    -8.7   -23.2    24.2     5.3   -23.8  -103.9
 13523    -8.7   -26.5    24.0     4.4   -23.5  -110.2
 13527    -8.7   -29.9    23.7     5.2   -23.3  -116.2
 13531    -8.6   -33.7    23.8     5.3   -23.3  -121.4
 13535    -8.5   -37.6    23.6     5.3   -23.1  -127.4
 13539    -8.4   -41.5    23.8     5.5   -23.1  -133.9
 13543    -8.3   -45.2    23.6     5.6   -23.0  -138.7
 13547    -8.3   -49.1    23.5     6.3   -22.8  -144.6
 13551    -8.2   -52.2    23.0     6.1   -22.6  -151.0
 13555    -8.1   -56.5    23.3     7.7   -22.5  -156.7
 13559    -8.1   -60.0    23.0     8.2   -22.4  -162.0
 13563    -8.0   -63.9    22.9     9.0   -22.4  -167.5
 13566    -7.8   -67.3    22.7     9.1   -22.0  -174.6
 13570    -7.7   -71.6    22.7    10.4   -22.0   179.8
 13574    -7.7   -75.0    22.1    10.7   -21.6   173.5
 13578    -7.5   -79.1    22.4    12.3   -21.7   167.4
 13582    -7.4   -82.5    21.9    14.2   -21.3   161.2
 13586    -7.3   -86.5    22.1    15.4   -21.4   156.2
 13590    -7.2   -90.4    21.8    16.7   -21.2   150.3
 13594    -7.1   -93.8    21.6    19.4   -20.9   144.7
 13598    -7.1   -97.5    21.5    21.7   -20.8   139.7
 13602    -6.9  -101.8    21.5    22.3   -20.7   133.5
 13605    -6.9  -105.3    21.4    25.8   -20.5   127.9
 13609    -6.7  -109.6    21.5    28.6   -20.3   121.0
 13613    -6.6  -113.6    21.4    30.5   -20.2   115.0
 13617    -6.5  -117.2    21.3    33.6   -19.9   109.7
 13621    -6.4  -121.3    21.4    36.6   -19.7   102.4
 13625    -6.2  -125.4    21.7    39.2   -19.6    95.8
 13629    -6.2  -128.9    21.1    44.4   -19.1    90.6
 13633    -6.0  -133.4    21.5    46.3   -19.0    84.0
 13637    -5.9  -137.1    21.6    50.4   -18.6    77.6
 13641    -5.8  -140.9    21.8    54.1   -18.3    72.6
 13645    -5.7  -144.9    22.0    58.1   -18.0    66.4
 13648    -5.5  -148.8    22.0    62.3   -17.7    60.5
 13652    -5.4  -152.6    22.7    64.7   -17.4    54.9
 13656    -5.2  -156.9    23.1    67.2   -17.0    48.4
 13660    -5.1  -161.2    23.6    69.6   -16.6    41.7
 13664    -5.0  -165.0    24.1    71.5   -16.4    36.5
 13668    -4.9  -169.0    24.4    76.2   -15.8    30.7
 13672    -4.7  -173.4    25.0    76.3   -15.5    24.0
 13676    -4.6  -177.4    25.5    78.6   -14.9    18.0
 13680    -4.4   178.2    25.9    80.2   -14.5    12.1
 13684    -4.3   174.0    26.5    79.7   -14.0     4.4
 13688    -4.2   169.9    27.0    81.4   -13.5    -1.3
 13691    -4.0   165.3    27.6    82.5   -12.8    -8.5
 13695    -3.9   161.3    28.0    83.3   -12.1   -14.4
 13699    -3.8   157.0    28.5    84.8   -11.3   -20.5
 13703    -3.6   152.9    29.1    86.5    -9.9   -26.8
 13707    -3.5   148.2    29.4    85.8    -9.4   -34.9
 13711    -3.3   143.8    30.1    85.2    -8.2   -45.8
 13715    -3.2   139.7    30.4    85.2    -7.2   -54.1
 13719    -3.1   135.0    30.8    87.9    -5.4   -56.8
 13723    -3.0   130.7    31.4    84.5    -4.7   -80.7
 13727    -2.8   126.0    31.9    85.3    -2.6   -95.1
 13730    -2.7   121.9    32.3    85.8    -0.6  -115.3
 13734    -2.5   117.2    32.7    84.5    -1.1  -140.9
 13738    -2.4   112.3    33.2    83.7    -1.9  -167.0
 13742    -2.3   107.9    33.6    83.4    -2.9   174.6
 13746    -2.1   103.3    34.0    83.0    -4.6   155.6
 13750    -2.0    98.6    34.4    82.9    -5.6   143.2
 13754    -1.9    93.6    34.8    80.9    -7.6   135.8
 13758    -1.8    89.1    35.1    80.8    -8.4   125.6
 13762    -1.7    84.1    35.5    79.6    -9.7   117.7
 13766    -1.5    79.3    35.9    79.9   -10.2   108.7
 13770    -1.5    74.5    36.3    79.0   -11.3   101.5
 13773    -1.3    69.6    36.6    77.5   -12.1    96.3
 13777    -1.2    64.8    37.0    76.0   -13.0    90.8
 13781    -1.1    59.8    37.3    76.0   -13.4    83.3
 13785    -1.1    54.7    37.5    74.5   -13.9    79.2
 13789    -1.0    49.9    37.9    73.8   -14.4    73.3
 13793    -0.9    44.5    38.0    71.8   -14.8    69.7
 13797    -0.8    39.7    38.4    70.9   -15.4    63.8
 13801    -0.8    34.7    38.7    70.2   -15.7    58.3
 13805    -0.7    29.6    38.9    68.5   -16.0    54.2
 13809    -0.7    24.2    39.1    66.8   -16.4    49.5
 13813    -0.6    19.2    39.4    65.5   -16.7    44.8
 13816    -0.6    14.0    39.6    65.0   -16.9    39.8
 13820    -0.5     8.8    39.8    63.5   -17.0    35.7
 13824    -0.5     3.6    40.0    62.2   -17.3    30.6
 13828    -0.5    -1.7    40.1    60.5   -17.5    27.0
 13832    -0.5    -6.7    40.3    59.4   -17.6    22.5
 13836    -0.5   -12.0    40.5    57.7   -17.9    17.7
 13840    -0.5   -17.3    40.6    56.2   -18.0    13.8
 13844    -0.5   -22.3    40.7    54.6   -18.2     9.5
 13848    -0.6   -28.0    40.8    53.2   -18.2     5.7
 13852    -0.6   -33.1    40.8    51.8   -18.4     1.4
 13855    -0.7   -38.2    40.9    50.5   -18.4    -2.4
 13859    -0.7   -43.5    41.0    48.6   -18.7    -7.2
 13863    -0.7   -48.7    41.1    47.4   -18.7   -11.7
 13867    -0.8   -53.8    41.1    45.9   -18.8   -15.1
 13871    -0.9   -58.9    41.2    44.1   -19.0   -19.7
 13875    -1.0   -64.2    41.1    42.4   -19.0   -23.0
 13879    -1.1   -69.3    41.2    41.1   -19.2   -28.1
 13883    -1.1   -74.5    41.1    39.8   -19.2   -31.3
 13887    -1.2   -79.5    41.2    38.0   -19.3   -36.1
 13891    -1.3   -84.6    41.2    36.4   -19.4   -40.0
 13895    -1.4   -89.5    41.2    34.7   -19.6   -43.8
 13898    -1.5   -94.6    41.1    33.3   -19.6   -48.0
 13902    -1.6   -99.6    41.1    31.8   -19.7   -51.8
 13906    -1.7  -104.5    41.1    30.2   -19.8   -55.9
 13910    -1.9  -109.3    41.0    28.7   -19.9   -60.3
 13914    -2.0  -114.2    40.9    27.5   -20.0   -64.0
 13918    -2.1  -119.3    40.9    26.2   -20.1   -68.4
 13922    -2.3  -123.9    40.8    24.6   -20.2   -72.6
 13926    -2.4  -128.5    40.8    23.2   -20.2   -76.1
 13930    -2.5  -133.2    40.7    21.8   -20.4   -80.4
 13934    -2.7  -138.0    40.6    20.2   -20.5   -84.7
 13938    -2.8  -142.8    40.5    18.8   -20.5   -88.6
 13941    -2.9  -147.1    40.5    17.9   -20.6   -93.3
 13945    -3.1  -151.7    40.4    16.8   -20.7   -97.3
 13949    -3.2  -156.4    40.3    15.1   -20.8  -101.5
 13953    -3.4  -160.9    40.2    13.6   -20.8  -105.2
 13957    -3.5  -165.1    40.1    13.3   -20.9  -109.1
 13961    -3.7  -169.9    40.0    11.3   -21.0  -114.1
 13965    -3.8  -174.1    39.9    10.0   -21.1  -118.0
 13969    -3.9  -178.3    39.9     9.1   -21.2  -122.6
 13973    -4.0   177.1    39.8     7.9   -21.3  -127.3
 13977    -4.2   173.1    39.8     6.6   -21.4  -131.0
 13980    -4.4   168.8    39.6     5.3   -21.4  -135.5
 13984    -4.5   164.3    39.5     3.5   -21.5  -139.8
 13988    -4.6   160.1    39.4     3.1   -21.5  -143.8
 13992    -4.8   156.1    39.3     1.7   -21.7  -148.8
 13996    -4.9   151.9    39.2     0.7   -21.7  -153.4
 14000    -5.0   147.9    39.1     0.3   -21.8  -158.2
 14004    -5.2   143.7    38.9    -1.4   -21.8  -162.1
 14008    -5.3   139.8    38.9    -2.5   -21.9  -166.6
 14012    -5.5   135.7    38.8    -3.3   -22.0  -170.9
 14016    -5.6   131.4    38.8    -4.5   -22.1  -175.8
 14020    -5.7   127.9    38.6    -5.2   -22.1   179.8
 14023    -5.8   123.8    38.5    -6.9   -22.2   174.3
 14027    -6.0   119.9    38.4    -7.2   -22.2   170.5
 14031    -6.1   116.3    38.3    -8.0   -22.3   165.2
 14035    -6.2   112.1    38.3    -9.1   -22.4   160.8
 14039    -6.3   108.5    38.1   -10.2   -22.4   155.7
 14043    -6.4   104.6    38.1   -11.0   -22.6   151.1
 14047    -6.5   100.6    38.0   -11.8   -22.6   146.2
 14051    -6.7    97.2    37.8   -12.6   -22.6   141.3
 14055    -6.7    93.2    37.7   -13.3   -22.6   137.4
 14059    -6.9    89.6    37.6   -14.9   -22.7   131.8
 14063    -6.9    86.1    37.5   -14.7   -22.7   127.5
 14066    -7.1    82.4    37.4   -16.0   -22.9   122.2
 14070    -7.1    78.6    37.3   -17.0   -22.9   117.1
 14074    -7.3    74.7    37.3   -18.1   -23.0   111.4
 14078    -7.3    71.2    37.1   -18.2   -23.0   107.3
 14082    -7.4    67.8    37.0   -19.0   -23.1   101.8
 14086    -7.5    63.8    36.9   -20.4   -23.1    96.9
 14090    -7.5    60.4    36.9   -20.4   -23.2    91.7
 14094    -7.6    56.8    36.7   -21.5   -23.3    86.1
 14098    -7.7    53.1    36.6   -22.7   -23.2    80.6
 14102    -7.8    49.4    36.6   -22.7   -23.3    76.7
 14105    -7.8    45.8    36.5   -23.1   -23.3    71.2
 14109    -7.9    42.5    36.3   -24.7   -23.4    65.5
 14113    -7.9    38.8    36.3   -24.9   -23.4    60.7
 14117    -7.9    34.9    36.2   -25.5   -23.4    55.6
 14121    -8.0    32.0    36.0   -26.0   -23.5    50.3
 14125    -8.0    27.9    36.0   -26.6   -23.7    44.9
 14129    -8.0    24.4    36.0   -27.5   -23.6    39.6
 14133    -8.1    21.0    35.7   -28.4   -23.5    33.3
 14137    -8.2    17.1    35.8   -28.5   -23.7    29.4
 14141    -8.1    13.9    35.6   -28.7   -23.7    23.5
 14145    -8.2    10.3    35.5   -30.2   -23.7    17.8
 14148    -8.3     6.6    35.5   -31.7   -23.6    11.0
 14152    -8.2     3.0    35.4   -31.4   -23.8     6.9
 14156    -8.3    -0.4    35.3   -32.3   -23.7     0.7
 14160    -8.2    -4.2    35.2   -31.8   -23.9    -4.2
 14164    -8.3    -7.6    35.1   -32.8   -23.9   -10.3
 14168    -8.3   -10.9    35.0   -33.4   -23.8   -15.9
 14172    -8.3   -14.3    34.8   -35.0   -23.7   -22.7
 14176    -8.3   -18.4    34.8   -34.8   -23.8   -27.0
 14180    -8.3   -21.6    34.7   -35.7   -23.8   -33.0
 14184    -8.4   -25.2    34.5   -36.7   -23.8   -39.5
 14188    -8.3   -29.2    34.5   -36.2   -23.9   -44.3
 14191    -8.3   -32.6    34.3   -37.1   -23.9   -50.5
 14195    -8.2   -36.5    34.4   -37.3   -23.9   -55.9
 14199    -8.2   -40.0    34.3   -38.4   -23.8   -62.8
 14203    -8.2   -43.7    34.2   -38.5   -23.9   -67.7
 14207    -8.2   -47.3    34.0   -39.1   -23.9   -74.2
 14211    -8.2   -51.0    33.9   -40.0   -23.8   -81.3
 14215    -8.2   -54.7    33.9   -40.3   -23.7   -86.9
 14219    -8.2   -58.2    33.7   -41.0   -23.7   -93.1
 14223    -8.2   -61.8    33.6   -41.8   -23.7   -99.0
 14227    -8.1   -65.8    33.6   -41.7   -23.7  -104.6
 14230    -8.1   -69.4    33.5   -42.1   -23.8  -109.7
 14234    -8.0   -73.5    33.4   -42.1   -23.7  -116.4
 14238    -8.0   -77.1    33.3   -42.4   -23.7  -123.2
 14242    -8.0   -80.9    33.2   -44.1   -23.6  -129.6
 14246    -8.0   -84.6    33.2   -44.7   -23.4  -135.8
 14250    -7.9   -88.4    33.0   -45.0   -23.5  -142.6
 14254    -7.9   -92.3    33.0   -44.7   -23.6  -148.4
 14258    -7.8   -96.0    32.8   -44.5   -23.7  -153.8
 14262    -7.8   -99.7    32.8   -45.9   -23.5  -161.1
 14266    -7.7  -103.6    32.6   -46.0   -23.5  -167.6
 14270    -7.7  -107.6    32.6   -46.4   -23.4  -174.0
 14273    -7.7  -111.2    32.5   -47.8   -23.2   179.1
 14277    -7.6  -114.9    32.4   -47.9   -23.1   172.1
 14281    -7.5  -118.7    32.2   -48.1   -23.2   166.0
 14285    -7.6  -122.7    32.2   -49.3   -23.0   158.9
 14289    -7.4  -126.8    32.1   -48.2   -23.2   153.4
 14293    -7.4  -130.9    32.0   -48.7   -23.3   147.0
 14297    -7.4  -134.3    31.8   -49.8   -23.1   139.3
 14301    -7.3  -138.4    31.8   -50.8   -22.8   133.0
 14305    -7.3  -142.2    31.8   -50.9   -22.7   127.1
 14309    -7.2  -146.3    31.6   -50.6   -22.9   120.3
 14313    -7.2  -150.2    31.5   -51.4   -22.9   113.4
 14316    -7.1  -154.1    31.3   -51.5   -22.8   106.3
 14320    -7.0  -158.3    31.4   -52.0   -22.7   100.3
 14324    -7.0  -162.3    31.1   -51.7   -22.9    93.4
 14328    -6.9  -166.1    31.1   -53.3   -22.5    86.3
 14332    -6.9  -170.4    31.1   -53.0   -22.6    80.5
 14336    -6.8  -174.1    30.9   -52.7   -22.7    74.5
 14340    -6.7  -178.0    30.7   -53.9   -22.5    66.2
 14344    -6.7   177.8    30.7   -54.0   -22.5    60.5
 14348    -6.6   173.9    30.5   -54.0   -22.5    54.0
 14352    -6.6   169.8    30.4   -55.7   -22.2    46.7
 14355    -6.5   165.4    30.3   -55.0   -22.3    40.2
 14359    -6.4   161.6    30.1   -55.2   -22.3    33.8
 14363    -6.3   157.4    30.1   -55.6   -22.1    27.6
 14367    -6.3   153.3    30.0   -55.8   -22.2    21.5
 14371    -6.2   149.2    29.9   -56.1   -22.0    15.1
 14375    -6.2   144.9    29.8   -56.1   -22.1     8.5
 14379    -6.1   140.9    29.6   -55.0   -22.3     3.1
 14383    -6.0   137.1    29.3   -57.2   -21.8    -4.8
 14387    -5.9   133.2    29.1   -57.4   -21.8   -11.3
 14391    -5.9   128.6    29.2   -58.6   -21.6   -18.2
 14395    -5.8   124.7    28.9   -58.3   -21.5   -23.9
 14398    -5.8   120.4    28.8   -58.0   -21.6   -29.9
 14402    -5.6   116.3    28.7   -57.4   -21.6   -36.5
 14406    -5.5   112.1    28.5   -57.6   -21.4   -41.7
 14410    -5.5   107.7    28.4   -57.8   -21.3   -47.9
 14414    -5.4   103.6    28.2   -58.7   -21.2   -55.3
 14418    -5.3    99.1    28.2   -57.5   -21.2   -60.7
 14422    -5.3    94.9    28.0   -57.3   -21.1   -66.7
 14426    -5.2    90.7    27.8   -56.4   -21.1   -73.0
 14430    -5.1    86.8    27.3   -58.5   -20.8   -79.3
 14434    -5.0    82.5    27.2   -57.8   -20.7   -84.9
 14438    -4.9    78.0    27.1   -56.3   -20.7   -91.0
 14441    -4.8    73.8    26.8   -57.6   -20.4   -97.3
 14445    -4.7    69.3    26.7   -54.3   -20.6  -103.9
 14449    -4.6    65.0    26.3   -54.4   -20.4  -110.1
 14453    -4.6    60.9    26.2   -52.9   -20.2  -115.5
 14457    -4.5    56.5    25.9   -53.8   -19.9  -121.0
 14461    -4.4    51.8    25.8   -51.3   -19.9  -128.3
 14465    -4.3    47.8    25.3   -51.7   -19.5  -133.5
 14469    -4.2    43.4    24.9   -50.0   -19.4  -139.7
 14473    -4.1    38.8    25.0   -47.0   -19.3  -146.2
 14477    -3.9    34.4    24.5   -46.0   -18.9  -152.9
 14480    -3.8    29.9    24.1   -44.2   -18.7  -158.8
 14484    -3.8    25.5    24.1   -40.6   -18.6  -165.8
 14488    -3.6    20.6    24.3   -34.6   -18.6  -174.2
 14492    -3.5    16.3    24.0   -32.4   -18.3   179.8
 14496    -3.4    12.0    23.6   -27.1   -18.0   172.3
 14500    -3.3     7.3    23.4   -24.7   -17.7   166.0
 14504    -3.2     2.6    23.8   -19.0   -17.5   157.7
 14508    -3.1    -2.1    23.7   -16.5   -17.3   150.9
 14512    -2.9    -6.5    23.9    -9.7   -17.1   142.5
 14516    -2.8   -11.3    24.4    -6.3   -17.1   135.2
 14520    -2.7   -16.1    24.6    -0.7   -16.8   126.3
 14523    -2.6   -20.9    25.6     2.2   -16.9   118.0
 14527    -2.4   -25.6    25.8     6.8   -16.7   109.8
 14531    -2.3   -30.4    26.6     8.8   -16.8   102.5
 14535    -2.2   -35.2    27.0    12.9   -16.5    94.0
 14539    -2.0   -39.8    27.6    15.9   -16.5    85.2
 14543    -1.9   -44.8    28.4    17.4   -16.6    76.6
 14547    -1.7   -50.2    29.6    18.1   -17.1    66.3
 14551    -1.6   -54.8    30.0    22.1   -16.7    57.6
 14555    -1.4   -59.8    30.8    23.0   -17.0    48.0
 14559    -1.3   -65.2    31.8    22.1   -17.6    39.3
 14563    -1.1   -70.3    32.5    22.5   -17.9    30.9
 14566    -1.0   -75.2    33.0    25.0   -17.8    22.4
 14570    -0.8   -80.3    33.8    25.2   -18.3    13.9
 14574    -0.6   -85.7    34.6    24.4   -18.8     5.8
 14578    -0.4   -91.2    35.4    24.2   -19.1    -2.3
 14582    -0.3   -96.4    36.1    23.6   -19.5   -10.0
 14586    -0.1  -102.1    36.8    23.1   -19.9   -17.8
 14590     0.1  -107.2    37.6    24.4   -20.1   -26.0
 14594     0.2  -112.9    38.3    22.5   -20.7   -31.3
 14598     0.4  -118.7    38.9    20.8   -21.0   -38.1
 14602     0.6  -124.3    39.7    20.9   -21.3   -44.3
 14605     0.8  -129.7    40.3    20.8   -21.5   -51.8
 14609     0.9  -135.6    41.0    18.7   -21.9   -57.7
 14613     1.2  -141.2    41.6    18.7   -22.0   -63.0
 14617     1.4  -147.2    42.4    17.9   -22.2   -69.9
 14621     1.5  -152.9    42.9    16.9   -22.3   -75.1
 14625     1.7  -159.0    43.5    15.3   -22.4   -80.6
 14629     1.9  -164.9    44.1    14.1   -22.6   -85.8
 14633     2.1  -170.8    44.7    13.1   -22.8   -91.2
 14637     2.2  -176.9    45.2    12.1   -22.7   -96.1
 14641     2.4   177.1    45.9    11.0   -22.7  -101.6
 14645     2.6   171.3    46.3     9.8   -22.7  -105.9
 14648     2.8   165.1    46.9     9.5   -22.6  -110.5
 14652     3.0   158.9    47.5     7.7   -22.8  -116.1
 14656     3.1   152.6    48.0     6.4   -22.6  -119.9
 14660     3.2   146.6    48.4     5.1   -22.5  -124.0
 14664     3.4   140.1    48.9     3.7   -22.5  -129.4
 14668     3.6   133.9    49.4     2.9   -22.3  -133.4
 14672     3.7   127.8    49.8     1.4   -22.3  -138.4
 14676     3.8   121.7    50.2     0.4   -22.2  -142.1
 14680     4.0   115.6    50.6    -0.9   -22.1  -146.7
 14684     4.1   109.3    51.0    -1.7   -21.9  -150.7
 14688     4.2   103.2    51.3    -3.1   -21.8  -155.2
 14691     4.3    97.3    51.6    -4.1   -21.6  -159.5
 14695     4.4    90.8    52.0    -5.8   -21.5  -163.6
 14699     4.5    85.0    52.3    -6.1   -21.3  -167.1
 14703     4.6    78.6    52.6    -7.8   -21.2  -171.4
 14707     4.6    72.6    52.8    -8.8   -21.0  -176.1
 14711     4.7    66.4    53.1   -10.6   -20.9   179.3
 14715     4.7    60.7    53.3   -11.2   -20.6   175.7
 14719     4.7    54.4    53.6   -12.5   -20.5   171.7
 14723     4.8    48.5    53.8   -13.6   -20.3   167.6
 14727     4.8    42.5    53.9   -14.9   -20.2   162.6
 14730     4.8    36.4    54.2   -16.0   -20.1   158.9
 14734     4.8    30.7    54.3   -16.7   -19.8   154.8
 14738     4.8    24.7    54.4   -17.9   -19.6   150.5
 14742     4.8    19.0    54.6   -19.0   -19.5   146.0
 14746     4.7    12.9    54.7   -20.6   -19.3   141.2
 14750     4.7     7.4    54.8   -21.1   -19.2   137.4
 14754     4.7     1.4    54.9   -22.4   -19.1   133.1
 14758     4.6    -4.3    55.0   -23.1   -18.9   128.8
 14762     4.6   -10.0    55.1   -24.5   -18.8   124.8
 14766     4.6   -15.7    55.2   -25.3   -18.7   120.2
 14770     4.5   -21.4    55.3   -26.3   -18.6   115.6
 14773     4.4   -27.0    55.3   -27.0   -18.4   111.9
 14777     4.3   -32.5    55.4   -28.1   -18.2   107.9
 14781     4.3   -38.4    55.5   -29.3   -18.2   103.4
 14785     4.2   -43.8    55.5   -29.9   -18.0    99.0
 14789     4.2   -49.4    55.6   -30.9   -17.9    95.0
 14793     4.0   -54.9    55.6   -31.8   -17.8    90.9
 14797     4.0   -60.5    55.6   -32.9   -17.7    86.6
 14801     3.9   -65.8    55.7   -33.3   -17.6    82.5
 14805     3.8   -71.2    55.7   -34.3   -17.5    77.7
 14809     3.7   -76.7    55.7   -35.2   -17.3    74.3
 14813     3.6   -82.1    55.7   -35.9   -17.3    69.7
 14816     3.5   -87.5    55.8   -36.7   -17.2    65.4
 14820     3.4   -93.0    55.7   -37.8   -17.0    61.3
 14824     3.3   -98.1    55.8   -38.2   -16.9    57.3
 14828     3.2  -103.5    55.8   -39.2   -16.8    52.8
 14832     3.1  -108.8    55.8   -39.8   -16.7    48.9
 14836     2.9  -113.7    55.7   -40.4   -16.6    44.0
 14840     2.8  -119.2    55.7   -41.4   -16.4    40.4
 14844     2.7  -124.2    55.8   -42.0   -16.5    35.8
 14848     2.6  -129.3    55.8   -42.5   -16.3    31.6
 14852     2.4  -134.1    55.7   -43.0   -16.1    26.9
 14855     2.3  -139.4    55.7   -44.1   -16.0    22.9
 14859     2.2  -144.3    55.7   -44.4   -15.9    18.6
 14863     2.0  -149.2    55.7   -45.1   -15.9    14.3
 14867     1.9  -154.1    55.6   -45.5   -15.7     9.7
 14871     1.7  -158.9    55.6   -46.4   -15.6     4.5
 14875     1.5  -163.2    55.5   -46.6   -15.4     0.4
 14879     1.4  -168.5    55.5   -47.5   -15.3    -3.9
 14883     1.2  -173.1    55.5   -47.7   -15.3    -8.7
 14887     1.1  -177.6    55.4   -48.1   -15.2   -13.4
 14891     0.9   178.4    55.3   -48.2   -15.0   -18.5
 14895     0.7   174.1    55.3   -48.7   -15.0   -23.1
 14898     0.6   169.6    55.2   -49.1   -14.9   -27.9
 14902     0.4   165.3    55.1   -49.5   -14.8   -33.0
 14906     0.2   161.1    55.0   -49.8   -14.7   -37.7
 14910     0.0   157.1    55.0   -50.3   -14.6   -42.6
 14914    -0.1   153.5    54.9   -50.2   -14.6   -48.1
 14918    -0.3   149.2    54.8   -50.7   -14.5   -52.6
 14922    -0.4   145.5    54.7   -50.8   -14.4   -58.0
 14926    -0.6   142.5    54.6   -50.6   -14.4   -63.6
 14930    -0.7   138.1    54.6   -51.3   -14.4   -68.8
 14934    -0.9   135.0    54.4   -51.3   -14.4   -73.8
 14938    -0.9   131.8    54.4   -50.8   -14.5   -79.1
 14941    -1.1   129.2    54.1   -50.7   -14.4   -84.4
 14945    -1.2   125.9    54.1   -50.7   -14.5   -89.9
 14949    -1.3   122.9    54.0   -50.6   -14.6   -95.0
 14953    -1.3   119.6    53.9   -50.3   -14.7  -100.5
 14957    -1.3   116.8    53.8   -50.1   -14.8  -105.6
 14961    -1.2   113.8    53.7   -49.4   -15.0  -110.7
 14965    -1.4   111.2    53.5   -49.9   -15.0  -116.0
 14969    -1.3   108.5    53.3   -48.9   -15.2  -120.8
 14973    -1.3   105.5    53.2   -48.7   -15.3  -125.8
 14977    -1.2   103.1    53.1   -47.8   -15.6  -130.8
 14980    -1.1   100.1    52.9   -47.2   -15.8  -135.4
 14984    -1.0    96.7    52.8   -46.9   -16.0  -139.8
 14988    -0.9    93.5    52.8   -46.4   -16.2  -144.6
 14992    -0.7    91.0    52.5   -44.8   -16.5  -147.9
 14996    -0.6    87.3    52.5   -44.5   -16.7  -152.1
 15000    -0.4    83.7    52.5   -43.3   -17.0  -155.6
 15004    -0.1    80.0    52.4   -42.3   -17.2  -159.6
 15008     0.0    76.6    52.2   -41.3   -17.5  -162.9
 15012     0.2    73.2    52.1   -40.2   -17.7  -165.7
 15016     0.3    69.3    52.0   -40.0   -17.9  -169.9
 15020     0.5    65.7    51.9   -38.8   -18.1  -171.5
 15023     0.7    61.2    52.0   -37.8   -18.2  -174.9
 15027     1.0    57.2    51.9   -36.0   -18.2  -176.0
 15031     1.1    52.9    51.9   -35.9   -18.3  -179.1
 15035     1.3    48.9    51.7   -34.5   -18.3   178.7
 15039     1.5    44.3    51.8   -33.2   -18.3   175.9
 15043     1.8    40.2    51.7   -31.5   -18.1   174.2
 15047     1.9    35.1    51.8   -31.0   -18.1   170.9
 15051     2.2    30.6    51.8   -29.1   -17.8   168.7
 15055     2.3    26.0    51.8   -28.7   -17.8   165.0
 15059     2.5    21.3    51.8   -27.4   -17.5   162.2
 15063     2.7    16.7    51.8   -26.6   -17.4   158.9
 15066     2.8    11.6    51.9   -25.5   -17.1   155.4
 15070     3.0     6.5    52.0   -24.7   -17.0   150.9
 15074     3.1     1.6    52.0   -24.0   -16.8   147.3
 15078     3.3    -3.4    52.1   -23.0   -16.6   143.0
 15082     3.4    -8.3    52.1   -22.4   -16.5   139.1
 15086     3.5   -13.4    52.2   -21.5   -16.3   134.8
 15090     3.7   -18.9    52.3   -21.1   -16.2   130.0
 15094     3.8   -23.9    52.4   -20.6   -16.1   126.0
 15098     3.9   -29.3    52.5   -20.4   -16.0   121.2
 15102     4.0   -34.1    52.5   -19.1   -15.8   116.9
 15105     4.1   -39.3    52.5   -19.0   -15.7   112.6
 15109     4.3   -44.8    52.7   -18.6   -15.6   107.4
 15113     4.4   -50.0    52.8   -18.3   -15.5   103.1
 15117     4.4   -55.4    52.8   -17.9   -15.4    98.4
 15121     4.6   -61.1    53.1   -18.0   -15.5    93.1
 15125     4.6   -66.1    53.1   -17.4   -15.3    88.9
 15129     4.8   -71.6    53.2   -17.2   -15.2    84.3
 15133     4.8   -76.9    53.3   -17.2   -15.2    79.3
 15137     4.9   -82.5    53.4   -17.3   -15.2    74.9
 15141     5.0   -87.9    53.5   -16.9   -15.1    70.2
 15145     5.1   -93.2    53.6   -16.5   -15.0    65.3
 15148     5.2   -98.9    53.7   -16.9   -15.1    60.2
 15152     5.2  -104.5    53.8   -17.1   -15.1    55.6
 15156     5.3  -109.7    53.9   -17.0   -15.0    51.3
 15160     5.4  -115.4    54.0   -17.3   -15.0    46.3
 15164     5.4  -120.9    54.1   -17.2   -14.9    41.8
 15168     5.5  -126.3    54.1   -17.3   -14.9    36.9
 15172     5.5  -132.0    54.3   -17.7   -14.9    32.4
 15176     5.6  -137.8    54.4   -18.2   -15.0    27.7
 15180     5.7  -143.1    54.4   -17.8   -14.9    23.1
 15184     5.7  -148.9    54.6   -18.1   -14.9    18.3
 15188     5.7  -154.4    54.6   -18.4   -15.0    13.5
 15191     5.8  -160.0    54.8   -18.5   -14.9     8.9
 15195     5.9  -165.6    54.8   -18.6   -14.9     4.3
 15199     5.9  -171.0    54.9   -18.7   -14.9    -0.3
 15203     6.0  -176.7    55.0   -18.9   -14.8    -4.5
 15207     6.0   177.6    55.1   -19.3   -14.9    -9.6
 15211     6.1   172.2    55.2   -19.4   -15.0   -14.6
 15215     6.1   166.5    55.3   -19.6   -14.9   -18.8
 15219     6.1   160.9    55.4   -19.9   -15.0   -23.8
 15223     6.2   155.3    55.5   -20.2   -15.0   -28.4
 15227     6.2   149.6    55.6   -20.4   -14.9   -33.0
 15230     6.3   144.2    55.7   -20.5   -15.0   -37.6
 15234     6.3   138.6    55.7   -20.6   -14.9   -42.5
 15238     6.3   133.0    55.9   -21.0   -14.9   -46.8
 15242     6.4   127.5    55.9   -21.1   -14.9   -51.7
 15246     6.5   121.8    56.0   -21.2   -14.9   -56.8
 15250     6.5   116.2    56.1   -21.4   -15.0   -61.7
 15254     6.5   110.7    56.2   -21.6   -14.9   -65.8
 15258     6.6   104.9    56.3   -21.7   -14.9   -70.8
 15262     6.6    99.7    56.4   -21.6   -14.9   -75.6
 15266     6.7    93.9    56.5   -22.2   -14.9   -80.3
 15270     6.7    88.3    56.6   -22.0   -15.0   -85.5
 15273     6.7    82.8    56.6   -22.1   -14.9   -90.1
 15277     6.8    77.3    56.8   -22.2   -14.9   -94.9
 15281     6.8    71.7    56.8   -22.4   -15.0   -99.7
 15285     6.9    66.2    56.9   -22.4   -14.9  -104.6
 15289     6.9    60.7    57.0   -22.4   -15.1  -109.4
 15293     6.9    55.1    57.1   -22.2   -15.0  -114.6
 15297     7.0    49.8    57.2   -22.1   -15.0  -119.2
 15301     7.0    44.2    57.3   -22.2   -15.0  -124.2
 15305     7.1    38.7    57.4   -22.3   -15.1  -128.8
 15309     7.1    33.3    57.5   -22.3   -15.1  -133.7
 15313     7.1    27.8    57.5   -21.9   -15.1  -139.1
 15316     7.2    22.4    57.6   -21.9   -15.1  -143.5
 15320     7.2    17.0    57.7   -21.7   -15.1  -148.8
 15324     7.2    11.4    57.8   -21.6   -15.2  -153.6
 15328     7.3     6.2    57.9   -21.2   -15.2  -158.2
 15332     7.3     0.8    57.9   -21.1   -15.2  -163.7
 15336     7.3    -4.6    58.0   -20.9   -15.3  -168.3
 15340     7.4    -9.9    58.1   -20.7   -15.3  -173.6
 15344     7.4   -15.1    58.1   -19.9   -15.3  -178.6
 15348     7.5   -20.5    58.2   -20.0   -15.4   176.5
 15352     7.5   -25.9    58.3   -19.7   -15.4   171.9
 15355     7.5   -31.1    58.4   -19.3   -15.5   166.6
 15359     7.5   -36.3    58.4   -18.9   -15.5   161.9
 15363     7.6   -41.6    58.4   -18.6   -15.5   156.7
 15367     7.6   -46.8    58.5   -18.0   -15.5   151.7
 15371     7.6   -52.1    58.5   -17.8   -15.6   147.0
 15375     7.6   -57.2    58.6   -17.2   -15.7   141.5
 15379     7.7   -62.6    58.7   -16.8   -15.7   137.0
 15383     7.7   -67.6    58.7   -16.3   -15.8   132.1
 15387     7.7   -72.8    58.7   -15.7   -15.8   127.1
 15391     7.7   -77.9    58.8   -15.2   -15.9   122.1
 15395     7.7   -83.3    58.8   -14.9   -15.9   117.2
 15398     7.7   -88.4    58.8   -14.2   -15.9   112.4
 15402     7.7   -93.6    58.8   -13.8   -16.1   107.4
 15406     7.7   -98.7    58.8   -13.4   -16.1   102.8
 15410     7.7  -104.0    58.9   -12.9   -16.2    97.7
 15414     7.7  -109.0    58.9   -12.4   -16.3    93.0
 15418     7.7  -114.2    58.8   -11.8   -16.2    88.4
 15422     7.7  -119.5    58.9   -11.3   -16.3    82.9
 15426     7.7  -124.5    58.8   -10.6   -16.3    78.2
 15430     7.7  -129.8    58.8   -10.2   -16.4    73.7
 15434     7.7  -134.9    58.8    -9.5   -16.5    68.6
 15438     7.7  -139.9    58.8    -9.0   -16.5    64.1
 15441     7.6  -145.2    58.7    -8.4   -16.5    59.2
 15445     7.6  -150.4    58.7    -7.9   -16.6    54.6
 15449     7.6  -155.5    58.7    -7.4   -16.6    49.8
 15453     7.6  -160.9    58.6    -7.0   -16.7    45.4
 15457     7.5  -166.0    58.6    -6.4   -16.7    40.7
 15461     7.5  -171.2    58.5    -6.0   -16.7    35.6
 15465     7.5  -176.5    58.4    -5.5   -16.7    31.0
 15469     7.4   178.3    58.4    -5.2   -16.8    26.6
 15473     7.4   173.0    58.3    -4.7   -16.8    22.0
 15477     7.4   167.5    58.3    -4.4   -16.7    17.3
 15480     7.3   162.6    58.2    -3.8   -16.8    12.6
 15484     7.3   157.1    58.1    -3.4   -16.8     7.8
 15488     7.2   151.8    58.1    -3.0   -16.8     2.9
 15492     7.2   146.4    58.0    -2.8   -16.8    -2.2
 15496     7.2   141.0    57.9    -2.4   -16.8    -6.7
 15500     7.1   135.5    57.8    -2.3   -16.8   -11.7
 15504     7.1   130.4    57.7    -1.7   -16.7   -16.0
 15508     7.0   124.6    57.6    -1.7   -16.8   -20.7
 15512     7.0   119.5    57.6    -1.1   -16.7   -25.8
 15516     6.9   113.8    57.5    -1.2   -16.7   -31.0
 15520     6.9   108.5    57.4    -0.6   -16.7   -35.8
 15523     6.8   102.9    57.3    -0.6   -16.7   -40.6
 15527     6.8    97.6    57.3    -0.2   -16.7   -45.5
 15531     6.8    91.8    57.1    -0.3   -16.7   -50.5
 15535     6.7    86.6    57.1     0.0   -16.7   -56.0
 15539     6.7    80.9    57.0     0.2   -16.6   -60.7
 15543     6.6    75.5    56.9     0.4   -16.6   -66.0
 15547     6.5    69.8    56.8     0.3   -16.6   -71.7
 15551     6.5    64.1    56.7     0.5   -16.6   -76.6
 15555     6.5    58.6    56.6     1.0   -16.6   -81.9
 15559     6.4    53.1    56.6     0.9   -16.7   -87.4
 15563     6.4    47.4    56.5     1.2   -16.7   -92.6
 15566     6.3    41.9    56.5     1.4   -16.6   -97.9
 15570     6.3    36.4    56.4     1.5   -16.8  -103.1
 15574     6.3    30.8    56.3     1.8   -16.8  -108.9
 15578     6.2    25.2    56.3     2.1   -16.8  -114.1
 15582     6.2    19.9    56.2     2.6   -16.9  -119.8
 15586     6.1    14.1    56.2     2.7   -16.9  -125.2
 15590     6.1     8.9    56.2     3.3   -17.2  -130.2
 15594     6.0     3.3    56.1     3.7   -17.3  -136.1
 15598     6.0    -2.1    56.1     4.2   -17.5  -141.7
 15602     5.9    -7.6    56.1     4.6   -17.6  -146.8
 15605     5.9   -12.9    56.2     5.2   -17.8  -152.2
 15609     5.8   -18.3    56.1     6.3   -18.1  -157.8
 15613     5.8   -23.2    56.2     7.4   -18.4  -163.1
 15617     5.7   -28.3    56.2     8.0   -18.7  -167.6
 15621     5.7   -33.4    56.2     9.2   -19.0  -173.3
 15625     5.5   -38.2    56.2    10.8   -19.4  -177.6
 15629     5.5   -43.1    56.3    11.8   -19.8   177.8
 15633     5.4   -48.0    56.3    13.1   -20.1   173.3
 15637     5.3   -52.6    56.4    14.4   -20.6   169.1
 15641     5.2   -57.2    56.5    16.0   -20.9   165.0
 15645     5.1   -61.9    56.6    17.4   -21.3   161.8
 15648     5.0   -66.3    56.6    18.9   -21.8   158.9
 15652     5.0   -70.9    56.7    20.0   -22.0   155.6
 15656     4.8   -75.3    56.7    21.9   -22.3   152.9
 15660     4.7   -79.9    56.8    22.7   -22.4   150.2
 15664     4.6   -84.3    56.7    24.4   -22.6   146.8
 15668     4.4   -89.0    56.8    25.4   -22.7   143.6
 15672     4.3   -93.2    56.8    26.8   -22.8   140.9
 15676     4.2   -97.9    56.8    28.1   -23.0   137.6
 15680     4.0  -102.5    56.7    29.1   -22.9   133.3
 15684     4.0  -107.4    56.7    29.8   -22.8   129.2
 15688     3.9  -112.1    56.7    30.7   -22.8   124.5
 15691     3.7  -117.3    56.6    31.3   -22.8   120.4
 15695     3.6  -122.0    56.6    32.3   -22.8   115.5
 15699     3.5  -127.1    56.5    33.0   -22.8   110.5
 15703     3.3  -132.0    56.4    33.8   -22.7   105.3
 15707     3.3  -137.1    56.4    34.4   -22.8    99.5
 15711     3.1  -142.2    56.3    35.0   -22.7    94.4
 15715     3.0  -147.7    56.2    35.3   -22.8    88.2
 15719     2.9  -152.6    56.1    35.9   -22.9    82.4
 15723     2.7  -158.1    56.0    36.7   -22.9    76.3
 15727     2.6  -163.3    55.9    37.1   -23.0    71.2
 15730     2.5  -169.0    55.8    37.1   -23.2    65.1
 15734     2.4  -174.3    55.7    37.7   -23.2    59.4
 15738     2.2  -179.5    55.6    38.7   -23.3    53.7
 15742     2.1   175.0    55.5    38.7   -23.4    47.2
 15746     2.0   169.6    55.4    39.2   -23.5    41.1
 15750     1.8   164.3    55.3    39.7   -23.7    35.0
 15754     1.7   158.5    55.2    39.9   -23.7    28.4
 15758     1.5   153.3    55.1    40.8   -24.0    23.3
 15762     1.3   147.6    55.0    41.1   -24.0    16.0
 15766     1.2   142.3    54.9    41.5   -24.2    10.7
 15770     1.0   136.6    54.7    42.2   -24.4     3.9
 15773     0.9   131.6    54.7    42.9   -24.6    -2.0
 15777     0.7   125.7    54.6    43.1   -24.9    -8.5
 15781     0.5   120.8    54.5    44.3   -25.2   -14.9
 15785     0.3   115.0    54.4    44.7   -25.4   -20.5
 15789     0.2   109.7    54.3    45.1   -25.7   -27.8
 15793    -0.2   104.1    54.1    46.3   -26.1   -32.9
 15797    -0.3    98.7    54.1    46.6   -26.5   -38.9
 15801    -0.6    93.0    53.9    47.5   -26.7   -46.5
 15805    -0.8    87.1    53.7    48.1   -27.0   -53.0
 15809    -1.1    82.0    53.6    49.2   -27.2   -60.7
 15813    -1.4    76.5    53.5    50.3   -27.7   -66.4
 15816    -1.7    70.3    53.3    50.8   -28.1   -74.7
 15820    -2.0    65.1    53.2    52.1   -28.5   -80.6
 15824    -2.4    59.4    53.0    53.0   -28.9   -88.7
 15828    -2.7    54.0    52.9    54.4   -29.4   -95.6
 15832    -3.1    46.8    52.6    55.0   -29.7  -101.9
 15836    -3.5    41.1    52.4    56.2   -30.1  -109.5
 15840    -4.0    34.7    52.2    57.3   -30.5  -118.2
 15844    -4.5    27.7    51.8    58.1   -30.5  -127.0
 15848    -4.9    20.7    51.6    59.1   -30.7  -136.5
 15852    -5.3    13.7    51.3    59.7   -30.8  -144.4
 15855    -5.8     7.3    51.1    60.9   -31.0  -152.8
 15859    -6.4    -0.6    50.7    62.3   -30.6  -160.2
 15863    -6.8    -9.8    50.3    62.4   -30.4  -164.1
 15867    -7.5   -15.4    50.1    64.6   -30.4  -176.2
 15871    -7.8   -26.7    49.5    64.1   -29.8  -175.9
 15875    -8.4   -33.6    49.3    65.2   -30.1   177.3
 15879    -8.9   -44.2    48.8    66.2   -29.3   178.1
 15883    -9.2   -52.5    48.5    66.4   -29.7   173.2
 15887    -9.6   -63.2    48.0    66.9   -29.8   173.5
 15891    -9.9   -71.5    47.7    67.1   -30.2   171.3
 15895   -10.2   -82.5    47.1    67.0   -30.4   172.2
 15898   -10.4   -93.7    46.5    66.9   -30.9   172.0
 15902   -10.5  -102.4    46.2    66.5   -31.4   172.7
 15906   -10.3  -114.3    45.3    64.4   -32.6   173.9
 15910   -10.4  -125.3    44.6    64.2   -33.2   175.0
 15914   -10.6  -133.2    44.3    64.1   -34.3   174.3
 15918   -10.5  -144.2    43.5    62.6   -35.5   174.9
 15922   -10.6  -154.2    42.9    62.4   -36.5  -176.6
 15926   -10.3  -162.4    42.3    57.8   -39.3  -173.7
 15930   -10.7  -170.8    42.1    58.9   -39.3  -169.3
 15934   -10.5   177.7    40.9    55.6   -40.2  -144.9
 15938   -10.5   168.2    39.9    52.9   -38.5  -122.5
 15941   -10.5   159.7    39.6    50.3   -39.5  -118.0
 15945   -10.3   149.7    38.4    43.0   -35.9   -97.2
 15949   -10.2   140.9    37.7    36.6   -34.0   -93.1
 15953   -10.4   129.6    36.5    36.1   -31.6   -98.2
 15957   -10.4   120.2    35.7    26.5   -29.9   -93.8
 15961   -10.5   110.4    34.8    21.5   -28.6   -97.8
 15965   -10.3    99.9    34.0    10.9   -26.9   -93.4
 15969   -10.5    88.8    32.8     3.2   -25.4   -99.9
 15973   -10.5    79.3    32.5    -6.8   -24.5  -101.6
 15977   -10.3    67.2    31.8   -24.8   -22.4  -103.4
 15980   -10.7    57.3    31.3   -25.4   -22.4  -114.4
 15984   -10.7    45.8    30.9   -44.1   -20.5  -120.6
 15988   -10.5    33.6    31.7   -60.6   -18.5  -127.8
 15992   -10.7    20.1    31.5   -84.0   -16.4  -152.0
 15996   -11.0     8.6    28.9   -97.5   -18.1  -172.1
