; zcav0.txt
;
;   length (cm) =    8.76   5.85   4.43   2.94   2.26
;
;   f     |Z1|     Z1<    |Z2|     Z2<    |Z3|     Z3<    |Z4|     Z4<    |Z5|     Z5<    
     4    80.5   -77.8    84.0   -77.6    86.4   -77.5    90.0   -77.2    92.3   -77.0
     8    75.1   -81.4    78.6   -81.3    81.0   -81.3    84.5   -81.1    86.8   -81.0
    12    71.8   -83.0    75.3   -83.0    77.7   -82.9    81.2   -82.8    83.5   -82.7
    16    69.4   -84.0    72.9   -83.9    75.3   -83.9    78.9   -83.8    81.2   -83.7
    20    67.6   -84.6    71.1   -84.6    73.5   -84.5    77.0   -84.5    79.4   -84.4
    23    66.1   -85.1    69.6   -85.1    72.0   -85.0    75.5   -85.0    77.8   -84.9
    27    64.8   -85.4    68.3   -85.4    70.7   -85.4    74.2   -85.4    76.6   -85.3
    31    63.7   -85.7    67.2   -85.7    69.6   -85.7    73.1   -85.7    75.4   -85.6
    35    62.7   -86.0    66.2   -86.0    68.6   -86.0    72.1   -85.9    74.5   -85.9
    39    61.8   -86.2    65.3   -86.2    67.7   -86.2    71.3   -86.1    73.6   -86.1
    43    61.0   -86.4    64.5   -86.4    66.9   -86.3    70.5   -86.3    72.8   -86.3
    47    60.2   -86.5    63.8   -86.5    66.2   -86.5    69.7   -86.5    72.0   -86.5
    51    59.6   -86.7    63.1   -86.7    65.5   -86.6    69.1   -86.6    71.4   -86.6
    55    58.9   -86.8    62.5   -86.8    64.9   -86.8    68.4   -86.7    70.7   -86.7
    59    58.3   -86.9    61.9   -86.9    64.3   -86.9    67.8   -86.9    70.2   -86.8
    63    57.8   -87.0    61.3   -87.0    63.7   -87.0    67.3   -87.0    69.6   -86.9
    66    57.3   -87.1    60.8   -87.1    63.2   -87.1    66.8   -87.1    69.1   -87.0
    70    56.8   -87.2    60.3   -87.2    62.7   -87.2    66.3   -87.1    68.6   -87.1
    74    56.3   -87.2    59.9   -87.2    62.3   -87.2    65.8   -87.2    68.2   -87.2
    78    55.9   -87.3    59.4   -87.3    61.8   -87.3    65.4   -87.3    67.7   -87.3
    82    55.5   -87.4    59.0   -87.4    61.4   -87.4    65.0   -87.4    67.3   -87.3
    86    55.1   -87.4    58.6   -87.4    61.0   -87.4    64.6   -87.4    66.9   -87.4
    90    54.7   -87.5    58.2   -87.5    60.7   -87.5    64.2   -87.5    66.5   -87.5
    94    54.3   -87.5    57.9   -87.5    60.3   -87.5    63.9   -87.5    66.2   -87.5
    98    54.0   -87.6    57.5   -87.6    59.9   -87.6    63.5   -87.6    65.8   -87.6
   102    53.6   -87.6    57.2   -87.6    59.6   -87.6    63.2   -87.6    65.5   -87.6
   105    53.3   -87.7    56.9   -87.7    59.3   -87.7    62.9   -87.7    65.2   -87.7
   109    53.0   -87.7    56.5   -87.7    59.0   -87.7    62.5   -87.7    64.9   -87.7
   113    52.7   -87.7    56.2   -87.7    58.7   -87.8    62.2   -87.8    64.6   -87.7
   117    52.4   -87.8    55.9   -87.8    58.4   -87.8    62.0   -87.8    64.3   -87.8
   121    52.1   -87.8    55.7   -87.8    58.1   -87.8    61.7   -87.8    64.0   -87.8
   125    51.8   -87.8    55.4   -87.9    57.8   -87.9    61.4   -87.9    63.7   -87.9
   129    51.5   -87.9    55.1   -87.9    57.6   -87.9    61.1   -87.9    63.4   -87.9
   133    51.3   -87.9    54.9   -87.9    57.3   -87.9    60.9   -87.9    63.2   -87.9
   137    51.0   -87.9    54.6   -87.9    57.1   -88.0    60.6   -88.0    62.9   -87.9
   141    50.8   -87.9    54.4   -88.0    56.8   -88.0    60.4   -88.0    62.7   -88.0
   145    50.5   -88.0    54.1   -88.0    56.6   -88.0    60.2   -88.0    62.5   -88.0
   148    50.3   -88.0    53.9   -88.0    56.4   -88.0    59.9   -88.0    62.2   -88.0
   152    50.1   -88.0    53.7   -88.0    56.1   -88.1    59.7   -88.1    62.0   -88.1
   156    49.8   -88.0    53.5   -88.1    55.9   -88.1    59.5   -88.1    61.8   -88.1
   160    49.6   -88.0    53.2   -88.1    55.7   -88.1    59.3   -88.1    61.6   -88.1
   164    49.4   -88.1    53.0   -88.1    55.5   -88.1    59.1   -88.1    61.4   -88.1
   168    49.2   -88.1    52.8   -88.1    55.3   -88.1    58.9   -88.2    61.2   -88.1
   172    49.0   -88.1    52.6   -88.2    55.1   -88.2    58.7   -88.2    61.0   -88.2
   176    48.8   -88.1    52.4   -88.2    54.9   -88.2    58.5   -88.2    60.8   -88.2
   180    48.6   -88.1    52.2   -88.2    54.7   -88.2    58.3   -88.2    60.6   -88.2
   184    48.4   -88.1    52.0   -88.2    54.5   -88.2    58.1   -88.2    60.4   -88.2
   188    48.2   -88.2    51.9   -88.2    54.3   -88.2    57.9   -88.2    60.2   -88.2
   191    48.0   -88.2    51.7   -88.2    54.2   -88.3    57.7   -88.3    60.1   -88.3
   195    47.8   -88.2    51.5   -88.3    54.0   -88.3    57.6   -88.3    59.9   -88.3
   199    47.6   -88.2    51.3   -88.3    53.8   -88.3    57.4   -88.3    59.7   -88.3
   203    47.5   -88.2    51.2   -88.3    53.6   -88.3    57.2   -88.3    59.6   -88.3
   207    47.3   -88.2    51.0   -88.3    53.5   -88.3    57.1   -88.3    59.4   -88.3
   211    47.1   -88.2    50.8   -88.3    53.3   -88.3    56.9   -88.3    59.2   -88.3
   215    46.9   -88.2    50.7   -88.3    53.1   -88.3    56.7   -88.4    59.1   -88.4
   219    46.8   -88.3    50.5   -88.3    53.0   -88.4    56.6   -88.4    58.9   -88.4
   223    46.6   -88.3    50.3   -88.4    52.8   -88.4    56.4   -88.4    58.8   -88.4
   227    46.4   -88.3    50.2   -88.4    52.7   -88.4    56.3   -88.4    58.6   -88.4
   230    46.3   -88.3    50.0   -88.4    52.5   -88.4    56.1   -88.4    58.5   -88.4
   234    46.1   -88.3    49.9   -88.4    52.4   -88.4    56.0   -88.4    58.3   -88.4
   238    46.0   -88.3    49.7   -88.4    52.2   -88.4    55.9   -88.4    58.2   -88.4
   242    45.8   -88.3    49.6   -88.4    52.1   -88.4    55.7   -88.5    58.0   -88.5
   246    45.7   -88.3    49.4   -88.4    52.0   -88.4    55.6   -88.5    57.9   -88.5
   250    45.5   -88.3    49.3   -88.4    51.8   -88.5    55.4   -88.5    57.8   -88.5
   254    45.4   -88.3    49.2   -88.4    51.7   -88.5    55.3   -88.5    57.6   -88.5
   258    45.2   -88.3    49.0   -88.4    51.5   -88.5    55.2   -88.5    57.5   -88.5
   262    45.1   -88.3    48.9   -88.5    51.4   -88.5    55.0   -88.5    57.4   -88.5
   266    44.9   -88.4    48.8   -88.5    51.3   -88.5    54.9   -88.5    57.2   -88.5
   270    44.8   -88.4    48.6   -88.5    51.1   -88.5    54.8   -88.5    57.1   -88.5
   273    44.6   -88.4    48.5   -88.5    51.0   -88.5    54.7   -88.5    57.0   -88.5
   277    44.5   -88.4    48.4   -88.5    50.9   -88.5    54.5   -88.6    56.9   -88.6
   281    44.4   -88.4    48.2   -88.5    50.8   -88.5    54.4   -88.6    56.7   -88.6
   285    44.2   -88.4    48.1   -88.5    50.6   -88.5    54.3   -88.6    56.6   -88.6
   289    44.1   -88.4    48.0   -88.5    50.5   -88.6    54.2   -88.6    56.5   -88.6
   293    44.0   -88.4    47.9   -88.5    50.4   -88.6    54.1   -88.6    56.4   -88.6
   297    43.8   -88.4    47.7   -88.5    50.3   -88.6    53.9   -88.6    56.3   -88.6
   301    43.7   -88.4    47.6   -88.5    50.2   -88.6    53.8   -88.6    56.2   -88.6
   305    43.6   -88.4    47.5   -88.5    50.1   -88.6    53.7   -88.6    56.0   -88.6
   309    43.4   -88.4    47.4   -88.5    49.9   -88.6    53.6   -88.6    55.9   -88.6
   313    43.3   -88.4    47.3   -88.6    49.8   -88.6    53.5   -88.6    55.8   -88.6
   316    43.2   -88.4    47.1   -88.6    49.7   -88.6    53.4   -88.6    55.7   -88.6
   320    43.0   -88.4    47.0   -88.6    49.6   -88.6    53.3   -88.6    55.6   -88.7
   324    42.9   -88.4    46.9   -88.6    49.5   -88.6    53.2   -88.7    55.5   -88.7
   328    42.8   -88.4    46.8   -88.6    49.4   -88.6    53.1   -88.7    55.4   -88.7
   332    42.7   -88.4    46.7   -88.6    49.3   -88.6    53.0   -88.7    55.3   -88.7
   336    42.5   -88.4    46.6   -88.6    49.2   -88.6    52.9   -88.7    55.2   -88.7
   340    42.4   -88.4    46.5   -88.6    49.1   -88.6    52.8   -88.7    55.1   -88.7
   344    42.3   -88.4    46.4   -88.6    49.0   -88.7    52.7   -88.7    55.0   -88.7
   348    42.2   -88.4    46.3   -88.6    48.9   -88.7    52.6   -88.7    54.9   -88.7
   352    42.1   -88.4    46.2   -88.6    48.8   -88.7    52.5   -88.7    54.8   -88.7
   355    41.9   -88.4    46.1   -88.6    48.7   -88.7    52.4   -88.7    54.7   -88.7
   359    41.8   -88.4    45.9   -88.6    48.6   -88.7    52.3   -88.7    54.6   -88.7
   363    41.7   -88.4    45.8   -88.6    48.5   -88.7    52.2   -88.7    54.5   -88.7
   367    41.6   -88.4    45.7   -88.6    48.4   -88.7    52.1   -88.7    54.4   -88.7
   371    41.5   -88.4    45.6   -88.6    48.3   -88.7    52.0   -88.7    54.3   -88.7
   375    41.4   -88.4    45.5   -88.6    48.2   -88.7    51.9   -88.7    54.2   -88.8
   379    41.2   -88.4    45.4   -88.6    48.1   -88.7    51.8   -88.7    54.2   -88.8
   383    41.1   -88.4    45.3   -88.6    48.0   -88.7    51.7   -88.8    54.1   -88.8
   387    41.0   -88.4    45.2   -88.6    47.9   -88.7    51.6   -88.8    54.0   -88.8
   391    40.9   -88.4    45.1   -88.6    47.8   -88.7    51.5   -88.8    53.9   -88.8
   395    40.8   -88.4    45.1   -88.7    47.7   -88.7    51.4   -88.8    53.8   -88.8
   398    40.7   -88.4    45.0   -88.7    47.6   -88.7    51.3   -88.8    53.7   -88.8
   402    40.6   -88.4    44.9   -88.7    47.5   -88.7    51.3   -88.8    53.6   -88.8
   406    40.4   -88.4    44.8   -88.7    47.4   -88.7    51.2   -88.8    53.5   -88.8
   410    40.3   -88.4    44.7   -88.7    47.3   -88.7    51.1   -88.8    53.5   -88.8
   414    40.2   -88.4    44.6   -88.7    47.3   -88.7    51.0   -88.8    53.4   -88.8
   418    40.1   -88.4    44.5   -88.7    47.2   -88.7    50.9   -88.8    53.3   -88.8
   422    40.0   -88.4    44.4   -88.7    47.1   -88.8    50.8   -88.8    53.2   -88.8
   426    39.9   -88.4    44.3   -88.7    47.0   -88.8    50.8   -88.8    53.1   -88.8
   430    39.8   -88.4    44.2   -88.7    46.9   -88.8    50.7   -88.8    53.0   -88.8
   434    39.7   -88.4    44.1   -88.7    46.8   -88.8    50.6   -88.8    53.0   -88.8
   438    39.5   -88.4    44.0   -88.7    46.7   -88.8    50.5   -88.8    52.9   -88.8
   441    39.4   -88.4    43.9   -88.7    46.7   -88.8    50.4   -88.8    52.8   -88.8
   445    39.3   -88.4    43.9   -88.7    46.6   -88.8    50.4   -88.8    52.7   -88.8
   449    39.2   -88.4    43.8   -88.7    46.5   -88.8    50.3   -88.8    52.7   -88.9
   453    39.1   -88.4    43.7   -88.7    46.4   -88.8    50.2   -88.8    52.6   -88.9
   457    39.0   -88.4    43.6   -88.7    46.3   -88.8    50.1   -88.8    52.5   -88.9
   461    38.9   -88.4    43.5   -88.7    46.3   -88.8    50.0   -88.8    52.4   -88.9
   465    38.8   -88.3    43.4   -88.7    46.2   -88.8    50.0   -88.9    52.4   -88.9
   469    38.7   -88.3    43.3   -88.7    46.1   -88.8    49.9   -88.9    52.3   -88.9
   473    38.6   -88.3    43.2   -88.7    46.0   -88.8    49.8   -88.9    52.2   -88.9
   477    38.5   -88.3    43.2   -88.7    45.9   -88.8    49.7   -88.9    52.1   -88.9
   480    38.3   -88.3    43.1   -88.7    45.9   -88.8    49.7   -88.9    52.1   -88.9
   484    38.2   -88.3    43.0   -88.7    45.8   -88.8    49.6   -88.9    52.0   -88.9
   488    38.1   -88.3    42.9   -88.7    45.7   -88.8    49.5   -88.9    51.9   -88.9
   492    38.0   -88.3    42.8   -88.7    45.6   -88.8    49.5   -88.9    51.9   -88.9
   496    37.9   -88.3    42.7   -88.7    45.6   -88.8    49.4   -88.9    51.8   -88.9
   500    37.8   -88.3    42.7   -88.7    45.5   -88.8    49.3   -88.9    51.7   -88.9
   504    37.7   -88.3    42.6   -88.7    45.4   -88.8    49.2   -88.9    51.6   -88.9
   508    37.6   -88.3    42.5   -88.7    45.3   -88.8    49.2   -88.9    51.6   -88.9
   512    37.5   -88.3    42.4   -88.7    45.3   -88.8    49.1   -88.9    51.5   -88.9
   516    37.4   -88.3    42.3   -88.7    45.2   -88.8    49.0   -88.9    51.4   -88.9
   520    37.3   -88.2    42.2   -88.7    45.1   -88.8    49.0   -88.9    51.4   -88.9
   523    37.1   -88.2    42.2   -88.7    45.0   -88.8    48.9   -88.9    51.3   -88.9
   527    37.0   -88.2    42.1   -88.7    45.0   -88.8    48.8   -88.9    51.2   -88.9
   531    36.9   -88.2    42.0   -88.7    44.9   -88.8    48.8   -88.9    51.2   -88.9
   535    36.8   -88.2    41.9   -88.7    44.8   -88.8    48.7   -88.9    51.1   -88.9
   539    36.7   -88.2    41.8   -88.7    44.7   -88.8    48.6   -88.9    51.0   -88.9
   543    36.6   -88.2    41.8   -88.7    44.7   -88.8    48.6   -88.9    51.0   -88.9
   547    36.5   -88.2    41.7   -88.7    44.6   -88.8    48.5   -88.9    50.9   -88.9
   551    36.4   -88.2    41.6   -88.7    44.5   -88.8    48.4   -88.9    50.9   -89.0
   555    36.3   -88.2    41.5   -88.7    44.5   -88.8    48.4   -88.9    50.8   -89.0
   559    36.1   -88.1    41.5   -88.7    44.4   -88.8    48.3   -88.9    50.7   -89.0
   563    36.0   -88.1    41.4   -88.7    44.3   -88.8    48.2   -88.9    50.7   -89.0
   566    35.9   -88.1    41.3   -88.7    44.3   -88.8    48.2   -88.9    50.6   -89.0
   570    35.8   -88.1    41.2   -88.7    44.2   -88.9    48.1   -88.9    50.5   -89.0
   574    35.7   -88.1    41.1   -88.7    44.1   -88.9    48.1   -88.9    50.5   -89.0
   578    35.6   -88.1    41.1   -88.7    44.0   -88.9    48.0   -88.9    50.4   -89.0
   582    35.5   -88.1    41.0   -88.7    44.0   -88.9    47.9   -88.9    50.4   -89.0
   586    35.4   -88.1    40.9   -88.7    43.9   -88.9    47.9   -89.0    50.3   -89.0
   590    35.2   -88.0    40.8   -88.7    43.8   -88.9    47.8   -89.0    50.2   -89.0
   594    35.1   -88.0    40.8   -88.7    43.8   -88.9    47.7   -89.0    50.2   -89.0
   598    35.0   -88.0    40.7   -88.7    43.7   -88.9    47.7   -89.0    50.1   -89.0
   602    34.9   -88.0    40.6   -88.7    43.6   -88.9    47.6   -89.0    50.1   -89.0
   605    34.8   -88.0    40.5   -88.7    43.6   -88.9    47.6   -89.0    50.0   -89.0
   609    34.7   -88.0    40.5   -88.7    43.5   -88.9    47.5   -89.0    49.9   -89.0
   613    34.5   -87.9    40.4   -88.7    43.5   -88.9    47.4   -89.0    49.9   -89.0
   617    34.4   -87.9    40.3   -88.7    43.4   -88.9    47.4   -89.0    49.8   -89.0
   621    34.3   -87.9    40.2   -88.7    43.3   -88.9    47.3   -89.0    49.8   -89.0
   625    34.2   -87.9    40.2   -88.7    43.3   -88.9    47.3   -89.0    49.7   -89.0
   629    34.1   -87.9    40.1   -88.7    43.2   -88.9    47.2   -89.0    49.7   -89.0
   633    33.9   -87.8    40.0   -88.7    43.1   -88.9    47.2   -89.0    49.6   -89.0
   637    33.8   -87.8    39.9   -88.7    43.1   -88.9    47.1   -89.0    49.6   -89.0
   641    33.7   -87.8    39.9   -88.7    43.0   -88.9    47.0   -89.0    49.5   -89.0
   645    33.6   -87.8    39.8   -88.7    42.9   -88.9    47.0   -89.0    49.4   -89.0
   648    33.4   -87.8    39.7   -88.7    42.9   -88.9    46.9   -89.0    49.4   -89.0
   652    33.3   -87.7    39.6   -88.7    42.8   -88.9    46.9   -89.0    49.3   -89.0
   656    33.2   -87.7    39.6   -88.7    42.7   -88.9    46.8   -89.0    49.3   -89.0
   660    33.1   -87.7    39.5   -88.7    42.7   -88.9    46.8   -89.0    49.2   -89.0
   664    32.9   -87.7    39.4   -88.7    42.6   -88.9    46.7   -89.0    49.2   -89.0
   668    32.8   -87.6    39.4   -88.7    42.6   -88.9    46.6   -89.0    49.1   -89.0
   672    32.7   -87.6    39.3   -88.7    42.5   -88.9    46.6   -89.0    49.1   -89.0
   676    32.5   -87.6    39.2   -88.7    42.4   -88.9    46.5   -89.0    49.0   -89.0
   680    32.4   -87.6    39.1   -88.7    42.4   -88.9    46.5   -89.0    49.0   -89.0
   684    32.3   -87.5    39.1   -88.7    42.3   -88.9    46.4   -89.0    48.9   -89.0
   688    32.1   -87.5    39.0   -88.7    42.3   -88.9    46.4   -89.0    48.9   -89.0
   691    32.0   -87.5    38.9   -88.7    42.2   -88.9    46.3   -89.0    48.8   -89.0
   695    31.9   -87.4    38.8   -88.7    42.1   -88.9    46.3   -89.0    48.8   -89.0
   699    31.7   -87.4    38.8   -88.7    42.1   -88.9    46.2   -89.0    48.7   -89.1
   703    31.6   -87.4    38.7   -88.6    42.0   -88.9    46.2   -89.0    48.7   -89.1
   707    31.4   -87.3    38.6   -88.6    42.0   -88.9    46.1   -89.0    48.6   -89.1
   711    31.3   -87.3    38.6   -88.6    41.9   -88.9    46.1   -89.0    48.5   -89.1
   715    31.1   -87.2    38.5   -88.6    41.8   -88.9    46.0   -89.0    48.5   -89.1
   719    31.0   -87.2    38.4   -88.6    41.8   -88.9    46.0   -89.0    48.4   -89.1
   723    30.8   -87.2    38.3   -88.6    41.7   -88.9    45.9   -89.0    48.4   -89.1
   727    30.7   -87.1    38.3   -88.6    41.7   -88.9    45.8   -89.0    48.4   -89.1
   730    30.5   -87.1    38.2   -88.6    41.6   -88.9    45.8   -89.0    48.3   -89.1
   734    30.4   -87.0    38.1   -88.6    41.5   -88.9    45.7   -89.0    48.3   -89.1
   738    30.2   -87.0    38.0   -88.6    41.5   -88.9    45.7   -89.0    48.2   -89.1
   742    30.1   -86.9    38.0   -88.6    41.4   -88.9    45.6   -89.0    48.2   -89.1
   746    29.9   -86.9    37.9   -88.6    41.4   -88.9    45.6   -89.0    48.1   -89.1
   750    29.7   -86.8    37.8   -88.6    41.3   -88.9    45.5   -89.0    48.1   -89.1
   754    29.6   -86.8    37.8   -88.6    41.2   -88.9    45.5   -89.0    48.0   -89.1
   758    29.4   -86.7    37.7   -88.6    41.2   -88.9    45.4   -89.0    48.0   -89.1
   762    29.2   -86.7    37.6   -88.6    41.1   -88.9    45.4   -89.0    47.9   -89.1
   766    29.1   -86.6    37.5   -88.6    41.1   -88.9    45.3   -89.0    47.9   -89.1
   770    28.9   -86.5    37.5   -88.6    41.0   -88.9    45.3   -89.0    47.8   -89.1
   773    28.7   -86.5    37.4   -88.6    41.0   -88.9    45.2   -89.0    47.8   -89.1
   777    28.5   -86.4    37.3   -88.6    40.9   -88.9    45.2   -89.0    47.7   -89.1
   781    28.3   -86.3    37.2   -88.6    40.8   -88.9    45.1   -89.0    47.7   -89.1
   785    28.2   -86.3    37.2   -88.6    40.8   -88.9    45.1   -89.0    47.6   -89.1
   789    28.0   -86.2    37.1   -88.6    40.7   -88.9    45.0   -89.0    47.6   -89.1
   793    27.8   -86.1    37.0   -88.6    40.7   -88.9    45.0   -89.0    47.5   -89.1
   797    27.6   -86.0    37.0   -88.5    40.6   -88.9    45.0   -89.0    47.5   -89.1
   801    27.4   -85.9    36.9   -88.5    40.5   -88.9    44.9   -89.0    47.5   -89.1
   805    27.2   -85.8    36.8   -88.5    40.5   -88.9    44.9   -89.1    47.4   -89.1
   809    27.0   -85.7    36.7   -88.5    40.4   -88.9    44.8   -89.1    47.4   -89.1
   813    26.7   -85.6    36.7   -88.5    40.4   -88.9    44.8   -89.1    47.3   -89.1
   816    26.5   -85.5    36.6   -88.5    40.3   -88.9    44.7   -89.1    47.3   -89.1
   820    26.3   -85.4    36.5   -88.5    40.3   -88.9    44.7   -89.1    47.2   -89.1
   824    26.1   -85.3    36.4   -88.5    40.2   -88.9    44.6   -89.1    47.2   -89.1
   828    25.8   -85.2    36.4   -88.5    40.2   -88.9    44.6   -89.1    47.1   -89.1
   832    25.6   -85.0    36.3   -88.5    40.1   -88.9    44.5   -89.1    47.1   -89.1
   836    25.3   -84.9    36.2   -88.5    40.0   -88.9    44.5   -89.1    47.1   -89.1
   840    25.1   -84.7    36.1   -88.5    40.0   -88.9    44.4   -89.1    47.0   -89.1
   844    24.8   -84.6    36.1   -88.5    39.9   -88.9    44.4   -89.1    47.0   -89.1
   848    24.6   -84.4    36.0   -88.5    39.9   -88.9    44.3   -89.1    46.9   -89.1
   852    24.3   -84.2    35.9   -88.5    39.8   -88.9    44.3   -89.1    46.9   -89.1
   855    24.0   -84.0    35.8   -88.5    39.8   -88.9    44.3   -89.1    46.8   -89.1
   859    23.7   -83.8    35.8   -88.5    39.7   -88.9    44.2   -89.1    46.8   -89.1
   863    23.4   -83.6    35.7   -88.4    39.6   -88.9    44.2   -89.1    46.7   -89.1
   867    23.1   -83.4    35.6   -88.4    39.6   -88.9    44.1   -89.1    46.7   -89.1
   871    22.8   -83.1    35.5   -88.4    39.5   -88.9    44.1   -89.1    46.7   -89.1
   875    22.4   -82.9    35.5   -88.4    39.5   -88.8    44.0   -89.1    46.6   -89.1
   879    22.1   -82.6    35.4   -88.4    39.4   -88.8    44.0   -89.1    46.6   -89.1
   883    21.7   -82.3    35.3   -88.4    39.4   -88.8    43.9   -89.1    46.5   -89.1
   887    21.3   -81.9    35.2   -88.4    39.3   -88.8    43.9   -89.1    46.5   -89.1
   891    20.9   -81.5    35.2   -88.4    39.3   -88.8    43.8   -89.1    46.5   -89.1
   895    20.5   -81.1    35.1   -88.4    39.2   -88.8    43.8   -89.1    46.4   -89.1
   898    20.1   -80.7    35.0   -88.4    39.2   -88.8    43.8   -89.1    46.4   -89.1
   902    19.7   -80.1    34.9   -88.4    39.1   -88.8    43.7   -89.1    46.3   -89.1
   906    19.2   -79.6    34.8   -88.4    39.0   -88.8    43.7   -89.1    46.3   -89.1
   910    18.7   -79.0    34.8   -88.3    39.0   -88.8    43.6   -89.1    46.2   -89.1
   914    18.2   -78.2    34.7   -88.3    38.9   -88.8    43.6   -89.1    46.2   -89.1
   918    17.6   -77.4    34.6   -88.3    38.9   -88.8    43.5   -89.1    46.2   -89.1
   922    17.0   -76.5    34.5   -88.3    38.8   -88.8    43.5   -89.1    46.1   -89.1
   926    16.4   -75.5    34.4   -88.3    38.8   -88.8    43.5   -89.1    46.1   -89.1
   930    15.7   -74.3    34.4   -88.3    38.7   -88.8    43.4   -89.1    46.0   -89.1
   934    15.0   -72.8    34.3   -88.3    38.7   -88.8    43.4   -89.1    46.0   -89.1
   938    14.2   -71.1    34.2   -88.3    38.6   -88.8    43.3   -89.1    46.0   -89.1
   941    13.3   -69.0    34.1   -88.3    38.5   -88.8    43.3   -89.1    45.9   -89.1
   945    12.4   -66.5    34.0   -88.3    38.5   -88.8    43.2   -89.1    45.9   -89.1
   949    11.4   -63.3    34.0   -88.2    38.4   -88.8    43.2   -89.1    45.8   -89.1
   953    10.3   -59.2    33.9   -88.2    38.4   -88.8    43.2   -89.1    45.8   -89.1
   957     9.1   -53.9    33.8   -88.2    38.3   -88.8    43.1   -89.1    45.8   -89.1
   961     7.8   -46.8    33.7   -88.2    38.3   -88.8    43.1   -89.1    45.7   -89.1
   965     6.5   -37.2    33.6   -88.2    38.2   -88.8    43.0   -89.1    45.7   -89.1
   969     5.3   -24.5    33.6   -88.2    38.2   -88.8    43.0   -89.1    45.7   -89.2
   973     4.6    -8.7    33.5   -88.2    38.1   -88.8    42.9   -89.1    45.6   -89.2
   977     4.6     8.5    33.4   -88.2    38.1   -88.8    42.9   -89.1    45.6   -89.2
   980     5.4    24.3    33.3   -88.1    38.0   -88.8    42.9   -89.1    45.5   -89.2
   984     6.5    36.9    33.2   -88.1    37.9   -88.8    42.8   -89.1    45.5   -89.2
   988     7.8    46.4    33.1   -88.1    37.9   -88.8    42.8   -89.1    45.5   -89.2
   992     9.1    53.4    33.0   -88.1    37.8   -88.8    42.7   -89.1    45.4   -89.2
   996    10.3    58.7    33.0   -88.1    37.8   -88.8    42.7   -89.1    45.4   -89.2
  1000    11.4    62.7    32.9   -88.1    37.7   -88.8    42.6   -89.1    45.3   -89.2
  1004    12.4    65.8    32.8   -88.1    37.7   -88.8    42.6   -89.1    45.3   -89.2
  1008    13.4    68.4    32.7   -88.1    37.6   -88.8    42.6   -89.1    45.3   -89.2
  1012    14.2    70.4    32.6   -88.0    37.6   -88.8    42.5   -89.1    45.2   -89.2
  1016    15.0    72.1    32.5   -88.0    37.5   -88.8    42.5   -89.1    45.2   -89.2
  1020    15.7    73.5    32.4   -88.0    37.4   -88.8    42.4   -89.1    45.2   -89.2
  1023    16.4    74.8    32.3   -88.0    37.4   -88.8    42.4   -89.1    45.1   -89.2
  1027    17.0    75.8    32.3   -88.0    37.3   -88.8    42.4   -89.1    45.1   -89.2
  1031    17.6    76.7    32.2   -88.0    37.3   -88.8    42.3   -89.1    45.0   -89.2
  1035    18.2    77.5    32.1   -87.9    37.2   -88.8    42.3   -89.1    45.0   -89.2
  1039    18.7    78.2    32.0   -87.9    37.2   -88.8    42.2   -89.1    45.0   -89.2
  1043    19.2    78.8    31.9   -87.9    37.1   -88.7    42.2   -89.1    44.9   -89.2
  1047    19.7    79.4    31.8   -87.9    37.1   -88.7    42.2   -89.1    44.9   -89.2
  1051    20.1    79.9    31.7   -87.9    37.0   -88.7    42.1   -89.1    44.9   -89.2
  1055    20.6    80.4    31.6   -87.9    36.9   -88.7    42.1   -89.1    44.8   -89.2
  1059    21.0    80.8    31.5   -87.8    36.9   -88.7    42.0   -89.1    44.8   -89.2
  1063    21.4    81.2    31.4   -87.8    36.8   -88.7    42.0   -89.1    44.8   -89.2
  1066    21.7    81.5    31.3   -87.8    36.8   -88.7    42.0   -89.1    44.7   -89.2
  1070    22.1    81.8    31.2   -87.8    36.7   -88.7    41.9   -89.1    44.7   -89.2
  1074    22.4    82.1    31.1   -87.8    36.7   -88.7    41.9   -89.1    44.6   -89.2
  1078    22.8    82.4    31.0   -87.7    36.6   -88.7    41.8   -89.1    44.6   -89.2
  1082    23.1    82.6    30.9   -87.7    36.6   -88.7    41.8   -89.1    44.6   -89.2
  1086    23.4    82.9    30.8   -87.7    36.5   -88.7    41.8   -89.1    44.5   -89.2
  1090    23.7    83.1    30.7   -87.7    36.4   -88.7    41.7   -89.1    44.5   -89.2
  1094    24.0    83.3    30.6   -87.6    36.4   -88.7    41.7   -89.1    44.5   -89.2
  1098    24.3    83.5    30.5   -87.6    36.3   -88.7    41.6   -89.1    44.4   -89.2
  1102    24.6    83.7    30.4   -87.6    36.3   -88.7    41.6   -89.1    44.4   -89.2
  1105    24.8    83.8    30.3   -87.6    36.2   -88.7    41.6   -89.1    44.4   -89.2
  1109    25.1    84.0    30.2   -87.5    36.2   -88.7    41.5   -89.1    44.3   -89.2
  1113    25.3    84.1    30.1   -87.5    36.1   -88.7    41.5   -89.1    44.3   -89.2
  1117    25.6    84.3    30.0   -87.5    36.1   -88.7    41.4   -89.1    44.3   -89.2
  1121    25.8    84.4    29.9   -87.5    36.0   -88.7    41.4   -89.1    44.2   -89.2
  1125    26.1    84.5    29.8   -87.4    35.9   -88.7    41.4   -89.1    44.2   -89.2
  1129    26.3    84.6    29.7   -87.4    35.9   -88.7    41.3   -89.1    44.1   -89.2
  1133    26.5    84.7    29.6   -87.4    35.8   -88.7    41.3   -89.1    44.1   -89.2
  1137    26.7    84.9    29.4   -87.3    35.8   -88.7    41.3   -89.1    44.1   -89.2
  1141    27.0    85.0    29.3   -87.3    35.7   -88.6    41.2   -89.1    44.0   -89.2
  1145    27.2    85.1    29.2   -87.3    35.7   -88.6    41.2   -89.1    44.0   -89.2
  1148    27.4    85.1    29.1   -87.2    35.6   -88.6    41.1   -89.1    44.0   -89.2
  1152    27.6    85.2    29.0   -87.2    35.5   -88.6    41.1   -89.1    43.9   -89.2
  1156    27.8    85.3    28.9   -87.2    35.5   -88.6    41.1   -89.1    43.9   -89.2
  1160    28.0    85.4    28.8   -87.1    35.4   -88.6    41.0   -89.1    43.9   -89.2
  1164    28.2    85.5    28.6   -87.1    35.4   -88.6    41.0   -89.1    43.8   -89.2
  1168    28.3    85.5    28.5   -87.1    35.3   -88.6    40.9   -89.1    43.8   -89.2
  1172    28.5    85.6    28.4   -87.0    35.2   -88.6    40.9   -89.1    43.8   -89.2
  1176    28.7    85.7    28.3   -87.0    35.2   -88.6    40.9   -89.1    43.7   -89.2
  1180    28.9    85.7    28.1   -86.9    35.1   -88.6    40.8   -89.1    43.7   -89.2
  1184    29.1    85.8    28.0   -86.9    35.1   -88.6    40.8   -89.1    43.7   -89.2
  1188    29.2    85.9    27.9   -86.9    35.0   -88.6    40.8   -89.1    43.6   -89.2
  1191    29.4    85.9    27.7   -86.8    35.0   -88.6    40.7   -89.1    43.6   -89.2
  1195    29.6    86.0    27.6   -86.8    34.9   -88.6    40.7   -89.1    43.6   -89.2
  1199    29.7    86.0    27.5   -86.7    34.8   -88.6    40.6   -89.1    43.5   -89.2
  1203    29.9    86.1    27.3   -86.7    34.8   -88.6    40.6   -89.1    43.5   -89.2
  1207    30.1    86.1    27.2   -86.6    34.7   -88.6    40.6   -89.1    43.5   -89.2
  1211    30.2    86.2    27.1   -86.6    34.7   -88.5    40.5   -89.1    43.4   -89.2
  1215    30.4    86.2    26.9   -86.5    34.6   -88.5    40.5   -89.1    43.4   -89.2
  1219    30.5    86.2    26.8   -86.5    34.5   -88.5    40.5   -89.1    43.4   -89.2
  1223    30.7    86.3    26.6   -86.4    34.5   -88.5    40.4   -89.1    43.3   -89.2
  1227    30.8    86.3    26.5   -86.3    34.4   -88.5    40.4   -89.1    43.3   -89.2
  1230    31.0    86.4    26.3   -86.3    34.4   -88.5    40.3   -89.1    43.3   -89.2
  1234    31.1    86.4    26.2   -86.2    34.3   -88.5    40.3   -89.1    43.2   -89.2
  1238    31.3    86.4    26.0   -86.1    34.2   -88.5    40.3   -89.1    43.2   -89.2
  1242    31.4    86.5    25.9   -86.1    34.2   -88.5    40.2   -89.1    43.2   -89.2
  1246    31.6    86.5    25.7   -86.0    34.1   -88.5    40.2   -89.1    43.1   -89.2
  1250    31.7    86.5    25.5   -85.9    34.1   -88.5    40.2   -89.1    43.1   -89.2
  1254    31.9    86.6    25.4   -85.9    34.0   -88.5    40.1   -89.1    43.1   -89.2
  1258    32.0    86.6    25.2   -85.8    33.9   -88.5    40.1   -89.1    43.0   -89.2
  1262    32.1    86.6    25.0   -85.7    33.9   -88.5    40.0   -89.1    43.0   -89.2
  1266    32.3    86.6    24.9   -85.6    33.8   -88.5    40.0   -89.1    43.0   -89.2
  1270    32.4    86.7    24.7   -85.5    33.7   -88.4    40.0   -89.1    42.9   -89.2
  1273    32.5    86.7    24.5   -85.4    33.7   -88.4    39.9   -89.1    42.9   -89.2
  1277    32.7    86.7    24.3   -85.3    33.6   -88.4    39.9   -89.1    42.9   -89.2
  1281    32.8    86.7    24.1   -85.2    33.6   -88.4    39.9   -89.1    42.9   -89.2
  1285    32.9    86.8    23.9   -85.1    33.5   -88.4    39.8   -89.1    42.8   -89.2
  1289    33.1    86.8    23.7   -85.0    33.4   -88.4    39.8   -89.1    42.8   -89.2
  1293    33.2    86.8    23.5   -84.9    33.4   -88.4    39.7   -89.1    42.8   -89.2
  1297    33.3    86.8    23.3   -84.8    33.3   -88.4    39.7   -89.1    42.7   -89.2
  1301    33.4    86.8    23.1   -84.6    33.2   -88.4    39.7   -89.1    42.7   -89.2
  1305    33.6    86.9    22.9   -84.5    33.2   -88.4    39.6   -89.1    42.7   -89.2
  1309    33.7    86.9    22.7   -84.4    33.1   -88.4    39.6   -89.1    42.6   -89.2
  1313    33.8    86.9    22.5   -84.2    33.0   -88.4    39.6   -89.1    42.6   -89.2
  1316    33.9    86.9    22.2   -84.1    33.0   -88.3    39.5   -89.1    42.6   -89.2
  1320    34.0    86.9    22.0   -83.9    32.9   -88.3    39.5   -89.1    42.5   -89.2
  1324    34.2    86.9    21.8   -83.7    32.9   -88.3    39.4   -89.1    42.5   -89.2
  1328    34.3    86.9    21.5   -83.5    32.8   -88.3    39.4   -89.1    42.5   -89.2
  1332    34.4    87.0    21.3   -83.3    32.7   -88.3    39.4   -89.1    42.4   -89.2
  1336    34.5    87.0    21.0   -83.1    32.7   -88.3    39.3   -89.1    42.4   -89.2
  1340    34.6    87.0    20.7   -82.9    32.6   -88.3    39.3   -89.1    42.4   -89.2
  1344    34.8    87.0    20.5   -82.7    32.5   -88.3    39.3   -89.1    42.3   -89.2
  1348    34.9    87.0    20.2   -82.4    32.5   -88.3    39.2   -89.1    42.3   -89.2
  1352    35.0    87.0    19.9   -82.2    32.4   -88.3    39.2   -89.1    42.3   -89.2
  1355    35.1    87.0    19.6   -81.9    32.3   -88.2    39.2   -89.1    42.3   -89.2
  1359    35.2    87.0    19.3   -81.6    32.2   -88.2    39.1   -89.1    42.2   -89.2
  1363    35.3    87.0    18.9   -81.2    32.2   -88.2    39.1   -89.1    42.2   -89.2
  1367    35.5    87.1    18.6   -80.9    32.1   -88.2    39.0   -89.1    42.2   -89.2
  1371    35.6    87.1    18.2   -80.5    32.0   -88.2    39.0   -89.1    42.1   -89.2
  1375    35.7    87.1    17.9   -80.1    32.0   -88.2    39.0   -89.1    42.1   -89.2
  1379    35.8    87.1    17.5   -79.6    31.9   -88.2    38.9   -89.0    42.1   -89.2
  1383    35.9    87.1    17.1   -79.1    31.8   -88.2    38.9   -89.0    42.0   -89.2
  1387    36.0    87.1    16.7   -78.6    31.8   -88.2    38.9   -89.0    42.0   -89.2
  1391    36.1    87.1    16.2   -77.9    31.7   -88.1    38.8   -89.0    42.0   -89.2
  1395    36.2    87.1    15.8   -77.3    31.6   -88.1    38.8   -89.0    41.9   -89.2
  1398    36.4    87.1    15.3   -76.5    31.5   -88.1    38.7   -89.0    41.9   -89.2
  1402    36.5    87.1    14.8   -75.7    31.5   -88.1    38.7   -89.0    41.9   -89.2
  1406    36.6    87.1    14.2   -74.7    31.4   -88.1    38.7   -89.0    41.9   -89.2
  1410    36.7    87.1    13.7   -73.6    31.3   -88.1    38.6   -89.0    41.8   -89.2
  1414    36.8    87.1    13.0   -72.4    31.3   -88.1    38.6   -89.0    41.8   -89.2
  1418    36.9    87.1    12.4   -71.0    31.2   -88.1    38.6   -89.0    41.8   -89.2
  1422    37.0    87.1    11.7   -69.3    31.1   -88.0    38.5   -89.0    41.7   -89.2
  1426    37.1    87.1    11.0   -67.3    31.0   -88.0    38.5   -89.0    41.7   -89.2
  1430    37.2    87.1    10.2   -64.9    31.0   -88.0    38.5   -89.0    41.7   -89.2
  1434    37.3    87.1     9.3   -62.1    30.9   -88.0    38.4   -89.0    41.6   -89.2
  1438    37.5    87.1     8.4   -58.6    30.8   -88.0    38.4   -89.0    41.6   -89.2
  1441    37.6    87.1     7.4   -54.2    30.7   -88.0    38.3   -89.0    41.6   -89.2
  1445    37.7    87.1     6.3   -48.6    30.7   -88.0    38.3   -89.0    41.6   -89.2
  1449    37.8    87.1     5.3   -41.6    30.6   -87.9    38.3   -89.0    41.5   -89.2
  1453    37.9    87.1     4.2   -32.5    30.5   -87.9    38.2   -89.0    41.5   -89.2
  1457    38.0    87.1     3.4   -21.3    30.4   -87.9    38.2   -89.0    41.5   -89.2
  1461    38.1    87.1     2.9    -8.1    30.3   -87.9    38.2   -89.0    41.4   -89.2
  1465    38.2    87.1     2.8     6.0    30.3   -87.9    38.1   -89.0    41.4   -89.2
  1469    38.3    87.1     3.3    19.3    30.2   -87.9    38.1   -89.0    41.4   -89.2
  1473    38.4    87.1     4.1    30.8    30.1   -87.8    38.1   -89.0    41.3   -89.2
  1477    38.5    87.1     5.1    40.1    30.0   -87.8    38.0   -89.0    41.3   -89.2
  1480    38.6    87.1     6.2    47.4    29.9   -87.8    38.0   -89.0    41.3   -89.2
  1484    38.8    87.1     7.3    53.0    29.9   -87.8    37.9   -89.0    41.3   -89.2
  1488    38.9    87.1     8.3    57.5    29.8   -87.8    37.9   -89.0    41.2   -89.2
  1492    39.0    87.1     9.2    61.1    29.7   -87.7    37.9   -89.0    41.2   -89.2
  1496    39.1    87.1    10.1    64.1    29.6   -87.7    37.8   -89.0    41.2   -89.2
  1500    39.2    87.1    10.9    66.5    29.5   -87.7    37.8   -89.0    41.1   -89.2
  1504    39.3    87.0    11.6    68.5    29.4   -87.7    37.8   -89.0    41.1   -89.2
  1508    39.4    87.0    12.3    70.2    29.4   -87.7    37.7   -89.0    41.1   -89.2
  1512    39.5    87.0    13.0    71.6    29.3   -87.6    37.7   -89.0    41.0   -89.2
  1516    39.6    87.0    13.6    72.9    29.2   -87.6    37.7   -89.0    41.0   -89.2
  1520    39.7    87.0    14.2    74.0    29.1   -87.6    37.6   -89.0    41.0   -89.2
  1523    39.8    87.0    14.7    75.0    29.0   -87.6    37.6   -89.0    41.0   -89.2
  1527    40.0    87.0    15.2    75.8    28.9   -87.6    37.5   -89.0    40.9   -89.2
  1531    40.1    87.0    15.7    76.6    28.8   -87.5    37.5   -89.0    40.9   -89.2
  1535    40.2    87.0    16.2    77.3    28.7   -87.5    37.5   -89.0    40.9   -89.2
  1539    40.3    86.9    16.6    77.9    28.6   -87.5    37.4   -89.0    40.8   -89.2
  1543    40.4    86.9    17.0    78.4    28.6   -87.5    37.4   -89.0    40.8   -89.2
  1547    40.5    86.9    17.4    78.9    28.5   -87.4    37.4   -89.0    40.8   -89.2
  1551    40.6    86.9    17.8    79.4    28.4   -87.4    37.3   -89.0    40.8   -89.2
  1555    40.7    86.9    18.2    79.8    28.3   -87.4    37.3   -89.0    40.7   -89.2
  1559    40.9    86.9    18.5    80.2    28.2   -87.4    37.3   -89.0    40.7   -89.2
  1563    41.0    86.9    18.9    80.6    28.1   -87.3    37.2   -89.0    40.7   -89.2
  1566    41.1    86.8    19.2    80.9    28.0   -87.3    37.2   -89.0    40.6   -89.2
  1570    41.2    86.8    19.5    81.2    27.9   -87.3    37.1   -89.0    40.6   -89.2
  1574    41.3    86.8    19.8    81.5    27.8   -87.2    37.1   -89.0    40.6   -89.2
  1578    41.4    86.8    20.1    81.8    27.7   -87.2    37.1   -89.0    40.5   -89.2
  1582    41.5    86.8    20.4    82.0    27.6   -87.2    37.0   -89.0    40.5   -89.2
  1586    41.7    86.7    20.7    82.3    27.5   -87.1    37.0   -89.0    40.5   -89.2
  1590    41.8    86.7    21.0    82.5    27.4   -87.1    37.0   -89.0    40.5   -89.2
  1594    41.9    86.7    21.2    82.7    27.3   -87.1    36.9   -89.0    40.4   -89.2
  1598    42.0    86.7    21.5    82.9    27.2   -87.1    36.9   -89.0    40.4   -89.2
  1602    42.1    86.7    21.7    83.1    27.1   -87.0    36.8   -89.0    40.4   -89.2
  1605    42.2    86.6    22.0    83.3    27.0   -87.0    36.8   -89.0    40.3   -89.2
  1609    42.4    86.6    22.2    83.4    26.9   -86.9    36.8   -89.0    40.3   -89.2
  1613    42.5    86.6    22.5    83.6    26.7   -86.9    36.7   -89.0    40.3   -89.2
  1617    42.6    86.6    22.7    83.7    26.6   -86.9    36.7   -89.0    40.3   -89.2
  1621    42.7    86.5    22.9    83.9    26.5   -86.8    36.7   -89.0    40.2   -89.2
  1625    42.9    86.5    23.1    84.0    26.4   -86.8    36.6   -89.0    40.2   -89.2
  1629    43.0    86.5    23.3    84.1    26.3   -86.7    36.6   -89.0    40.2   -89.2
  1633    43.1    86.4    23.5    84.3    26.2   -86.7    36.6   -89.0    40.1   -89.2
  1637    43.2    86.4    23.7    84.4    26.1   -86.7    36.5   -88.9    40.1   -89.2
  1641    43.4    86.4    23.9    84.5    25.9   -86.6    36.5   -88.9    40.1   -89.2
  1645    43.5    86.4    24.1    84.6    25.8   -86.6    36.4   -88.9    40.1   -89.2
  1648    43.6    86.3    24.3    84.7    25.7   -86.5    36.4   -88.9    40.0   -89.2
  1652    43.8    86.3    24.5    84.8    25.6   -86.5    36.4   -88.9    40.0   -89.2
  1656    43.9    86.2    24.7    84.9    25.5   -86.4    36.3   -88.9    40.0   -89.2
  1660    44.0    86.2    24.8    85.0    25.3   -86.4    36.3   -88.9    39.9   -89.2
  1664    44.1    86.2    25.0    85.1    25.2   -86.3    36.3   -88.9    39.9   -89.2
  1668    44.3    86.1    25.2    85.1    25.1   -86.3    36.2   -88.9    39.9   -89.2
  1672    44.4    86.1    25.4    85.2    24.9   -86.2    36.2   -88.9    39.9   -89.2
  1676    44.6    86.0    25.5    85.3    24.8   -86.2    36.1   -88.9    39.8   -89.2
  1680    44.7    86.0    25.7    85.4    24.7   -86.1    36.1   -88.9    39.8   -89.2
  1684    44.8    86.0    25.8    85.4    24.5   -86.0    36.1   -88.9    39.8   -89.2
  1688    45.0    85.9    26.0    85.5    24.4   -86.0    36.0   -88.9    39.7   -89.2
  1691    45.1    85.9    26.2    85.6    24.3   -85.9    36.0   -88.9    39.7   -89.2
  1695    45.3    85.8    26.3    85.6    24.1   -85.8    36.0   -88.9    39.7   -89.2
  1699    45.4    85.8    26.5    85.7    24.0   -85.8    35.9   -88.9    39.7   -89.2
  1703    45.6    85.7    26.6    85.8    23.8   -85.7    35.9   -88.9    39.6   -89.2
  1707    45.7    85.6    26.8    85.8    23.7   -85.6    35.8   -88.9    39.6   -89.2
  1711    45.9    85.6    26.9    85.9    23.5   -85.5    35.8   -88.9    39.6   -89.2
  1715    46.0    85.5    27.0    85.9    23.4   -85.5    35.8   -88.9    39.5   -89.2
  1719    46.2    85.5    27.2    86.0    23.2   -85.4    35.7   -88.9    39.5   -89.2
  1723    46.3    85.4    27.3    86.0    23.0   -85.3    35.7   -88.9    39.5   -89.2
  1727    46.5    85.3    27.5    86.1    22.9   -85.2    35.7   -88.9    39.5   -89.2
  1730    46.7    85.3    27.6    86.1    22.7   -85.1    35.6   -88.9    39.4   -89.2
  1734    46.8    85.2    27.7    86.2    22.5   -85.0    35.6   -88.9    39.4   -89.2
  1738    47.0    85.1    27.9    86.2    22.4   -84.9    35.5   -88.9    39.4   -89.2
  1742    47.1    85.0    28.0    86.2    22.2   -84.8    35.5   -88.9    39.4   -89.2
  1746    47.3    84.9    28.1    86.3    22.0   -84.7    35.5   -88.9    39.3   -89.2
  1750    47.5    84.9    28.2    86.3    21.8   -84.6    35.4   -88.9    39.3   -89.2
  1754    47.7    84.8    28.4    86.4    21.6   -84.5    35.4   -88.9    39.3   -89.2
  1758    47.9    84.7    28.5    86.4    21.5   -84.3    35.3   -88.9    39.2   -89.2
  1762    48.0    84.6    28.6    86.4    21.3   -84.2    35.3   -88.9    39.2   -89.2
  1766    48.2    84.5    28.7    86.5    21.1   -84.1    35.3   -88.9    39.2   -89.2
  1770    48.4    84.4    28.9    86.5    20.9   -83.9    35.2   -88.9    39.2   -89.2
  1773    48.6    84.3    29.0    86.5    20.7   -83.8    35.2   -88.9    39.1   -89.2
  1777    48.8    84.1    29.1    86.6    20.4   -83.6    35.2   -88.9    39.1   -89.2
  1781    49.0    84.0    29.2    86.6    20.2   -83.5    35.1   -88.9    39.1   -89.2
  1785    49.2    83.9    29.3    86.6    20.0   -83.3    35.1   -88.9    39.0   -89.2
  1789    49.4    83.8    29.4    86.7    19.8   -83.1    35.0   -88.8    39.0   -89.2
  1793    49.6    83.6    29.5    86.7    19.5   -82.9    35.0   -88.8    39.0   -89.2
  1797    49.8    83.5    29.7    86.7    19.3   -82.7    35.0   -88.8    39.0   -89.2
  1801    50.1    83.3    29.8    86.8    19.1   -82.5    34.9   -88.8    38.9   -89.2
  1805    50.3    83.1    29.9    86.8    18.8   -82.3    34.9   -88.8    38.9   -89.2
  1809    50.5    83.0    30.0    86.8    18.5   -82.0    34.8   -88.8    38.9   -89.2
  1813    50.8    82.8    30.1    86.8    18.3   -81.8    34.8   -88.8    38.8   -89.2
  1816    51.0    82.6    30.2    86.9    18.0   -81.5    34.8   -88.8    38.8   -89.2
  1820    51.2    82.4    30.3    86.9    17.7   -81.2    34.7   -88.8    38.8   -89.2
  1824    51.5    82.2    30.4    86.9    17.4   -80.9    34.7   -88.8    38.8   -89.2
  1828    51.8    82.0    30.5    86.9    17.1   -80.6    34.6   -88.8    38.7   -89.2
  1832    52.0    81.7    30.6    86.9    16.8   -80.2    34.6   -88.8    38.7   -89.2
  1836    52.3    81.5    30.7    87.0    16.5   -79.8    34.6   -88.8    38.7   -89.2
  1840    52.6    81.2    30.8    87.0    16.1   -79.4    34.5   -88.8    38.7   -89.2
  1844    52.9    80.9    30.9    87.0    15.8   -79.0    34.5   -88.8    38.6   -89.2
  1848    53.2    80.6    31.0    87.0    15.4   -78.5    34.4   -88.8    38.6   -89.2
  1852    53.5    80.2    31.1    87.1    15.0   -78.0    34.4   -88.8    38.6   -89.2
  1855    53.8    79.9    31.2    87.1    14.6   -77.4    34.4   -88.8    38.5   -89.2
  1859    54.2    79.5    31.3    87.1    14.2   -76.7    34.3   -88.8    38.5   -89.2
  1863    54.5    79.0    31.4    87.1    13.8   -76.0    34.3   -88.8    38.5   -89.2
  1867    54.9    78.6    31.5    87.1    13.3   -75.2    34.2   -88.8    38.5   -89.2
  1871    55.3    78.1    31.6    87.1    12.8   -74.4    34.2   -88.8    38.4   -89.2
  1875    55.7    77.5    31.7    87.2    12.3   -73.4    34.2   -88.8    38.4   -89.2
  1879    56.1    76.9    31.8    87.2    11.8   -72.3    34.1   -88.8    38.4   -89.2
  1883    56.5    76.2    31.9    87.2    11.2   -71.1    34.1   -88.8    38.3   -89.2
  1887    56.9    75.5    32.0    87.2    10.7   -69.7    34.0   -88.8    38.3   -89.2
  1891    57.4    74.7    32.1    87.2    10.0   -68.0    34.0   -88.8    38.3   -89.1
  1895    57.9    73.8    32.1    87.2     9.3   -66.1    34.0   -88.8    38.3   -89.1
  1898    58.4    72.7    32.2    87.3     8.6   -63.9    33.9   -88.8    38.2   -89.1
  1902    59.0    71.6    32.3    87.3     7.9   -61.2    33.9   -88.7    38.2   -89.1
  1906    59.6    70.3    32.4    87.3     7.0   -58.0    33.8   -88.7    38.2   -89.1
  1910    60.2    68.7    32.5    87.3     6.2   -54.2    33.8   -88.7    38.1   -89.1
  1914    60.8    67.0    32.6    87.3     5.3   -49.4    33.8   -88.7    38.1   -89.1
  1918    61.5    64.9    32.7    87.3     4.3   -43.6    33.7   -88.7    38.1   -89.1
  1922    62.3    62.5    32.8    87.3     3.4   -36.3    33.7   -88.7    38.1   -89.1
  1926    63.1    59.6    32.9    87.3     2.6   -27.4    33.6   -88.7    38.0   -89.1
  1930    63.9    56.1    32.9    87.4     1.9   -16.9    33.6   -88.7    38.0   -89.1
  1934    64.8    51.8    33.0    87.4     1.6    -5.1    33.5   -88.7    38.0   -89.1
  1938    65.7    46.6    33.1    87.4     1.6     7.2    33.5   -88.7    38.0   -89.1
  1941    66.6    40.1    33.2    87.4     2.1    18.8    33.5   -88.7    37.9   -89.1
  1945    67.5    32.0    33.3    87.4     2.8    29.0    33.4   -88.7    37.9   -89.1
  1949    68.3    22.4    33.4    87.4     3.6    37.5    33.4   -88.7    37.9   -89.1
  1953    68.8    11.1    33.4    87.4     4.5    44.4    33.3   -88.7    37.8   -89.1
  1957    68.9    -1.0    33.5    87.4     5.5    50.0    33.3   -88.7    37.8   -89.1
  1961    68.7   -13.0    33.6    87.4     6.4    54.6    33.3   -88.7    37.8   -89.1
  1965    68.1   -23.9    33.7    87.4     7.2    58.3    33.2   -88.7    37.8   -89.1
  1969    67.3   -33.3    33.8    87.5     8.0    61.3    33.2   -88.7    37.7   -89.1
  1973    66.4   -41.0    33.9    87.5     8.8    63.9    33.1   -88.7    37.7   -89.1
  1977    65.5   -47.2    33.9    87.5     9.5    66.0    33.1   -88.7    37.7   -89.1
  1980    64.6   -52.2    34.0    87.5    10.2    67.9    33.0   -88.7    37.6   -89.1
  1984    63.7   -56.3    34.1    87.5    10.8    69.4    33.0   -88.7    37.6   -89.1
  1988    62.9   -59.7    34.2    87.5    11.4    70.8    33.0   -88.6    37.6   -89.1
  1992    62.1   -62.5    34.3    87.5    11.9    72.0    32.9   -88.6    37.6   -89.1
  1996    61.4   -64.8    34.3    87.5    12.5    73.1    32.9   -88.6    37.5   -89.1
  2000    60.7   -66.8    34.4    87.5    13.0    74.0    32.8   -88.6    37.5   -89.1
  2004    60.0   -68.5    34.5    87.5    13.4    74.9    32.8   -88.6    37.5   -89.1
  2008    59.4   -70.0    34.6    87.5    13.9    75.7    32.7   -88.6    37.4   -89.1
  2012    58.9   -71.3    34.7    87.5    14.3    76.3    32.7   -88.6    37.4   -89.1
  2016    58.3   -72.4    34.7    87.5    14.7    77.0    32.6   -88.6    37.4   -89.1
  2020    57.8   -73.4    34.8    87.6    15.1    77.5    32.6   -88.6    37.4   -89.1
  2023    57.3   -74.3    34.9    87.6    15.5    78.1    32.6   -88.6    37.3   -89.1
  2027    56.9   -75.1    35.0    87.6    15.9    78.5    32.5   -88.6    37.3   -89.1
  2031    56.4   -75.8    35.1    87.6    16.2    79.0    32.5   -88.6    37.3   -89.1
  2035    56.0   -76.5    35.1    87.6    16.5    79.4    32.4   -88.6    37.3   -89.1
  2039    55.6   -77.1    35.2    87.6    16.9    79.8    32.4   -88.6    37.2   -89.1
  2043    55.2   -77.6    35.3    87.6    17.2    80.1    32.3   -88.6    37.2   -89.1
  2047    54.8   -78.1    35.4    87.6    17.5    80.4    32.3   -88.6    37.2   -89.1
  2051    54.5   -78.6    35.4    87.6    17.8    80.7    32.2   -88.6    37.1   -89.1
  2055    54.1   -79.0    35.5    87.6    18.1    81.0    32.2   -88.6    37.1   -89.1
  2059    53.8   -79.4    35.6    87.6    18.3    81.3    32.1   -88.6    37.1   -89.1
  2063    53.5   -79.8    35.7    87.6    18.6    81.6    32.1   -88.5    37.1   -89.1
  2066    53.1   -80.1    35.7    87.6    18.9    81.8    32.1   -88.5    37.0   -89.1
  2070    52.8   -80.4    35.8    87.6    19.1    82.0    32.0   -88.5    37.0   -89.1
  2074    52.5   -80.7    35.9    87.6    19.4    82.2    32.0   -88.5    37.0   -89.1
  2078    52.3   -81.0    36.0    87.6    19.6    82.4    31.9   -88.5    36.9   -89.1
  2082    52.0   -81.2    36.0    87.6    19.8    82.6    31.9   -88.5    36.9   -89.1
  2086    51.7   -81.5    36.1    87.6    20.0    82.8    31.8   -88.5    36.9   -89.1
  2090    51.5   -81.7    36.2    87.6    20.3    83.0    31.8   -88.5    36.9   -89.1
  2094    51.2   -81.9    36.3    87.6    20.5    83.1    31.7   -88.5    36.8   -89.1
  2098    51.0   -82.1    36.3    87.6    20.7    83.3    31.7   -88.5    36.8   -89.1
  2102    50.7   -82.3    36.4    87.6    20.9    83.4    31.6   -88.5    36.8   -89.1
  2105    50.5   -82.5    36.5    87.6    21.1    83.6    31.6   -88.5    36.7   -89.1
  2109    50.2   -82.6    36.6    87.6    21.3    83.7    31.5   -88.5    36.7   -89.1
  2113    50.0   -82.8    36.6    87.6    21.5    83.8    31.5   -88.5    36.7   -89.1
  2117    49.8   -82.9    36.7    87.6    21.7    83.9    31.4   -88.5    36.7   -89.1
  2121    49.6   -83.1    36.8    87.6    21.9    84.1    31.4   -88.4    36.6   -89.1
  2125    49.4   -83.2    36.9    87.6    22.1    84.2    31.4   -88.4    36.6   -89.1
  2129    49.2   -83.4    36.9    87.6    22.2    84.3    31.3   -88.4    36.6   -89.1
  2133    49.0   -83.5    37.0    87.6    22.4    84.4    31.3   -88.4    36.5   -89.1
  2137    48.8   -83.6    37.1    87.6    22.6    84.5    31.2   -88.4    36.5   -89.1
  2141    48.6   -83.7    37.1    87.6    22.7    84.6    31.2   -88.4    36.5   -89.1
  2145    48.4   -83.8    37.2    87.6    22.9    84.7    31.1   -88.4    36.5   -89.1
  2148    48.2   -83.9    37.3    87.6    23.1    84.8    31.1   -88.4    36.4   -89.1
  2152    48.0   -84.0    37.4    87.6    23.2    84.8    31.0   -88.4    36.4   -89.1
  2156    47.8   -84.1    37.4    87.6    23.4    84.9    31.0   -88.4    36.4   -89.1
  2160    47.6   -84.2    37.5    87.6    23.5    85.0    30.9   -88.4    36.3   -89.1
  2164    47.5   -84.3    37.6    87.6    23.7    85.1    30.9   -88.4    36.3   -89.1
  2168    47.3   -84.4    37.7    87.6    23.8    85.2    30.8   -88.4    36.3   -89.1
  2172    47.1   -84.5    37.7    87.6    24.0    85.2    30.8   -88.3    36.3   -89.1
  2176    47.0   -84.5    37.8    87.6    24.1    85.3    30.7   -88.3    36.2   -89.1
  2180    46.8   -84.6    37.9    87.6    24.3    85.4    30.7   -88.3    36.2   -89.1
  2184    46.6   -84.7    37.9    87.6    24.4    85.4    30.6   -88.3    36.2   -89.1
  2188    46.5   -84.8    38.0    87.6    24.6    85.5    30.6   -88.3    36.1   -89.1
  2191    46.3   -84.8    38.1    87.6    24.7    85.6    30.5   -88.3    36.1   -89.1
  2195    46.1   -84.9    38.2    87.6    24.8    85.6    30.4   -88.3    36.1   -89.1
  2199    46.0   -84.9    38.2    87.6    25.0    85.7    30.4   -88.3    36.1   -89.1
  2203    45.8   -85.0    38.3    87.6    25.1    85.7    30.3   -88.3    36.0   -89.1
  2207    45.7   -85.1    38.4    87.6    25.2    85.8    30.3   -88.3    36.0   -89.1
  2211    45.5   -85.1    38.4    87.6    25.4    85.8    30.2   -88.3    36.0   -89.1
  2215    45.4   -85.2    38.5    87.6    25.5    85.9    30.2   -88.3    35.9   -89.0
  2219    45.2   -85.2    38.6    87.6    25.6    85.9    30.1   -88.2    35.9   -89.0
  2223    45.1   -85.3    38.7    87.6    25.7    86.0    30.1   -88.2    35.9   -89.0
  2227    45.0   -85.3    38.7    87.6    25.8    86.0    30.0   -88.2    35.9   -89.0
  2230    44.8   -85.4    38.8    87.6    26.0    86.1    30.0   -88.2    35.8   -89.0
  2234    44.7   -85.4    38.9    87.6    26.1    86.1    29.9   -88.2    35.8   -89.0
  2238    44.5   -85.4    39.0    87.6    26.2    86.2    29.9   -88.2    35.8   -89.0
  2242    44.4   -85.5    39.0    87.6    26.3    86.2    29.8   -88.2    35.7   -89.0
  2246    44.3   -85.5    39.1    87.6    26.4    86.2    29.8   -88.2    35.7   -89.0
  2250    44.1   -85.6    39.2    87.6    26.5    86.3    29.7   -88.2    35.7   -89.0
  2254    44.0   -85.6    39.2    87.6    26.7    86.3    29.6   -88.2    35.7   -89.0
  2258    43.9   -85.6    39.3    87.6    26.8    86.4    29.6   -88.1    35.6   -89.0
  2262    43.7   -85.7    39.4    87.6    26.9    86.4    29.5   -88.1    35.6   -89.0
  2266    43.6   -85.7    39.5    87.6    27.0    86.4    29.5   -88.1    35.6   -89.0
  2270    43.5   -85.7    39.5    87.6    27.1    86.5    29.4   -88.1    35.5   -89.0
  2273    43.3   -85.8    39.6    87.6    27.2    86.5    29.4   -88.1    35.5   -89.0
  2277    43.2   -85.8    39.7    87.6    27.3    86.5    29.3   -88.1    35.5   -89.0
  2281    43.1   -85.8    39.8    87.6    27.4    86.6    29.2   -88.1    35.4   -89.0
  2285    43.0   -85.8    39.8    87.5    27.5    86.6    29.2   -88.1    35.4   -89.0
  2289    42.8   -85.9    39.9    87.5    27.6    86.6    29.1   -88.1    35.4   -89.0
  2293    42.7   -85.9    40.0    87.5    27.7    86.7    29.1   -88.0    35.4   -89.0
  2297    42.6   -85.9    40.1    87.5    27.8    86.7    29.0   -88.0    35.3   -89.0
  2301    42.5   -85.9    40.1    87.5    27.9    86.7    29.0   -88.0    35.3   -89.0
  2305    42.4   -86.0    40.2    87.5    28.0    86.7    28.9   -88.0    35.3   -89.0
  2309    42.2   -86.0    40.3    87.5    28.1    86.8    28.8   -88.0    35.2   -89.0
  2313    42.1   -86.0    40.3    87.5    28.2    86.8    28.8   -88.0    35.2   -89.0
  2316    42.0   -86.0    40.4    87.5    28.3    86.8    28.7   -88.0    35.2   -89.0
  2320    41.9   -86.0    40.5    87.5    28.4    86.8    28.7   -88.0    35.2   -89.0
  2324    41.8   -86.1    40.6    87.5    28.5    86.9    28.6   -87.9    35.1   -89.0
  2328    41.6   -86.1    40.6    87.5    28.6    86.9    28.5   -87.9    35.1   -89.0
  2332    41.5   -86.1    40.7    87.5    28.7    86.9    28.5   -87.9    35.1   -89.0
  2336    41.4   -86.1    40.8    87.5    28.8    86.9    28.4   -87.9    35.0   -89.0
  2340    41.3   -86.1    40.9    87.4    28.8    87.0    28.3   -87.9    35.0   -89.0
  2344    41.2   -86.1    41.0    87.4    28.9    87.0    28.3   -87.9    35.0   -89.0
  2348    41.1   -86.1    41.0    87.4    29.0    87.0    28.2   -87.9    34.9   -89.0
  2352    41.0   -86.2    41.1    87.4    29.1    87.0    28.2   -87.8    34.9   -89.0
  2355    40.8   -86.2    41.2    87.4    29.2    87.0    28.1   -87.8    34.9   -89.0
  2359    40.7   -86.2    41.3    87.4    29.3    87.1    28.0   -87.8    34.9   -89.0
  2363    40.6   -86.2    41.3    87.4    29.4    87.1    28.0   -87.8    34.8   -89.0
  2367    40.5   -86.2    41.4    87.4    29.5    87.1    27.9   -87.8    34.8   -89.0
  2371    40.4   -86.2    41.5    87.4    29.5    87.1    27.8   -87.8    34.8   -89.0
  2375    40.3   -86.2    41.6    87.4    29.6    87.1    27.8   -87.7    34.7   -89.0
  2379    40.2   -86.2    41.6    87.3    29.7    87.2    27.7   -87.7    34.7   -89.0
  2383    40.1   -86.2    41.7    87.3    29.8    87.2    27.6   -87.7    34.7   -89.0
  2387    39.9   -86.2    41.8    87.3    29.9    87.2    27.6   -87.7    34.6   -89.0
  2391    39.8   -86.2    41.9    87.3    30.0    87.2    27.5   -87.7    34.6   -89.0
  2395    39.7   -86.3    42.0    87.3    30.0    87.2    27.4   -87.7    34.6   -89.0
  2398    39.6   -86.3    42.0    87.3    30.1    87.2    27.4   -87.6    34.6   -89.0
  2402    39.5   -86.3    42.1    87.3    30.2    87.3    27.3   -87.6    34.5   -89.0
  2406    39.4   -86.3    42.2    87.3    30.3    87.3    27.2   -87.6    34.5   -89.0
  2410    39.3   -86.3    42.3    87.2    30.4    87.3    27.2   -87.6    34.5   -89.0
  2414    39.2   -86.3    42.4    87.2    30.4    87.3    27.1   -87.6    34.4   -88.9
  2418    39.1   -86.3    42.4    87.2    30.5    87.3    27.0   -87.6    34.4   -88.9
  2422    39.0   -86.3    42.5    87.2    30.6    87.3    26.9   -87.5    34.4   -88.9
  2426    38.9   -86.3    42.6    87.2    30.7    87.4    26.9   -87.5    34.3   -88.9
  2430    38.7   -86.3    42.7    87.2    30.7    87.4    26.8   -87.5    34.3   -88.9
  2434    38.6   -86.3    42.8    87.2    30.8    87.4    26.7   -87.5    34.3   -88.9
  2438    38.5   -86.3    42.8    87.1    30.9    87.4    26.6   -87.5    34.2   -88.9
  2441    38.4   -86.3    42.9    87.1    31.0    87.4    26.6   -87.4    34.2   -88.9
  2445    38.3   -86.3    43.0    87.1    31.0    87.4    26.5   -87.4    34.2   -88.9
  2449    38.2   -86.3    43.1    87.1    31.1    87.4    26.4   -87.4    34.2   -88.9
  2453    38.1   -86.3    43.2    87.1    31.2    87.5    26.3   -87.4    34.1   -88.9
  2457    38.0   -86.3    43.3    87.1    31.3    87.5    26.3   -87.3    34.1   -88.9
  2461    37.9   -86.3    43.3    87.0    31.3    87.5    26.2   -87.3    34.1   -88.9
  2465    37.8   -86.2    43.4    87.0    31.4    87.5    26.1   -87.3    34.0   -88.9
  2469    37.7   -86.2    43.5    87.0    31.5    87.5    26.0   -87.3    34.0   -88.9
  2473    37.6   -86.2    43.6    87.0    31.6    87.5    26.0   -87.2    34.0   -88.9
  2477    37.4   -86.2    43.7    87.0    31.6    87.5    25.9   -87.2    33.9   -88.9
  2480    37.3   -86.2    43.8    87.0    31.7    87.5    25.8   -87.2    33.9   -88.9
  2484    37.2   -86.2    43.9    86.9    31.8    87.5    25.7   -87.2    33.9   -88.9
  2488    37.1   -86.2    44.0    86.9    31.8    87.6    25.6   -87.1    33.8   -88.9
  2492    37.0   -86.2    44.0    86.9    31.9    87.6    25.6   -87.1    33.8   -88.9
  2496    36.9   -86.2    44.1    86.9    32.0    87.6    25.5   -87.1    33.8   -88.9
  2500    36.8   -86.2    44.2    86.9    32.0    87.6    25.4   -87.1    33.7   -88.9
  2504    36.7   -86.2    44.3    86.8    32.1    87.6    25.3   -87.0    33.7   -88.9
  2508    36.6   -86.2    44.4    86.8    32.2    87.6    25.2   -87.0    33.7   -88.9
  2512    36.5   -86.1    44.5    86.8    32.3    87.6    25.1   -87.0    33.6   -88.9
  2516    36.3   -86.1    44.6    86.8    32.3    87.6    25.1   -87.0    33.6   -88.9
  2520    36.2   -86.1    44.7    86.7    32.4    87.6    25.0   -86.9    33.6   -88.9
  2523    36.1   -86.1    44.8    86.7    32.5    87.6    24.9   -86.9    33.6   -88.9
  2527    36.0   -86.1    44.9    86.7    32.5    87.6    24.8   -86.9    33.5   -88.9
  2531    35.9   -86.1    45.0    86.7    32.6    87.7    24.7   -86.8    33.5   -88.9
  2535    35.8   -86.0    45.1    86.6    32.7    87.7    24.6   -86.8    33.5   -88.9
  2539    35.7   -86.0    45.2    86.6    32.7    87.7    24.5   -86.8    33.4   -88.9
  2543    35.6   -86.0    45.3    86.6    32.8    87.7    24.4   -86.7    33.4   -88.9
  2547    35.5   -86.0    45.4    86.5    32.9    87.7    24.3   -86.7    33.4   -88.9
  2551    35.3   -86.0    45.4    86.5    32.9    87.7    24.2   -86.7    33.3   -88.9
  2555    35.2   -86.0    45.5    86.5    33.0    87.7    24.1   -86.6    33.3   -88.9
  2559    35.1   -85.9    45.6    86.5    33.1    87.7    24.0   -86.6    33.3   -88.8
  2563    35.0   -85.9    45.7    86.4    33.1    87.7    23.9   -86.5    33.2   -88.8
  2566    34.9   -85.9    45.8    86.4    33.2    87.7    23.8   -86.5    33.2   -88.8
  2570    34.8   -85.9    46.0    86.4    33.2    87.7    23.7   -86.5    33.2   -88.8
  2574    34.6   -85.8    46.1    86.3    33.3    87.7    23.6   -86.4    33.1   -88.8
  2578    34.5   -85.8    46.2    86.3    33.4    87.7    23.5   -86.4    33.1   -88.8
  2582    34.4   -85.8    46.3    86.3    33.4    87.8    23.4   -86.3    33.1   -88.8
  2586    34.3   -85.8    46.4    86.2    33.5    87.8    23.3   -86.3    33.0   -88.8
  2590    34.2   -85.7    46.5    86.2    33.6    87.8    23.2   -86.2    33.0   -88.8
  2594    34.0   -85.7    46.6    86.1    33.6    87.8    23.1   -86.2    33.0   -88.8
  2598    33.9   -85.7    46.7    86.1    33.7    87.8    23.0   -86.2    32.9   -88.8
  2602    33.8   -85.6    46.8    86.1    33.8    87.8    22.9   -86.1    32.9   -88.8
  2605    33.7   -85.6    46.9    86.0    33.8    87.8    22.8   -86.1    32.9   -88.8
  2609    33.6   -85.6    47.0    86.0    33.9    87.8    22.7   -86.0    32.8   -88.8
  2613    33.4   -85.5    47.1    85.9    33.9    87.8    22.6   -86.0    32.8   -88.8
  2617    33.3   -85.5    47.3    85.9    34.0    87.8    22.5   -85.9    32.8   -88.8
  2621    33.2   -85.5    47.4    85.8    34.1    87.8    22.4   -85.8    32.7   -88.8
  2625    33.1   -85.4    47.5    85.8    34.1    87.8    22.2   -85.8    32.7   -88.8
  2629    32.9   -85.4    47.6    85.8    34.2    87.8    22.1   -85.7    32.7   -88.8
  2633    32.8   -85.3    47.7    85.7    34.2    87.8    22.0   -85.7    32.6   -88.8
  2637    32.7   -85.3    47.8    85.7    34.3    87.8    21.9   -85.6    32.6   -88.8
  2641    32.5   -85.3    48.0    85.6    34.4    87.8    21.8   -85.5    32.6   -88.8
  2645    32.4   -85.2    48.1    85.5    34.4    87.8    21.6   -85.5    32.5   -88.8
  2648    32.3   -85.2    48.2    85.5    34.5    87.8    21.5   -85.4    32.5   -88.8
  2652    32.1   -85.1    48.3    85.4    34.5    87.9    21.4   -85.3    32.5   -88.8
  2656    32.0   -85.1    48.5    85.4    34.6    87.9    21.2   -85.3    32.4   -88.8
  2660    31.9   -85.0    48.6    85.3    34.7    87.9    21.1   -85.2    32.4   -88.8
  2664    31.7   -85.0    48.7    85.3    34.7    87.9    21.0   -85.1    32.4   -88.8
  2668    31.6   -84.9    48.9    85.2    34.8    87.9    20.8   -85.1    32.3   -88.8
  2672    31.4   -84.8    49.0    85.1    34.8    87.9    20.7   -85.0    32.3   -88.7
  2676    31.3   -84.8    49.1    85.1    34.9    87.9    20.6   -84.9    32.3   -88.7
  2680    31.2   -84.7    49.3    85.0    35.0    87.9    20.4   -84.8    32.2   -88.7
  2684    31.0   -84.7    49.4    84.9    35.0    87.9    20.3   -84.7    32.2   -88.7
  2688    30.9   -84.6    49.5    84.8    35.1    87.9    20.1   -84.6    32.1   -88.7
  2691    30.7   -84.5    49.7    84.8    35.1    87.9    20.0   -84.5    32.1   -88.7
  2695    30.6   -84.4    49.8    84.7    35.2    87.9    19.8   -84.4    32.1   -88.7
  2699    30.4   -84.4    50.0    84.6    35.2    87.9    19.7   -84.3    32.0   -88.7
  2703    30.2   -84.3    50.1    84.5    35.3    87.9    19.5   -84.2    32.0   -88.7
  2707    30.1   -84.2    50.3    84.4    35.4    87.9    19.4   -84.1    32.0   -88.7
  2711    29.9   -84.1    50.4    84.3    35.4    87.9    19.2   -84.0    31.9   -88.7
  2715    29.8   -84.0    50.6    84.2    35.5    87.9    19.0   -83.9    31.9   -88.7
  2719    29.6   -84.0    50.8    84.1    35.5    87.9    18.9   -83.8    31.9   -88.7
  2723    29.4   -83.9    50.9    84.0    35.6    87.9    18.7   -83.6    31.8   -88.7
  2727    29.3   -83.8    51.1    83.9    35.7    87.9    18.5   -83.5    31.8   -88.7
  2730    29.1   -83.7    51.2    83.8    35.7    87.9    18.3   -83.4    31.8   -88.7
  2734    28.9   -83.6    51.4    83.7    35.8    87.9    18.2   -83.2    31.7   -88.7
  2738    28.7   -83.4    51.6    83.6    35.8    87.9    18.0   -83.1    31.7   -88.7
  2742    28.6   -83.3    51.8    83.4    35.9    87.9    17.8   -82.9    31.6   -88.7
  2746    28.4   -83.2    51.9    83.3    35.9    87.9    17.6   -82.8    31.6   -88.7
  2750    28.2   -83.1    52.1    83.2    36.0    87.9    17.4   -82.6    31.6   -88.7
  2754    28.0   -83.0    52.3    83.0    36.0    87.9    17.2   -82.4    31.5   -88.7
  2758    27.8   -82.8    52.5    82.9    36.1    87.9    17.0   -82.2    31.5   -88.7
  2762    27.6   -82.7    52.7    82.7    36.2    87.9    16.8   -82.0    31.5   -88.6
  2766    27.4   -82.5    52.9    82.6    36.2    87.9    16.6   -81.8    31.4   -88.6
  2770    27.2   -82.4    53.1    82.4    36.3    87.9    16.3   -81.6    31.4   -88.6
  2773    27.0   -82.2    53.3    82.2    36.3    87.9    16.1   -81.4    31.4   -88.6
  2777    26.8   -82.0    53.5    82.0    36.4    87.9    15.9   -81.1    31.3   -88.6
  2781    26.6   -81.9    53.7    81.8    36.4    87.9    15.6   -80.9    31.3   -88.6
  2785    26.4   -81.7    54.0    81.6    36.5    87.9    15.4   -80.6    31.2   -88.6
  2789    26.1   -81.5    54.2    81.4    36.6    87.9    15.1   -80.3    31.2   -88.6
  2793    25.9   -81.2    54.4    81.2    36.6    87.9    14.9   -80.0    31.2   -88.6
  2797    25.7   -81.0    54.7    80.9    36.7    87.9    14.6   -79.7    31.1   -88.6
  2801    25.4   -80.8    54.9    80.7    36.7    87.9    14.3   -79.4    31.1   -88.6
  2805    25.2   -80.5    55.2    80.4    36.8    87.9    14.0   -79.0    31.1   -88.6
  2809    24.9   -80.3    55.4    80.1    36.8    87.9    13.7   -78.6    31.0   -88.6
  2813    24.7   -80.0    55.7    79.8    36.9    88.0    13.4   -78.2    31.0   -88.6
  2816    24.4   -79.7    56.0    79.5    36.9    88.0    13.1   -77.7    30.9   -88.6
  2820    24.1   -79.4    56.2    79.1    37.0    88.0    12.8   -77.3    30.9   -88.6
  2824    23.8   -79.0    56.5    78.7    37.1    88.0    12.5   -76.7    30.9   -88.6
  2828    23.5   -78.7    56.8    78.3    37.1    88.0    12.1   -76.2    30.8   -88.6
  2832    23.2   -78.3    57.1    77.9    37.2    88.0    11.7   -75.6    30.8   -88.6
  2836    22.9   -77.9    57.5    77.5    37.2    88.0    11.4   -74.9    30.7   -88.6
  2840    22.6   -77.4    57.8    77.0    37.3    88.0    11.0   -74.2    30.7   -88.5
  2844    22.3   -76.9    58.1    76.4    37.3    88.0    10.6   -73.4    30.7   -88.5
  2848    21.9   -76.4    58.5    75.8    37.4    88.0    10.1   -72.5    30.6   -88.5
  2852    21.5   -75.8    58.9    75.2    37.4    88.0     9.7   -71.5    30.6   -88.5
  2855    21.2   -75.2    59.3    74.5    37.5    88.0     9.2   -70.4    30.6   -88.5
  2859    20.8   -74.5    59.7    73.8    37.5    88.0     8.7   -69.2    30.5   -88.5
  2863    20.4   -73.8    60.1    72.9    37.6    88.0     8.2   -67.8    30.5   -88.5
  2867    20.0   -73.0    60.5    72.0    37.7    88.0     7.6   -66.3    30.4   -88.5
  2871    19.5   -72.1    61.0    71.0    37.7    88.0     7.1   -64.5    30.4   -88.5
  2875    19.1   -71.1    61.5    69.9    37.8    87.9     6.4   -62.5    30.4   -88.5
  2879    18.6   -70.0    62.0    68.6    37.8    87.9     5.8   -60.2    30.3   -88.5
  2883    18.1   -68.7    62.5    67.2    37.9    87.9     5.1   -57.5    30.3   -88.5
  2887    17.5   -67.3    63.1    65.5    37.9    87.9     4.4   -54.3    30.2   -88.5
  2891    17.0   -65.7    63.7    63.7    38.0    87.9     3.7   -50.5    30.2   -88.5
  2895    16.4   -63.9    64.3    61.5    38.0    87.9     2.9   -46.1    30.2   -88.5
  2898    15.8   -61.8    65.0    59.0    38.1    87.9     2.2   -40.7    30.1   -88.5
  2902    15.1   -59.4    65.6    56.1    38.2    87.9     1.4   -34.4    30.1   -88.5
  2906    14.4   -56.6    66.4    52.7    38.2    87.9     0.8   -27.0    30.0   -88.4
  2910    13.7   -53.3    67.1    48.7    38.3    87.9     0.2   -18.5    30.0   -88.4
  2914    13.0   -49.4    67.9    43.9    38.3    87.9    -0.1    -9.0    29.9   -88.4
  2918    12.2   -44.7    68.6    38.2    38.4    87.9    -0.2     0.9    29.9   -88.4
  2922    11.5   -39.2    69.3    31.5    38.4    87.9    -0.0    10.8    29.9   -88.4
  2926    10.8   -32.6    69.9    23.6    38.5    87.9     0.4    20.1    29.8   -88.4
  2930    10.1   -24.9    70.4    14.7    38.5    87.9     0.9    28.4    29.8   -88.4
  2934     9.6   -16.1    70.7     5.0    38.6    87.9     1.6    35.5    29.7   -88.4
  2938     9.3    -6.5    70.6    -5.0    38.6    87.9     2.3    41.6    29.7   -88.4
  2941     9.3     3.4    70.4   -14.7    38.7    87.9     3.1    46.7    29.6   -88.4
  2945     9.5    13.2    69.9   -23.6    38.8    87.9     3.9    51.0    29.6   -88.4
  2949    10.0    22.2    69.3   -31.4    38.8    87.9     4.6    54.6    29.6   -88.4
  2953    10.6    30.2    68.6   -38.1    38.9    87.9     5.3    57.7    29.5   -88.4
  2957    11.3    37.1    67.8   -43.7    38.9    87.9     6.0    60.3    29.5   -88.4
  2961    12.0    42.9    67.1   -48.5    39.0    87.9     6.6    62.6    29.4   -88.3
  2965    12.8    47.8    66.3   -52.5    39.0    87.9     7.2    64.5    29.4   -88.3
  2969    13.5    51.9    65.6   -55.9    39.1    87.9     7.8    66.2    29.3   -88.3
  2973    14.3    55.3    64.9   -58.7    39.1    87.9     8.3    67.7    29.3   -88.3
  2977    14.9    58.3    64.3   -61.2    39.2    87.9     8.8    69.1    29.3   -88.3
  2980    15.6    60.8    63.6   -63.3    39.2    87.9     9.3    70.2    29.2   -88.3
  2984    16.2    62.9    63.1   -65.2    39.3    87.9     9.8    71.3    29.2   -88.3
  2988    16.8    64.8    62.5   -66.8    39.4    87.9    10.2    72.3    29.1   -88.3
  2992    17.4    66.5    62.0   -68.2    39.4    87.9    10.7    73.1    29.1   -88.3
  2996    17.9    67.9    61.5   -69.5    39.5    87.9    11.1    73.9    29.0   -88.3
  3000    18.4    69.2    61.0   -70.6    39.5    87.9    11.5    74.6    29.0   -88.3
  3004    18.9    70.4    60.5   -71.6    39.6    87.9    11.8    75.3    28.9   -88.3
  3008    19.4    71.4    60.1   -72.5    39.6    87.9    12.2    75.9    28.9   -88.3
  3012    19.8    72.3    59.6   -73.4    39.7    87.9    12.5    76.4    28.9   -88.2
  3016    20.3    73.1    59.2   -74.1    39.7    87.9    12.9    76.9    28.8   -88.2
  3020    20.7    73.9    58.9   -74.8    39.8    87.9    13.2    77.4    28.8   -88.2
  3023    21.1    74.6    58.5   -75.4    39.9    87.9    13.5    77.9    28.7   -88.2
  3027    21.4    75.2    58.1   -76.0    39.9    87.9    13.8    78.3    28.7   -88.2
  3031    21.8    75.8    57.8   -76.6    40.0    87.9    14.1    78.6    28.6   -88.2
  3035    22.2    76.3    57.5   -77.0    40.0    87.9    14.4    79.0    28.6   -88.2
  3039    22.5    76.8    57.1   -77.5    40.1    87.8    14.7    79.3    28.5   -88.2
  3043    22.8    77.3    56.8   -77.9    40.1    87.8    14.9    79.7    28.5   -88.2
  3047    23.1    77.7    56.5   -78.3    40.2    87.8    15.2    80.0    28.4   -88.2
  3051    23.4    78.1    56.2   -78.7    40.3    87.8    15.4    80.2    28.4   -88.2
  3055    23.7    78.5    55.9   -79.0    40.3    87.8    15.7    80.5    28.3   -88.1
  3059    24.0    78.8    55.7   -79.4    40.4    87.8    15.9    80.8    28.3   -88.1
  3063    24.3    79.2    55.4   -79.7    40.4    87.8    16.2    81.0    28.2   -88.1
  3066    24.6    79.5    55.2   -80.0    40.5    87.8    16.4    81.2    28.2   -88.1
  3070    24.8    79.8    54.9   -80.2    40.5    87.8    16.6    81.4    28.1   -88.1
  3074    25.1    80.0    54.7   -80.5    40.6    87.8    16.8    81.6    28.1   -88.1
  3078    25.4    80.3    54.4   -80.7    40.6    87.8    17.0    81.8    28.0   -88.1
  3082    25.6    80.5    54.2   -81.0    40.7    87.8    17.2    82.0    28.0   -88.1
  3086    25.8    80.7    54.0   -81.2    40.8    87.8    17.4    82.2    27.9   -88.1
  3090    26.1    81.0    53.7   -81.4    40.8    87.8    17.6    82.4    27.9   -88.1
  3094    26.3    81.2    53.5   -81.6    40.9    87.8    17.8    82.5    27.8   -88.0
  3098    26.5    81.3    53.3   -81.8    40.9    87.8    18.0    82.7    27.8   -88.0
  3102    26.7    81.5    53.1   -82.0    41.0    87.8    18.2    82.8    27.7   -88.0
  3105    26.9    81.7    52.9   -82.1    41.0    87.8    18.4    83.0    27.7   -88.0
  3109    27.2    81.9    52.7   -82.3    41.1    87.8    18.6    83.1    27.6   -88.0
  3113    27.4    82.0    52.5   -82.4    41.2    87.7    18.7    83.2    27.6   -88.0
  3117    27.6    82.2    52.3   -82.6    41.2    87.7    18.9    83.4    27.5   -88.0
  3121    27.8    82.3    52.1   -82.7    41.3    87.7    19.1    83.5    27.5   -88.0
  3125    28.0    82.5    51.9   -82.9    41.3    87.7    19.2    83.6    27.4   -88.0
  3129    28.1    82.6    51.8   -83.0    41.4    87.7    19.4    83.7    27.4   -87.9
  3133    28.3    82.7    51.6   -83.1    41.5    87.7    19.6    83.8    27.3   -87.9
  3137    28.5    82.8    51.4   -83.2    41.5    87.7    19.7    83.9    27.3   -87.9
  3141    28.7    83.0    51.2   -83.4    41.6    87.7    19.9    84.0    27.2   -87.9
  3145    28.9    83.1    51.1   -83.5    41.6    87.7    20.0    84.1    27.2   -87.9
  3148    29.0    83.2    50.9   -83.6    41.7    87.7    20.2    84.2    27.1   -87.9
  3152    29.2    83.3    50.7   -83.7    41.7    87.7    20.3    84.3    27.1   -87.9
  3156    29.4    83.4    50.6   -83.8    41.8    87.7    20.5    84.4    27.0   -87.9
  3160    29.6    83.5    50.4   -83.9    41.9    87.7    20.6    84.5    27.0   -87.8
  3164    29.7    83.5    50.3   -84.0    41.9    87.7    20.7    84.5    26.9   -87.8
  3168    29.9    83.6    50.1   -84.1    42.0    87.6    20.9    84.6    26.8   -87.8
  3172    30.0    83.7    50.0   -84.1    42.0    87.6    21.0    84.7    26.8   -87.8
  3176    30.2    83.8    49.8   -84.2    42.1    87.6    21.1    84.8    26.7   -87.8
  3180    30.4    83.9    49.7   -84.3    42.2    87.6    21.3    84.9    26.7   -87.8
  3184    30.5    83.9    49.5   -84.4    42.2    87.6    21.4    84.9    26.6   -87.8
  3188    30.7    84.0    49.4   -84.5    42.3    87.6    21.5    85.0    26.6   -87.7
  3191    30.8    84.1    49.3   -84.5    42.3    87.6    21.7    85.1    26.5   -87.7
  3195    31.0    84.2    49.1   -84.6    42.4    87.6    21.8    85.1    26.4   -87.7
  3199    31.1    84.2    49.0   -84.7    42.5    87.6    21.9    85.2    26.4   -87.7
  3203    31.3    84.3    48.9   -84.7    42.5    87.6    22.0    85.2    26.3   -87.7
  3207    31.4    84.3    48.7   -84.8    42.6    87.6    22.1    85.3    26.3   -87.7
  3211    31.5    84.4    48.6   -84.9    42.7    87.5    22.3    85.4    26.2   -87.7
  3215    31.7    84.4    48.5   -84.9    42.7    87.5    22.4    85.4    26.2   -87.6
  3219    31.8    84.5    48.3   -85.0    42.8    87.5    22.5    85.5    26.1   -87.6
  3223    32.0    84.6    48.2   -85.0    42.8    87.5    22.6    85.5    26.0   -87.6
  3227    32.1    84.6    48.1   -85.1    42.9    87.5    22.7    85.6    26.0   -87.6
  3230    32.2    84.7    48.0   -85.1    43.0    87.5    22.8    85.6    25.9   -87.6
  3234    32.4    84.7    47.8   -85.2    43.0    87.5    22.9    85.7    25.9   -87.6
  3238    32.5    84.7    47.7   -85.2    43.1    87.5    23.0    85.7    25.8   -87.5
  3242    32.6    84.8    47.6   -85.3    43.2    87.5    23.2    85.8    25.7   -87.5
  3246    32.8    84.8    47.5   -85.3    43.2    87.5    23.3    85.8    25.7   -87.5
  3250    32.9    84.9    47.4   -85.4    43.3    87.4    23.4    85.9    25.6   -87.5
  3254    33.0    84.9    47.3   -85.4    43.4    87.4    23.5    85.9    25.5   -87.5
  3258    33.1    84.9    47.1   -85.5    43.4    87.4    23.6    85.9    25.5   -87.5
  3262    33.3    85.0    47.0   -85.5    43.5    87.4    23.7    86.0    25.4   -87.4
  3266    33.4    85.0    46.9   -85.6    43.5    87.4    23.8    86.0    25.4   -87.4
  3270    33.5    85.0    46.8   -85.6    43.6    87.4    23.9    86.1    25.3   -87.4
  3273    33.6    85.1    46.7   -85.6    43.7    87.4    24.0    86.1    25.2   -87.4
  3277    33.8    85.1    46.6   -85.7    43.7    87.4    24.1    86.1    25.2   -87.4
  3281    33.9    85.1    46.5   -85.7    43.8    87.3    24.2    86.2    25.1   -87.3
  3285    34.0    85.2    46.4   -85.7    43.9    87.3    24.3    86.2    25.0   -87.3
  3289    34.1    85.2    46.3   -85.8    43.9    87.3    24.3    86.3    25.0   -87.3
  3293    34.3    85.2    46.2   -85.8    44.0    87.3    24.4    86.3    24.9   -87.3
  3297    34.4    85.2    46.1   -85.9    44.1    87.3    24.5    86.3    24.8   -87.3
  3301    34.5    85.3    46.0   -85.9    44.1    87.3    24.6    86.4    24.8   -87.2
  3305    34.6    85.3    45.8   -85.9    44.2    87.3    24.7    86.4    24.7   -87.2
  3309    34.7    85.3    45.7   -85.9    44.3    87.2    24.8    86.4    24.6   -87.2
  3313    34.8    85.3    45.6   -86.0    44.4    87.2    24.9    86.4    24.5   -87.2
  3316    35.0    85.3    45.5   -86.0    44.4    87.2    25.0    86.5    24.5   -87.2
  3320    35.1    85.4    45.4   -86.0    44.5    87.2    25.1    86.5    24.4   -87.1
  3324    35.2    85.4    45.3   -86.1    44.6    87.2    25.2    86.5    24.3   -87.1
  3328    35.3    85.4    45.3   -86.1    44.6    87.2    25.2    86.6    24.3   -87.1
  3332    35.4    85.4    45.2   -86.1    44.7    87.2    25.3    86.6    24.2   -87.1
  3336    35.5    85.4    45.1   -86.1    44.8    87.1    25.4    86.6    24.1   -87.0
  3340    35.6    85.4    45.0   -86.2    44.8    87.1    25.5    86.7    24.0   -87.0
  3344    35.8    85.5    44.9   -86.2    44.9    87.1    25.6    86.7    24.0   -87.0
  3348    35.9    85.5    44.8   -86.2    45.0    87.1    25.7    86.7    23.9   -87.0
  3352    36.0    85.5    44.7   -86.2    45.1    87.1    25.7    86.7    23.8   -86.9
  3355    36.1    85.5    44.6   -86.3    45.1    87.1    25.8    86.8    23.7   -86.9
  3359    36.2    85.5    44.5   -86.3    45.2    87.0    25.9    86.8    23.7   -86.9
  3363    36.3    85.5    44.4   -86.3    45.3    87.0    26.0    86.8    23.6   -86.8
  3367    36.4    85.5    44.3   -86.3    45.3    87.0    26.1    86.8    23.5   -86.8
  3371    36.5    85.5    44.2   -86.3    45.4    87.0    26.1    86.8    23.4   -86.8
  3375    36.6    85.5    44.1   -86.4    45.5    87.0    26.2    86.9    23.3   -86.8
  3379    36.8    85.6    44.0   -86.4    45.6    86.9    26.3    86.9    23.3   -86.7
  3383    36.9    85.6    44.0   -86.4    45.6    86.9    26.4    86.9    23.2   -86.7
  3387    37.0    85.6    43.9   -86.4    45.7    86.9    26.4    86.9    23.1   -86.7
  3391    37.1    85.6    43.8   -86.4    45.8    86.9    26.5    87.0    23.0   -86.6
  3395    37.2    85.6    43.7   -86.5    45.9    86.9    26.6    87.0    22.9   -86.6
  3398    37.3    85.6    43.6   -86.5    46.0    86.8    26.7    87.0    22.9   -86.6
  3402    37.4    85.6    43.5   -86.5    46.0    86.8    26.7    87.0    22.8   -86.5
  3406    37.5    85.6    43.4   -86.5    46.1    86.8    26.8    87.0    22.7   -86.5
  3410    37.6    85.6    43.3   -86.5    46.2    86.8    26.9    87.1    22.6   -86.5
  3414    37.7    85.6    43.3   -86.5    46.3    86.7    27.0    87.1    22.5   -86.4
  3418    37.8    85.6    43.2   -86.6    46.4    86.7    27.0    87.1    22.4   -86.4
  3422    37.9    85.6    43.1   -86.6    46.4    86.7    27.1    87.1    22.3   -86.4
  3426    38.1    85.6    43.0   -86.6    46.5    86.7    27.2    87.1    22.2   -86.3
  3430    38.2    85.6    42.9   -86.6    46.6    86.6    27.2    87.2    22.2   -86.3
  3434    38.3    85.6    42.8   -86.6    46.7    86.6    27.3    87.2    22.1   -86.2
  3438    38.4    85.6    42.8   -86.6    46.8    86.6    27.4    87.2    22.0   -86.2
  3441    38.5    85.6    42.7   -86.6    46.8    86.6    27.4    87.2    21.9   -86.2
  3445    38.6    85.6    42.6   -86.7    46.9    86.5    27.5    87.2    21.8   -86.1
  3449    38.7    85.6    42.5   -86.7    47.0    86.5    27.6    87.2    21.7   -86.1
  3453    38.8    85.6    42.4   -86.7    47.1    86.5    27.6    87.3    21.6   -86.0
  3457    38.9    85.6    42.4   -86.7    47.2    86.5    27.7    87.3    21.5   -86.0
  3461    39.0    85.5    42.3   -86.7    47.3    86.4    27.8    87.3    21.4   -85.9
  3465    39.1    85.5    42.2   -86.7    47.4    86.4    27.8    87.3    21.3   -85.9
  3469    39.2    85.5    42.1   -86.7    47.4    86.4    27.9    87.3    21.2   -85.8
  3473    39.4    85.5    42.0   -86.7    47.5    86.3    28.0    87.3    21.1   -85.8
  3477    39.5    85.5    42.0   -86.8    47.6    86.3    28.0    87.3    21.0   -85.7
  3480    39.6    85.5    41.9   -86.8    47.7    86.3    28.1    87.4    20.9   -85.7
  3484    39.7    85.5    41.8   -86.8    47.8    86.2    28.2    87.4    20.8   -85.6
  3488    39.8    85.5    41.7   -86.8    47.9    86.2    28.2    87.4    20.7   -85.6
  3492    39.9    85.5    41.6   -86.8    48.0    86.2    28.3    87.4    20.6   -85.5
  3496    40.0    85.5    41.6   -86.8    48.1    86.1    28.4    87.4    20.5   -85.5
  3500    40.1    85.4    41.5   -86.8    48.2    86.1    28.4    87.4    20.4   -85.4
  3504    40.2    85.4    41.4   -86.8    48.3    86.1    28.5    87.4    20.2   -85.4
  3508    40.3    85.4    41.3   -86.8    48.4    86.0    28.5    87.5    20.1   -85.3
  3512    40.5    85.4    41.3   -86.8    48.5    86.0    28.6    87.5    20.0   -85.2
  3516    40.6    85.4    41.2   -86.8    48.6    85.9    28.7    87.5    19.9   -85.2
  3520    40.7    85.4    41.1   -86.8    48.7    85.9    28.7    87.5    19.8   -85.1
  3523    40.8    85.3    41.0   -86.9    48.8    85.9    28.8    87.5    19.7   -85.0
  3527    40.9    85.3    41.0   -86.9    48.9    85.8    28.8    87.5    19.5   -85.0
  3531    41.0    85.3    40.9   -86.9    49.0    85.8    28.9    87.5    19.4   -84.9
  3535    41.1    85.3    40.8   -86.9    49.1    85.7    29.0    87.5    19.3   -84.8
  3539    41.2    85.2    40.7   -86.9    49.2    85.7    29.0    87.6    19.2   -84.7
  3543    41.4    85.2    40.7   -86.9    49.3    85.6    29.1    87.6    19.1   -84.7
  3547    41.5    85.2    40.6   -86.9    49.4    85.6    29.1    87.6    18.9   -84.6
  3551    41.6    85.2    40.5   -86.9    49.5    85.5    29.2    87.6    18.8   -84.5
  3555    41.7    85.1    40.4   -86.9    49.6    85.5    29.3    87.6    18.7   -84.4
  3559    41.8    85.1    40.4   -86.9    49.7    85.4    29.3    87.6    18.5   -84.3
  3563    41.9    85.1    40.3   -86.9    49.8    85.4    29.4    87.6    18.4   -84.2
  3566    42.1    85.1    40.2   -86.9    49.9    85.3    29.4    87.6    18.3   -84.1
  3570    42.2    85.0    40.1   -86.9    50.0    85.3    29.5    87.6    18.1   -84.0
  3574    42.3    85.0    40.1   -86.9    50.2    85.2    29.5    87.7    18.0   -83.9
  3578    42.4    85.0    40.0   -86.9    50.3    85.1    29.6    87.7    17.8   -83.8
  3582    42.5    84.9    39.9   -86.9    50.4    85.1    29.6    87.7    17.7   -83.7
  3586    42.7    84.9    39.8   -86.9    50.5    85.0    29.7    87.7    17.5   -83.6
  3590    42.8    84.8    39.8   -86.9    50.6    85.0    29.8    87.7    17.4   -83.5
  3594    42.9    84.8    39.7   -86.9    50.7    84.9    29.8    87.7    17.2   -83.4
  3598    43.0    84.8    39.6   -86.9    50.9    84.8    29.9    87.7    17.1   -83.2
  3602    43.2    84.7    39.5   -86.9    51.0    84.8    29.9    87.7    16.9   -83.1
  3605    43.3    84.7    39.5   -86.9    51.1    84.7    30.0    87.7    16.7   -83.0
  3609    43.4    84.6    39.4   -86.9    51.2    84.6    30.0    87.7    16.6   -82.8
  3613    43.5    84.6    39.3   -86.9    51.4    84.5    30.1    87.8    16.4   -82.7
  3617    43.7    84.5    39.3   -87.0    51.5    84.5    30.1    87.8    16.2   -82.6
  3621    43.8    84.5    39.2   -87.0    51.6    84.4    30.2    87.8    16.0   -82.4
  3625    43.9    84.4    39.1   -87.0    51.8    84.3    30.2    87.8    15.9   -82.2
  3629    44.1    84.4    39.0   -87.0    51.9    84.2    30.3    87.8    15.7   -82.1
  3633    44.2    84.3    39.0   -87.0    52.0    84.1    30.4    87.8    15.5   -81.9
  3637    44.3    84.3    38.9   -87.0    52.2    84.0    30.4    87.8    15.3   -81.7
  3641    44.5    84.2    38.8   -87.0    52.3    83.9    30.5    87.8    15.1   -81.5
  3645    44.6    84.2    38.7   -87.0    52.5    83.8    30.5    87.8    14.9   -81.3
  3648    44.7    84.1    38.7   -87.0    52.6    83.7    30.6    87.8    14.7   -81.1
  3652    44.9    84.0    38.6   -87.0    52.8    83.6    30.6    87.8    14.5   -80.9
  3656    45.0    84.0    38.5   -87.0    52.9    83.5    30.7    87.8    14.3   -80.6
  3660    45.2    83.9    38.5   -87.0    53.1    83.4    30.7    87.9    14.0   -80.4
  3664    45.3    83.8    38.4   -87.0    53.2    83.3    30.8    87.9    13.8   -80.1
  3668    45.5    83.8    38.3   -87.0    53.4    83.2    30.8    87.9    13.6   -79.9
  3672    45.6    83.7    38.2   -86.9    53.5    83.0    30.9    87.9    13.4   -79.6
  3676    45.8    83.6    38.2   -86.9    53.7    82.9    30.9    87.9    13.1   -79.3
  3680    45.9    83.5    38.1   -86.9    53.9    82.8    31.0    87.9    12.9   -78.9
  3684    46.1    83.4    38.0   -86.9    54.0    82.6    31.0    87.9    12.6   -78.6
  3688    46.2    83.3    37.9   -86.9    54.2    82.5    31.1    87.9    12.3   -78.2
  3691    46.4    83.2    37.9   -86.9    54.4    82.3    31.1    87.9    12.1   -77.8
  3695    46.5    83.2    37.8   -86.9    54.6    82.2    31.2    87.9    11.8   -77.4
  3699    46.7    83.1    37.7   -86.9    54.8    82.0    31.2    87.9    11.5   -77.0
  3703    46.9    82.9    37.7   -86.9    54.9    81.8    31.3    87.9    11.2   -76.5
  3707    47.0    82.8    37.6   -86.9    55.1    81.7    31.3    87.9    10.9   -76.0
  3711    47.2    82.7    37.5   -86.9    55.3    81.5    31.4    87.9    10.6   -75.5
  3715    47.4    82.6    37.4   -86.9    55.5    81.3    31.4    88.0    10.2   -74.9
  3719    47.5    82.5    37.4   -86.9    55.7    81.1    31.5    88.0     9.9   -74.2
  3723    47.7    82.4    37.3   -86.9    55.9    80.9    31.5    88.0     9.5   -73.6
  3727    47.9    82.2    37.2   -86.9    56.2    80.6    31.5    88.0     9.1   -72.8
  3730    48.1    82.1    37.2   -86.9    56.4    80.4    31.6    88.0     8.8   -72.0
  3734    48.3    81.9    37.1   -86.9    56.6    80.1    31.6    88.0     8.4   -71.1
  3738    48.5    81.8    37.0   -86.9    56.8    79.9    31.7    88.0     7.9   -70.1
  3742    48.6    81.6    36.9   -86.9    57.1    79.6    31.7    88.0     7.5   -69.0
  3746    48.8    81.5    36.9   -86.9    57.3    79.3    31.8    88.0     7.0   -67.8
  3750    49.0    81.3    36.8   -86.9    57.6    79.0    31.8    88.0     6.6   -66.5
  3754    49.2    81.1    36.7   -86.9    57.8    78.7    31.9    88.0     6.1   -65.0
  3758    49.5    80.9    36.6   -86.9    58.1    78.3    31.9    88.0     5.5   -63.3
  3762    49.7    80.7    36.6   -86.9    58.3    77.9    32.0    88.0     5.0   -61.4
  3766    49.9    80.5    36.5   -86.8    58.6    77.5    32.0    88.0     4.4   -59.2
  3770    50.1    80.3    36.4   -86.8    58.9    77.1    32.1    88.0     3.8   -56.7
  3773    50.3    80.1    36.3   -86.8    59.2    76.7    32.1    88.0     3.2   -53.8
  3777    50.6    79.8    36.3   -86.8    59.5    76.2    32.2    88.0     2.5   -50.5
  3781    50.8    79.6    36.2   -86.8    59.8    75.7    32.2    88.0     1.9   -46.7
  3785    51.0    79.3    36.1   -86.8    60.2    75.1    32.2    88.1     1.2   -42.2
  3789    51.3    79.0    36.0   -86.8    60.5    74.5    32.3    88.1     0.6   -36.9
  3793    51.5    78.7    36.0   -86.8    60.8    73.8    32.3    88.1    -0.1   -30.9
  3797    51.8    78.4    35.9   -86.8    61.2    73.1    32.4    88.1    -0.6   -23.9
  3801    52.1    78.0    35.8   -86.8    61.6    72.3    32.4    88.1    -1.0   -16.2
  3805    52.3    77.7    35.7   -86.8    62.0    71.5    32.5    88.1    -1.3    -7.8
  3809    52.6    77.3    35.7   -86.8    62.4    70.6    32.5    88.1    -1.4     0.9
  3813    52.9    76.9    35.6   -86.7    62.8    69.5    32.6    88.1    -1.2     9.6
  3816    53.2    76.4    35.5   -86.7    63.3    68.4    32.6    88.1    -0.9    17.9
  3820    53.5    75.9    35.4   -86.7    63.7    67.2    32.6    88.1    -0.5    25.4
  3824    53.8    75.4    35.4   -86.7    64.2    65.7    32.7    88.1     0.1    32.1
  3828    54.2    74.9    35.3   -86.7    64.7    64.2    32.7    88.1     0.7    37.9
  3832    54.5    74.3    35.2   -86.7    65.3    62.4    32.8    88.1     1.4    43.0
  3836    54.9    73.6    35.1   -86.7    65.8    60.4    32.8    88.1     2.0    47.3
  3840    55.2    72.9    35.1   -86.7    66.4    58.1    32.9    88.1     2.7    51.0
  3844    55.6    72.1    35.0   -86.7    67.0    55.5    32.9    88.1     3.3    54.2
  3848    56.0    71.3    34.9   -86.6    67.6    52.4    33.0    88.1     4.0    57.0
  3852    56.4    70.4    34.8   -86.6    68.3    48.9    33.0    88.1     4.6    59.4
  3855    56.8    69.4    34.8   -86.6    68.9    44.8    33.0    88.1     5.1    61.5
  3859    57.3    68.2    34.7   -86.6    69.6    40.1    33.1    88.1     5.7    63.4
  3863    57.8    67.0    34.6   -86.6    70.2    34.6    33.1    88.1     6.2    65.0
  3867    58.2    65.6    34.5   -86.6    70.8    28.2    33.2    88.1     6.7    66.5
  3871    58.8    64.0    34.4   -86.6    71.3    21.0    33.2    88.2     7.2    67.8
  3875    59.3    62.3    34.4   -86.6    71.7    13.0    33.3    88.2     7.6    68.9
  3879    59.8    60.3    34.3   -86.5    71.9     4.6    33.3    88.2     8.0    70.0
  3883    60.4    58.0    34.2   -86.5    71.9    -4.1    33.3    88.2     8.5    70.9
  3887    61.0    55.4    34.1   -86.5    71.7   -12.6    33.4    88.2     8.9    71.8
  3891    61.7    52.3    34.0   -86.5    71.3   -20.6    33.4    88.2     9.2    72.6
  3895    62.3    48.9    34.0   -86.5    70.8   -27.8    33.5    88.2     9.6    73.4
  3898    63.0    44.8    33.9   -86.5    70.2   -34.2    33.5    88.2    10.0    74.0
  3902    63.6    40.1    33.8   -86.4    69.6   -39.7    33.5    88.2    10.3    74.7
  3906    64.3    34.6    33.7   -86.4    68.9   -44.4    33.6    88.2    10.6    75.2
  3910    64.8    28.3    33.6   -86.4    68.3   -48.5    33.6    88.2    11.0    75.8
  3914    65.3    21.1    33.6   -86.4    67.6   -52.0    33.7    88.2    11.3    76.3
  3918    65.7    13.2    33.5   -86.4    67.0   -55.1    33.7    88.2    11.6    76.7
  3922    65.9     4.8    33.4   -86.3    66.4   -57.7    33.8    88.2    11.8    77.2
  3926    65.9    -3.8    33.3   -86.3    65.8   -60.0    33.8    88.2    12.1    77.6
  3930    65.7   -12.3    33.2   -86.3    65.3   -62.0    33.8    88.2    12.4    77.9
  3934    65.4   -20.2    33.1   -86.3    64.7   -63.8    33.9    88.2    12.7    78.3
  3938    64.9   -27.4    33.0   -86.3    64.2   -65.4    33.9    88.2    12.9    78.6
  3941    64.3   -33.8    33.0   -86.2    63.7   -66.8    34.0    88.2    13.2    79.0
  3945    63.7   -39.3    32.9   -86.2    63.3   -68.0    34.0    88.2    13.4    79.3
  3949    63.0   -44.1    32.8   -86.2    62.8   -69.2    34.0    88.2    13.6    79.5
  3953    62.4   -48.2    32.7   -86.2    62.4   -70.2    34.1    88.2    13.9    79.8
  3957    61.7   -51.7    32.6   -86.1    62.0   -71.1    34.1    88.2    14.1    80.1
  3961    61.1   -54.8    32.5   -86.1    61.6   -72.0    34.2    88.2    14.3    80.3
  3965    60.5   -57.4    32.4   -86.1    61.2   -72.7    34.2    88.2    14.5    80.5
  3969    59.9   -59.7    32.3   -86.1    60.8   -73.5    34.2    88.2    14.7    80.8
  3973    59.3   -61.7    32.3   -86.0    60.5   -74.1    34.3    88.2    15.0    81.0
  3977    58.8   -63.5    32.2   -86.0    60.2   -74.7    34.3    88.2    15.1    81.2
  3980    58.3   -65.1    32.1   -86.0    59.8   -75.3    34.4    88.2    15.3    81.4
  3984    57.8   -66.5    32.0   -86.0    59.5   -75.8    34.4    88.2    15.5    81.5
  3988    57.3   -67.8    31.9   -85.9    59.2   -76.3    34.4    88.2    15.7    81.7
  3992    56.9   -68.9    31.8   -85.9    58.9   -76.7    34.5    88.2    15.9    81.9
  3996    56.4   -69.9    31.7   -85.9    58.6   -77.2    34.5    88.2    16.1    82.1
  4000    56.0   -70.9    31.6   -85.8    58.3   -77.6    34.6    88.3    16.3    82.2
  4004    55.6   -71.7    31.5   -85.8    58.1   -77.9    34.6    88.3    16.4    82.4
  4008    55.3   -72.5    31.4   -85.8    57.8   -78.3    34.6    88.3    16.6    82.5
  4012    54.9   -73.2    31.3   -85.8    57.6   -78.6    34.7    88.3    16.8    82.6
  4016    54.5   -73.8    31.2   -85.7    57.3   -78.9    34.7    88.3    16.9    82.8
  4020    54.2   -74.4    31.1   -85.7    57.1   -79.2    34.8    88.3    17.1    82.9
  4023    53.9   -75.0    31.0   -85.6    56.8   -79.5    34.8    88.3    17.3    83.0
  4027    53.5   -75.5    30.9   -85.6    56.6   -79.8    34.8    88.3    17.4    83.1
  4031    53.2   -76.0    30.8   -85.6    56.4   -80.0    34.9    88.3    17.6    83.3
  4035    52.9   -76.5    30.7   -85.5    56.2   -80.3    34.9    88.3    17.7    83.4
  4039    52.6   -76.9    30.6   -85.5    56.0   -80.5    35.0    88.3    17.9    83.5
  4043    52.4   -77.3    30.5   -85.5    55.7   -80.7    35.0    88.3    18.0    83.6
  4047    52.1   -77.6    30.4   -85.4    55.5   -80.9    35.0    88.3    18.1    83.7
  4051    51.8   -78.0    30.3   -85.4    55.3   -81.1    35.1    88.3    18.3    83.8
  4055    51.6   -78.3    30.2   -85.3    55.1   -81.3    35.1    88.3    18.4    83.9
  4059    51.3   -78.6    30.1   -85.3    54.9   -81.5    35.2    88.3    18.6    84.0
  4063    51.1   -78.9    30.0   -85.2    54.8   -81.6    35.2    88.3    18.7    84.0
  4066    50.8   -79.2    29.9   -85.2    54.6   -81.8    35.2    88.3    18.8    84.1
  4070    50.6   -79.4    29.8   -85.2    54.4   -82.0    35.3    88.3    19.0    84.2
  4074    50.3   -79.7    29.7   -85.1    54.2   -82.1    35.3    88.3    19.1    84.3
  4078    50.1   -79.9    29.6   -85.1    54.0   -82.3    35.3    88.3    19.2    84.4
  4082    49.9   -80.1    29.5   -85.0    53.9   -82.4    35.4    88.3    19.3    84.4
  4086    49.7   -80.3    29.4   -84.9    53.7   -82.5    35.4    88.3    19.5    84.5
  4090    49.5   -80.5    29.2   -84.9    53.5   -82.7    35.5    88.3    19.6    84.6
  4094    49.3   -80.7    29.1   -84.8    53.4   -82.8    35.5    88.3    19.7    84.7
  4098    49.1   -80.9    29.0   -84.8    53.2   -82.9    35.5    88.3    19.8    84.7
  4102    48.9   -81.1    28.9   -84.7    53.1   -83.0    35.6    88.3    19.9    84.8
  4105    48.7   -81.2    28.8   -84.7    52.9   -83.1    35.6    88.3    20.0    84.9
  4109    48.5   -81.4    28.7   -84.6    52.8   -83.2    35.6    88.3    20.2    84.9
  4113    48.3   -81.5    28.5   -84.5    52.6   -83.3    35.7    88.3    20.3    85.0
  4117    48.1   -81.7    28.4   -84.5    52.5   -83.4    35.7    88.3    20.4    85.0
  4121    47.9   -81.8    28.3   -84.4    52.3   -83.5    35.8    88.3    20.5    85.1
  4125    47.7   -82.0    28.2   -84.3    52.2   -83.6    35.8    88.3    20.6    85.2
  4129    47.6   -82.1    28.0   -84.3    52.0   -83.7    35.8    88.3    20.7    85.2
  4133    47.4   -82.2    27.9   -84.2    51.9   -83.8    35.9    88.3    20.8    85.3
  4137    47.2   -82.3    27.8   -84.1    51.8   -83.9    35.9    88.3    20.9    85.3
  4141    47.0   -82.4    27.6   -84.0    51.6   -84.0    36.0    88.3    21.0    85.4
  4145    46.9   -82.5    27.5   -84.0    51.5   -84.1    36.0    88.3    21.1    85.4
  4148    46.7   -82.6    27.4   -83.9    51.4   -84.1    36.0    88.3    21.2    85.5
  4152    46.5   -82.7    27.2   -83.8    51.2   -84.2    36.1    88.3    21.3    85.5
  4156    46.4   -82.8    27.1   -83.7    51.1   -84.3    36.1    88.3    21.4    85.6
  4160    46.2   -82.9    27.0   -83.6    51.0   -84.4    36.1    88.3    21.5    85.6
  4164    46.1   -83.0    26.8   -83.5    50.9   -84.4    36.2    88.3    21.6    85.7
  4168    45.9   -83.1    26.7   -83.4    50.7   -84.5    36.2    88.3    21.7    85.7
  4172    45.8   -83.2    26.5   -83.3    50.6   -84.6    36.3    88.3    21.8    85.7
  4176    45.6   -83.3    26.4   -83.2    50.5   -84.6    36.3    88.3    21.9    85.8
  4180    45.5   -83.3    26.2   -83.1    50.4   -84.7    36.3    88.3    22.0    85.8
  4184    45.3   -83.4    26.1   -83.0    50.3   -84.8    36.4    88.3    22.1    85.9
  4188    45.2   -83.5    25.9   -82.9    50.2   -84.8    36.4    88.3    22.2    85.9
  4191    45.0   -83.5    25.8   -82.8    50.0   -84.9    36.4    88.3    22.3    85.9
  4195    44.9   -83.6    25.6   -82.6    49.9   -84.9    36.5    88.3    22.4    86.0
  4199    44.8   -83.7    25.4   -82.5    49.8   -85.0    36.5    88.3    22.4    86.0
  4203    44.6   -83.7    25.3   -82.4    49.7   -85.0    36.5    88.3    22.5    86.1
  4207    44.5   -83.8    25.1   -82.2    49.6   -85.1    36.6    88.3    22.6    86.1
  4211    44.3   -83.8    24.9   -82.1    49.5   -85.1    36.6    88.3    22.7    86.1
  4215    44.2   -83.9    24.8   -81.9    49.4   -85.2    36.7    88.3    22.8    86.2
  4219    44.1   -84.0    24.6   -81.8    49.3   -85.2    36.7    88.3    22.9    86.2
  4223    43.9   -84.0    24.4   -81.6    49.2   -85.3    36.7    88.3    23.0    86.2
  4227    43.8   -84.1    24.2   -81.4    49.1   -85.3    36.8    88.3    23.0    86.3
  4230    43.7   -84.1    24.0   -81.3    49.0   -85.4    36.8    88.3    23.1    86.3
  4234    43.6   -84.1    23.8   -81.1    48.9   -85.4    36.8    88.3    23.2    86.3
  4238    43.4   -84.2    23.6   -80.9    48.8   -85.5    36.9    88.3    23.3    86.3
  4242    43.3   -84.2    23.4   -80.7    48.7   -85.5    36.9    88.3    23.4    86.4
  4246    43.2   -84.3    23.2   -80.5    48.6   -85.5    37.0    88.3    23.4    86.4
  4250    43.0   -84.3    23.0   -80.2    48.5   -85.6    37.0    88.3    23.5    86.4
  4254    42.9   -84.4    22.8   -80.0    48.4   -85.6    37.0    88.3    23.6    86.5
  4258    42.8   -84.4    22.6   -79.8    48.3   -85.7    37.1    88.3    23.7    86.5
  4262    42.7   -84.4    22.4   -79.5    48.2   -85.7    37.1    88.3    23.8    86.5
  4266    42.6   -84.5    22.1   -79.2    48.1   -85.7    37.1    88.3    23.8    86.5
  4270    42.4   -84.5    21.9   -78.9    48.0   -85.8    37.2    88.3    23.9    86.6
  4273    42.3   -84.5    21.7   -78.6    47.9   -85.8    37.2    88.3    24.0    86.6
  4277    42.2   -84.6    21.4   -78.3    47.8   -85.8    37.2    88.3    24.1    86.6
  4281    42.1   -84.6    21.2   -78.0    47.7   -85.9    37.3    88.3    24.1    86.6
  4285    42.0   -84.6    20.9   -77.6    47.6   -85.9    37.3    88.3    24.2    86.7
  4289    41.8   -84.6    20.6   -77.2    47.5   -85.9    37.4    88.3    24.3    86.7
  4293    41.7   -84.7    20.4   -76.8    47.4   -86.0    37.4    88.3    24.3    86.7
  4297    41.6   -84.7    20.1   -76.4    47.4   -86.0    37.4    88.3    24.4    86.7
  4301    41.5   -84.7    19.8   -75.9    47.3   -86.0    37.5    88.3    24.5    86.8
  4305    41.4   -84.7    19.5   -75.4    47.2   -86.0    37.5    88.3    24.6    86.8
  4309    41.3   -84.8    19.2   -74.9    47.1   -86.1    37.5    88.3    24.6    86.8
  4313    41.1   -84.8    18.9   -74.3    47.0   -86.1    37.6    88.3    24.7    86.8
  4316    41.0   -84.8    18.5   -73.6    46.9   -86.1    37.6    88.3    24.8    86.9
  4320    40.9   -84.8    18.2   -73.0    46.8   -86.2    37.6    88.3    24.8    86.9
  4324    40.8   -84.8    17.8   -72.2    46.8   -86.2    37.7    88.3    24.9    86.9
  4328    40.7   -84.8    17.5   -71.4    46.7   -86.2    37.7    88.3    25.0    86.9
  4332    40.6   -84.9    17.1   -70.6    46.6   -86.2    37.8    88.3    25.0    86.9
  4336    40.5   -84.9    16.7   -69.6    46.5   -86.3    37.8    88.3    25.1    87.0
  4340    40.4   -84.9    16.3   -68.6    46.4   -86.3    37.8    88.3    25.2    87.0
  4344    40.2   -84.9    15.8   -67.4    46.4   -86.3    37.9    88.3    25.2    87.0
  4348    40.1   -84.9    15.4   -66.2    46.3   -86.3    37.9    88.3    25.3    87.0
  4352    40.0   -84.9    14.9   -64.7    46.2   -86.4    37.9    88.3    25.4    87.0
  4355    39.9   -84.9    14.4   -63.2    46.1   -86.4    38.0    88.3    25.4    87.0
  4359    39.8   -84.9    13.9   -61.4    46.0   -86.4    38.0    88.3    25.5    87.1
  4363    39.7   -85.0    13.4   -59.4    46.0   -86.4    38.0    88.3    25.6    87.1
  4367    39.6   -85.0    12.8   -57.1    45.9   -86.4    38.1    88.3    25.6    87.1
  4371    39.5   -85.0    12.2   -54.5    45.8   -86.5    38.1    88.3    25.7    87.1
  4375    39.4   -85.0    11.6   -51.6    45.7   -86.5    38.2    88.3    25.7    87.1
  4379    39.3   -85.0    11.0   -48.1    45.7   -86.5    38.2    88.3    25.8    87.2
  4383    39.2   -85.0    10.4   -44.2    45.6   -86.5    38.2    88.3    25.9    87.2
  4387    39.0   -85.0     9.8   -39.7    45.5   -86.5    38.3    88.3    25.9    87.2
  4391    38.9   -85.0     9.2   -34.5    45.4   -86.6    38.3    88.3    26.0    87.2
  4395    38.8   -85.0     8.6   -28.5    45.4   -86.6    38.3    88.3    26.0    87.2
  4398    38.7   -85.0     8.2   -21.8    45.3   -86.6    38.4    88.3    26.1    87.2
  4402    38.6   -85.0     7.8   -14.5    45.2   -86.6    38.4    88.3    26.2    87.3
  4406    38.5   -85.0     7.6    -6.6    45.1   -86.6    38.4    88.3    26.2    87.3
  4410    38.4   -85.0     7.5     1.6    45.1   -86.6    38.5    88.3    26.3    87.3
  4414    38.3   -85.0     7.7     9.6    45.0   -86.7    38.5    88.3    26.3    87.3
  4418    38.2   -85.0     7.9    17.3    44.9   -86.7    38.6    88.3    26.4    87.3
  4422    38.1   -85.0     8.4    24.4    44.8   -86.7    38.6    88.3    26.5    87.3
  4426    38.0   -85.0     8.9    30.8    44.8   -86.7    38.6    88.3    26.5    87.3
  4430    37.9   -85.0     9.4    36.4    44.7   -86.7    38.7    88.3    26.6    87.4
  4434    37.7   -85.0    10.0    41.4    44.6   -86.7    38.7    88.3    26.6    87.4
  4438    37.6   -85.0    10.7    45.6    44.6   -86.8    38.7    88.3    26.7    87.4
  4441    37.5   -85.0    11.3    49.3    44.5   -86.8    38.8    88.3    26.7    87.4
  4445    37.4   -85.0    11.9    52.5    44.4   -86.8    38.8    88.3    26.8    87.4
  4449    37.3   -85.0    12.5    55.3    44.4   -86.8    38.9    88.3    26.9    87.4
  4453    37.2   -84.9    13.0    57.8    44.3   -86.8    38.9    88.3    26.9    87.4
  4457    37.1   -84.9    13.6    59.9    44.2   -86.8    38.9    88.3    27.0    87.4
  4461    37.0   -84.9    14.1    61.8    44.1   -86.8    39.0    88.3    27.0    87.5
  4465    36.9   -84.9    14.6    63.5    44.1   -86.9    39.0    88.3    27.1    87.5
  4469    36.8   -84.9    15.1    65.0    44.0   -86.9    39.0    88.3    27.1    87.5
  4473    36.7   -84.9    15.6    66.4    43.9   -86.9    39.1    88.3    27.2    87.5
  4477    36.6   -84.9    16.0    67.6    43.9   -86.9    39.1    88.3    27.2    87.5
  4480    36.4   -84.9    16.4    68.7    43.8   -86.9    39.1    88.3    27.3    87.5
  4484    36.3   -84.8    16.8    69.7    43.7   -86.9    39.2    88.3    27.3    87.5
  4488    36.2   -84.8    17.2    70.6    43.7   -86.9    39.2    88.3    27.4    87.5
  4492    36.1   -84.8    17.6    71.4    43.6   -86.9    39.3    88.3    27.4    87.6
  4496    36.0   -84.8    18.0    72.2    43.6   -86.9    39.3    88.3    27.5    87.6
  4500    35.9   -84.8    18.3    72.9    43.5   -87.0    39.3    88.3    27.6    87.6
  4504    35.8   -84.7    18.7    73.6    43.4   -87.0    39.4    88.3    27.6    87.6
  4508    35.7   -84.7    19.0    74.2    43.4   -87.0    39.4    88.3    27.7    87.6
  4512    35.6   -84.7    19.3    74.7    43.3   -87.0    39.4    88.3    27.7    87.6
  4516    35.4   -84.7    19.6    75.3    43.2   -87.0    39.5    88.3    27.8    87.6
  4520    35.3   -84.7    19.9    75.7    43.2   -87.0    39.5    88.3    27.8    87.6
  4523    35.2   -84.6    20.2    76.2    43.1   -87.0    39.5    88.3    27.9    87.6
  4527    35.1   -84.6    20.5    76.6    43.0   -87.0    39.6    88.3    27.9    87.7
  4531    35.0   -84.6    20.8    77.0    43.0   -87.0    39.6    88.3    28.0    87.7
  4535    34.9   -84.5    21.0    77.4    42.9   -87.1    39.7    88.3    28.0    87.7
  4539    34.7   -84.5    21.3    77.8    42.8   -87.1    39.7    88.3    28.1    87.7
  4543    34.6   -84.5    21.5    78.1    42.8   -87.1    39.7    88.3    28.1    87.7
  4547    34.5   -84.5    21.8    78.4    42.7   -87.1    39.8    88.3    28.2    87.7
  4551    34.4   -84.4    22.0    78.7    42.7   -87.1    39.8    88.3    28.2    87.7
  4555    34.3   -84.4    22.2    79.0    42.6   -87.1    39.8    88.3    28.3    87.7
  4559    34.2   -84.3    22.5    79.2    42.5   -87.1    39.9    88.3    28.3    87.7
  4563    34.0   -84.3    22.7    79.5    42.5   -87.1    39.9    88.3    28.3    87.7
  4566    33.9   -84.3    22.9    79.7    42.4   -87.1    40.0    88.3    28.4    87.7
  4570    33.8   -84.2    23.1    80.0    42.4   -87.1    40.0    88.3    28.4    87.8
  4574    33.7   -84.2    23.3    80.2    42.3   -87.1    40.0    88.2    28.5    87.8
  4578    33.5   -84.1    23.5    80.4    42.2   -87.1    40.1    88.2    28.5    87.8
  4582    33.4   -84.1    23.7    80.6    42.2   -87.1    40.1    88.2    28.6    87.8
  4586    33.3   -84.1    23.9    80.8    42.1   -87.2    40.1    88.2    28.6    87.8
  4590    33.2   -84.0    24.1    81.0    42.1   -87.2    40.2    88.2    28.7    87.8
  4594    33.0   -84.0    24.3    81.2    42.0   -87.2    40.2    88.2    28.7    87.8
  4598    32.9   -83.9    24.5    81.3    41.9   -87.2    40.2    88.2    28.8    87.8
  4602    32.8   -83.9    24.7    81.5    41.9   -87.2    40.3    88.2    28.8    87.8
  4605    32.7   -83.8    24.8    81.6    41.8   -87.2    40.3    88.2    28.9    87.8
  4609    32.5   -83.7    25.0    81.8    41.8   -87.2    40.4    88.2    28.9    87.8
  4613    32.4   -83.7    25.2    81.9    41.7   -87.2    40.4    88.2    29.0    87.9
  4617    32.3   -83.6    25.3    82.1    41.6   -87.2    40.4    88.2    29.0    87.9
  4621    32.1   -83.6    25.5    82.2    41.6   -87.2    40.5    88.2    29.0    87.9
  4625    32.0   -83.5    25.7    82.3    41.5   -87.2    40.5    88.2    29.1    87.9
  4629    31.9   -83.4    25.8    82.4    41.5   -87.2    40.5    88.2    29.1    87.9
  4633    31.7   -83.4    26.0    82.6    41.4   -87.2    40.6    88.2    29.2    87.9
  4637    31.6   -83.3    26.1    82.7    41.3   -87.2    40.6    88.2    29.2    87.9
  4641    31.4   -83.2    26.3    82.8    41.3   -87.2    40.7    88.2    29.3    87.9
  4645    31.3   -83.1    26.4    82.9    41.2   -87.2    40.7    88.2    29.3    87.9
  4648    31.1   -83.1    26.6    83.0    41.2   -87.3    40.7    88.2    29.4    87.9
  4652    31.0   -83.0    26.7    83.1    41.1   -87.3    40.8    88.2    29.4    87.9
  4656    30.9   -82.9    26.9    83.2    41.1   -87.3    40.8    88.2    29.4    87.9
  4660    30.7   -82.8    27.0    83.3    41.0   -87.3    40.9    88.2    29.5    87.9
  4664    30.6   -82.7    27.2    83.4    40.9   -87.3    40.9    88.2    29.5    87.9
  4668    30.4   -82.6    27.3    83.5    40.9   -87.3    40.9    88.2    29.6    88.0
  4672    30.2   -82.5    27.4    83.5    40.8   -87.3    41.0    88.2    29.6    88.0
  4676    30.1   -82.4    27.6    83.6    40.8   -87.3    41.0    88.2    29.7    88.0
  4680    29.9   -82.3    27.7    83.7    40.7   -87.3    41.0    88.2    29.7    88.0
  4684    29.8   -82.2    27.8    83.8    40.7   -87.3    41.1    88.2    29.7    88.0
  4688    29.6   -82.1    28.0    83.9    40.6   -87.3    41.1    88.2    29.8    88.0
  4691    29.4   -82.0    28.1    83.9    40.5   -87.3    41.2    88.2    29.8    88.0
  4695    29.3   -81.8    28.2    84.0    40.5   -87.3    41.2    88.2    29.9    88.0
  4699    29.1   -81.7    28.3    84.1    40.4   -87.3    41.2    88.2    29.9    88.0
  4703    28.9   -81.6    28.5    84.1    40.4   -87.3    41.3    88.2    30.0    88.0
  4707    28.8   -81.4    28.6    84.2    40.3   -87.3    41.3    88.2    30.0    88.0
  4711    28.6   -81.3    28.7    84.3    40.3   -87.3    41.4    88.1    30.0    88.0
  4715    28.4   -81.1    28.8    84.3    40.2   -87.3    41.4    88.1    30.1    88.0
  4719    28.2   -81.0    28.9    84.4    40.1   -87.3    41.4    88.1    30.1    88.0
  4723    28.0   -80.8    29.1    84.4    40.1   -87.3    41.5    88.1    30.2    88.0
  4727    27.8   -80.6    29.2    84.5    40.0   -87.3    41.5    88.1    30.2    88.0
  4730    27.6   -80.4    29.3    84.5    40.0   -87.3    41.5    88.1    30.2    88.1
  4734    27.4   -80.3    29.4    84.6    39.9   -87.3    41.6    88.1    30.3    88.1
  4738    27.2   -80.1    29.5    84.6    39.9   -87.3    41.6    88.1    30.3    88.1
  4742    27.0   -79.8    29.6    84.7    39.8   -87.3    41.7    88.1    30.4    88.1
  4746    26.8   -79.6    29.7    84.7    39.8   -87.3    41.7    88.1    30.4    88.1
  4750    26.6   -79.4    29.8    84.8    39.7   -87.3    41.7    88.1    30.4    88.1
  4754    26.4   -79.1    30.0    84.8    39.6   -87.3    41.8    88.1    30.5    88.1
  4758    26.2   -78.9    30.1    84.9    39.6   -87.3    41.8    88.1    30.5    88.1
  4762    25.9   -78.6    30.2    84.9    39.5   -87.3    41.9    88.1    30.6    88.1
  4766    25.7   -78.3    30.3    85.0    39.5   -87.3    41.9    88.1    30.6    88.1
  4770    25.5   -78.0    30.4    85.0    39.4   -87.3    41.9    88.1    30.6    88.1
  4773    25.2   -77.7    30.5    85.0    39.4   -87.3    42.0    88.1    30.7    88.1
  4777    25.0   -77.4    30.6    85.1    39.3   -87.3    42.0    88.1    30.7    88.1
  4781    24.7   -77.0    30.7    85.1    39.3   -87.3    42.1    88.1    30.8    88.1
  4785    24.4   -76.6    30.8    85.2    39.2   -87.3    42.1    88.1    30.8    88.1
  4789    24.2   -76.2    30.9    85.2    39.1   -87.3    42.1    88.1    30.8    88.1
  4793    23.9   -75.8    31.0    85.2    39.1   -87.3    42.2    88.1    30.9    88.1
  4797    23.6   -75.3    31.1    85.3    39.0   -87.3    42.2    88.1    30.9    88.1
  4801    23.3   -74.8    31.2    85.3    39.0   -87.3    42.3    88.1    30.9    88.2
  4805    23.0   -74.3    31.3    85.3    38.9   -87.4    42.3    88.0    31.0    88.2
  4809    22.7   -73.8    31.4    85.4    38.9   -87.4    42.3    88.0    31.0    88.2
  4813    22.4   -73.1    31.5    85.4    38.8   -87.4    42.4    88.0    31.1    88.2
  4816    22.0   -72.5    31.6    85.4    38.8   -87.4    42.4    88.0    31.1    88.2
  4820    21.7   -71.8    31.7    85.5    38.7   -87.4    42.5    88.0    31.1    88.2
  4824    21.3   -71.0    31.7    85.5    38.7   -87.4    42.5    88.0    31.2    88.2
  4828    20.9   -70.2    31.8    85.5    38.6   -87.4    42.5    88.0    31.2    88.2
  4832    20.6   -69.2    31.9    85.5    38.5   -87.3    42.6    88.0    31.2    88.2
  4836    20.2   -68.2    32.0    85.6    38.5   -87.3    42.6    88.0    31.3    88.2
  4840    19.7   -67.1    32.1    85.6    38.4   -87.3    42.7    88.0    31.3    88.2
  4844    19.3   -65.9    32.2    85.6    38.4   -87.3    42.7    88.0    31.4    88.2
  4848    18.9   -64.6    32.3    85.6    38.3   -87.3    42.7    88.0    31.4    88.2
  4852    18.4   -63.1    32.4    85.7    38.3   -87.3    42.8    88.0    31.4    88.2
  4855    17.9   -61.4    32.5    85.7    38.2   -87.3    42.8    88.0    31.5    88.2
  4859    17.4   -59.5    32.6    85.7    38.2   -87.3    42.9    88.0    31.5    88.2
  4863    16.9   -57.4    32.6    85.7    38.1   -87.3    42.9    88.0    31.5    88.2
  4867    16.3   -55.0    32.7    85.8    38.1   -87.3    43.0    88.0    31.6    88.2
  4871    15.8   -52.3    32.8    85.8    38.0   -87.3    43.0    88.0    31.6    88.2
  4875    15.2   -49.2    32.9    85.8    37.9   -87.3    43.0    88.0    31.7    88.2
  4879    14.6   -45.7    33.0    85.8    37.9   -87.3    43.1    87.9    31.7    88.2
  4883    14.0   -41.6    33.1    85.8    37.8   -87.3    43.1    87.9    31.7    88.2
  4887    13.4   -37.0    33.2    85.9    37.8   -87.3    43.2    87.9    31.8    88.2
  4891    12.9   -31.7    33.2    85.9    37.7   -87.3    43.2    87.9    31.8    88.2
  4895    12.4   -25.7    33.3    85.9    37.7   -87.3    43.3    87.9    31.8    88.3
  4898    12.0   -19.1    33.4    85.9    37.6   -87.3    43.3    87.9    31.9    88.3
  4902    11.7   -11.9    33.5    85.9    37.6   -87.3    43.3    87.9    31.9    88.3
  4906    11.5    -4.3    33.6    86.0    37.5   -87.3    43.4    87.9    31.9    88.3
  4910    11.5     3.4    33.7    86.0    37.4   -87.3    43.4    87.9    32.0    88.3
  4914    11.7    11.0    33.7    86.0    37.4   -87.3    43.5    87.9    32.0    88.3
  4918    11.9    18.2    33.8    86.0    37.3   -87.3    43.5    87.9    32.0    88.3
  4922    12.4    24.9    33.9    86.0    37.3   -87.3    43.6    87.9    32.1    88.3
  4926    12.8    30.9    34.0    86.0    37.2   -87.3    43.6    87.9    32.1    88.3
  4930    13.4    36.2    34.1    86.1    37.2   -87.3    43.6    87.9    32.2    88.3
  4934    14.0    40.9    34.2    86.1    37.1   -87.3    43.7    87.9    32.2    88.3
  4938    14.5    45.0    34.2    86.1    37.1   -87.3    43.7    87.9    32.2    88.3
  4941    15.1    48.6    34.3    86.1    37.0   -87.3    43.8    87.8    32.3    88.3
  4945    15.7    51.7    34.4    86.1    37.0   -87.3    43.8    87.8    32.3    88.3
  4949    16.3    54.5    34.5    86.1    36.9   -87.3    43.9    87.8    32.3    88.3
  4953    16.8    56.9    34.5    86.1    36.8   -87.3    43.9    87.8    32.4    88.3
  4957    17.4    59.0    34.6    86.2    36.8   -87.3    43.9    87.8    32.4    88.3
  4961    17.9    60.9    34.7    86.2    36.7   -87.3    44.0    87.8    32.4    88.3
  4965    18.3    62.6    34.8    86.2    36.7   -87.3    44.0    87.8    32.5    88.3
  4969    18.8    64.1    34.9    86.2    36.6   -87.3    44.1    87.8    32.5    88.3
  4973    19.3    65.5    34.9    86.2    36.6   -87.3    44.1    87.8    32.5    88.3
  4977    19.7    66.7    35.0    86.2    36.5   -87.3    44.2    87.8    32.6    88.3
  4980    20.1    67.8    35.1    86.2    36.5   -87.3    44.2    87.8    32.6    88.3
  4984    20.5    68.8    35.2    86.2    36.4   -87.3    44.3    87.8    32.6    88.3
  4988    20.9    69.7    35.2    86.2    36.3   -87.2    44.3    87.8    32.7    88.3
  4992    21.3    70.6    35.3    86.2    36.3   -87.2    44.4    87.7    32.7    88.3
  4996    21.6    71.4    35.4    86.3    36.2   -87.2    44.4    87.7    32.7    88.3
  5000    22.0    72.1    35.5    86.3    36.2   -87.2    44.4    87.7    32.8    88.3
  5004    22.3    72.7    35.6    86.3    36.1   -87.2    44.5    87.7    32.8    88.3
  5008    22.7    73.4    35.6    86.3    36.1   -87.2    44.5    87.7    32.8    88.4
  5012    23.0    73.9    35.7    86.3    36.0   -87.2    44.6    87.7    32.9    88.4
  5016    23.3    74.5    35.8    86.3    35.9   -87.2    44.6    87.7    32.9    88.4
  5020    23.6    75.0    35.9    86.3    35.9   -87.2    44.7    87.7    32.9    88.4
  5023    23.9    75.4    35.9    86.3    35.8   -87.2    44.7    87.7    33.0    88.4
  5027    24.1    75.9    36.0    86.3    35.8   -87.2    44.8    87.7    33.0    88.4
  5031    24.4    76.3    36.1    86.3    35.7   -87.2    44.8    87.7    33.0    88.4
  5035    24.7    76.6    36.1    86.3    35.7   -87.2    44.9    87.7    33.1    88.4
  5039    24.9    77.0    36.2    86.3    35.6   -87.2    44.9    87.6    33.1    88.4
  5043    25.2    77.3    36.3    86.3    35.6   -87.2    45.0    87.6    33.1    88.4
  5047    25.4    77.7    36.4    86.3    35.5   -87.2    45.0    87.6    33.2    88.4
  5051    25.7    78.0    36.4    86.4    35.4   -87.2    45.1    87.6    33.2    88.4
  5055    25.9    78.2    36.5    86.4    35.4   -87.1    45.1    87.6    33.2    88.4
  5059    26.1    78.5    36.6    86.4    35.3   -87.1    45.2    87.6    33.3    88.4
  5063    26.4    78.8    36.7    86.4    35.3   -87.1    45.2    87.6    33.3    88.4
  5066    26.6    79.0    36.7    86.4    35.2   -87.1    45.3    87.6    33.3    88.4
  5070    26.8    79.3    36.8    86.4    35.1   -87.1    45.3    87.6    33.4    88.4
  5074    27.0    79.5    36.9    86.4    35.1   -87.1    45.3    87.6    33.4    88.4
  5078    27.2    79.7    37.0    86.4    35.0   -87.1    45.4    87.5    33.4    88.4
  5082    27.4    79.9    37.0    86.4    35.0   -87.1    45.4    87.5    33.5    88.4
  5086    27.6    80.1    37.1    86.4    34.9   -87.1    45.5    87.5    33.5    88.4
  5090    27.8    80.3    37.2    86.4    34.9   -87.1    45.5    87.5    33.5    88.4
  5094    28.0    80.4    37.2    86.4    34.8   -87.1    45.6    87.5    33.6    88.4
  5098    28.2    80.6    37.3    86.4    34.7   -87.1    45.6    87.5    33.6    88.4
  5102    28.4    80.8    37.4    86.4    34.7   -87.0    45.7    87.5    33.6    88.4
  5105    28.6    80.9    37.5    86.4    34.6   -87.0    45.8    87.5    33.7    88.4
  5109    28.7    81.1    37.5    86.4    34.6   -87.0    45.8    87.5    33.7    88.4
  5113    28.9    81.2    37.6    86.4    34.5   -87.0    45.9    87.4    33.7    88.4
  5117    29.1    81.3    37.7    86.4    34.4   -87.0    45.9    87.4    33.7    88.4
  5121    29.3    81.5    37.8    86.4    34.4   -87.0    46.0    87.4    33.8    88.4
  5125    29.4    81.6    37.8    86.4    34.3   -87.0    46.0    87.4    33.8    88.4
  5129    29.6    81.7    37.9    86.4    34.3   -87.0    46.1    87.4    33.8    88.4
  5133    29.8    81.8    38.0    86.4    34.2   -87.0    46.1    87.4    33.9    88.4
  5137    29.9    81.9    38.0    86.4    34.1   -87.0    46.2    87.4    33.9    88.4
  5141    30.1    82.0    38.1    86.4    34.1   -87.0    46.2    87.4    33.9    88.4
  5145    30.2    82.1    38.2    86.4    34.0   -86.9    46.3    87.3    34.0    88.4
  5148    30.4    82.2    38.3    86.4    34.0   -86.9    46.3    87.3    34.0    88.4
  5152    30.5    82.3    38.3    86.4    33.9   -86.9    46.4    87.3    34.0    88.4
  5156    30.7    82.4    38.4    86.4    33.8   -86.9    46.4    87.3    34.1    88.4
  5160    30.8    82.5    38.5    86.4    33.8   -86.9    46.5    87.3    34.1    88.4
  5164    31.0    82.6    38.6    86.4    33.7   -86.9    46.5    87.3    34.1    88.4
  5168    31.1    82.7    38.6    86.4    33.6   -86.9    46.6    87.3    34.2    88.4
  5172    31.3    82.8    38.7    86.4    33.6   -86.9    46.6    87.3    34.2    88.4
  5176    31.4    82.8    38.8    86.4    33.5   -86.8    46.7    87.2    34.2    88.4
  5180    31.6    82.9    38.8    86.4    33.5   -86.8    46.8    87.2    34.2    88.5
  5184    31.7    83.0    38.9    86.4    33.4   -86.8    46.8    87.2    34.3    88.5
  5188    31.8    83.0    39.0    86.4    33.3   -86.8    46.9    87.2    34.3    88.5
  5191    32.0    83.1    39.1    86.4    33.3   -86.8    46.9    87.2    34.3    88.5
  5195    32.1    83.2    39.1    86.4    33.2   -86.8    47.0    87.2    34.4    88.5
  5199    32.2    83.2    39.2    86.4    33.1   -86.8    47.0    87.2    34.4    88.5
  5203    32.4    83.3    39.3    86.3    33.1   -86.8    47.1    87.1    34.4    88.5
  5207    32.5    83.4    39.3    86.3    33.0   -86.7    47.1    87.1    34.5    88.5
  5211    32.6    83.4    39.4    86.3    32.9   -86.7    47.2    87.1    34.5    88.5
  5215    32.8    83.5    39.5    86.3    32.9   -86.7    47.3    87.1    34.5    88.5
  5219    32.9    83.5    39.6    86.3    32.8   -86.7    47.3    87.1    34.6    88.5
  5223    33.0    83.6    39.6    86.3    32.7   -86.7    47.4    87.1    34.6    88.5
  5227    33.2    83.6    39.7    86.3    32.7   -86.7    47.4    87.0    34.6    88.5
  5230    33.3    83.7    39.8    86.3    32.6   -86.6    47.5    87.0    34.6    88.5
  5234    33.4    83.7    39.9    86.3    32.5   -86.6    47.6    87.0    34.7    88.5
  5238    33.5    83.7    39.9    86.3    32.5   -86.6    47.6    87.0    34.7    88.5
  5242    33.7    83.8    40.0    86.3    32.4   -86.6    47.7    87.0    34.7    88.5
  5246    33.8    83.8    40.1    86.3    32.3   -86.6    47.7    87.0    34.8    88.5
  5250    33.9    83.9    40.2    86.3    32.3   -86.6    47.8    86.9    34.8    88.5
  5254    34.0    83.9    40.2    86.3    32.2   -86.5    47.9    86.9    34.8    88.5
  5258    34.1    83.9    40.3    86.3    32.1   -86.5    47.9    86.9    34.9    88.5
  5262    34.3    84.0    40.4    86.2    32.1   -86.5    48.0    86.9    34.9    88.5
  5266    34.4    84.0    40.4    86.2    32.0   -86.5    48.0    86.9    34.9    88.5
  5270    34.5    84.0    40.5    86.2    31.9   -86.5    48.1    86.8    34.9    88.5
  5273    34.6    84.1    40.6    86.2    31.9   -86.5    48.2    86.8    35.0    88.5
  5277    34.7    84.1    40.7    86.2    31.8   -86.4    48.2    86.8    35.0    88.5
  5281    34.9    84.1    40.7    86.2    31.7   -86.4    48.3    86.8    35.0    88.5
  5285    35.0    84.1    40.8    86.2    31.7   -86.4    48.4    86.8    35.1    88.5
  5289    35.1    84.2    40.9    86.2    31.6   -86.4    48.4    86.7    35.1    88.5
  5293    35.2    84.2    41.0    86.2    31.5   -86.4    48.5    86.7    35.1    88.5
  5297    35.3    84.2    41.1    86.1    31.4   -86.3    48.6    86.7    35.2    88.5
  5301    35.4    84.2    41.1    86.1    31.4   -86.3    48.6    86.7    35.2    88.5
  5305    35.5    84.3    41.2    86.1    31.3   -86.3    48.7    86.6    35.2    88.5
  5309    35.6    84.3    41.3    86.1    31.2   -86.3    48.7    86.6    35.2    88.5
  5313    35.8    84.3    41.4    86.1    31.1   -86.2    48.8    86.6    35.3    88.5
  5316    35.9    84.3    41.4    86.1    31.1   -86.2    48.9    86.6    35.3    88.5
  5320    36.0    84.3    41.5    86.1    31.0   -86.2    48.9    86.6    35.3    88.5
  5324    36.1    84.3    41.6    86.1    30.9   -86.2    49.0    86.5    35.4    88.5
  5328    36.2    84.4    41.7    86.0    30.8   -86.2    49.1    86.5    35.4    88.5
  5332    36.3    84.4    41.7    86.0    30.8   -86.1    49.2    86.5    35.4    88.5
  5336    36.4    84.4    41.8    86.0    30.7   -86.1    49.2    86.5    35.4    88.5
  5340    36.5    84.4    41.9    86.0    30.6   -86.1    49.3    86.4    35.5    88.5
  5344    36.6    84.4    42.0    86.0    30.5   -86.1    49.4    86.4    35.5    88.5
  5348    36.8    84.4    42.1    86.0    30.5   -86.0    49.4    86.4    35.5    88.5
  5352    36.9    84.4    42.1    85.9    30.4   -86.0    49.5    86.4    35.6    88.5
  5355    37.0    84.4    42.2    85.9    30.3   -86.0    49.6    86.3    35.6    88.5
  5359    37.1    84.4    42.3    85.9    30.2   -85.9    49.6    86.3    35.6    88.5
  5363    37.2    84.5    42.4    85.9    30.1   -85.9    49.7    86.3    35.7    88.5
  5367    37.3    84.5    42.5    85.9    30.1   -85.9    49.8    86.2    35.7    88.5
  5371    37.4    84.5    42.5    85.9    30.0   -85.9    49.9    86.2    35.7    88.5
  5375    37.5    84.5    42.6    85.8    29.9   -85.8    49.9    86.2    35.7    88.5
  5379    37.6    84.5    42.7    85.8    29.8   -85.8    50.0    86.1    35.8    88.5
  5383    37.7    84.5    42.8    85.8    29.7   -85.8    50.1    86.1    35.8    88.5
  5387    37.8    84.5    42.9    85.8    29.7   -85.7    50.2    86.1    35.8    88.5
  5391    37.9    84.5    42.9    85.7    29.6   -85.7    50.2    86.1    35.9    88.5
  5395    38.1    84.5    43.0    85.7    29.5   -85.7    50.3    86.0    35.9    88.5
  5398    38.2    84.5    43.1    85.7    29.4   -85.6    50.4    86.0    35.9    88.5
  5402    38.3    84.5    43.2    85.7    29.3   -85.6    50.5    86.0    35.9    88.5
  5406    38.4    84.5    43.3    85.7    29.2   -85.6    50.6    85.9    36.0    88.5
  5410    38.5    84.5    43.4    85.6    29.1   -85.5    50.6    85.9    36.0    88.5
  5414    38.6    84.5    43.5    85.6    29.1   -85.5    50.7    85.9    36.0    88.5
  5418    38.7    84.5    43.5    85.6    29.0   -85.4    50.8    85.8    36.1    88.5
  5422    38.8    84.5    43.6    85.6    28.9   -85.4    50.9    85.8    36.1    88.5
  5426    38.9    84.4    43.7    85.5    28.8   -85.4    51.0    85.7    36.1    88.5
  5430    39.0    84.4    43.8    85.5    28.7   -85.3    51.0    85.7    36.1    88.5
  5434    39.1    84.4    43.9    85.5    28.6   -85.3    51.1    85.7    36.2    88.5
  5438    39.2    84.4    44.0    85.5    28.5   -85.2    51.2    85.6    36.2    88.5
  5441    39.4    84.4    44.1    85.4    28.4   -85.2    51.3    85.6    36.2    88.5
  5445    39.5    84.4    44.2    85.4    28.3   -85.2    51.4    85.5    36.3    88.5
  5449    39.6    84.4    44.2    85.4    28.2   -85.1    51.5    85.5    36.3    88.5
  5453    39.7    84.4    44.3    85.3    28.1   -85.1    51.6    85.5    36.3    88.5
  5457    39.8    84.4    44.4    85.3    28.0   -85.0    51.6    85.4    36.3    88.5
  5461    39.9    84.3    44.5    85.3    28.0   -85.0    51.7    85.4    36.4    88.5
  5465    40.0    84.3    44.6    85.2    27.9   -84.9    51.8    85.3    36.4    88.5
  5469    40.1    84.3    44.7    85.2    27.8   -84.9    51.9    85.3    36.4    88.5
  5473    40.2    84.3    44.8    85.2    27.7   -84.8    52.0    85.2    36.5    88.5
  5477    40.3    84.3    44.9    85.1    27.6   -84.8    52.1    85.2    36.5    88.5
  5480    40.5    84.3    45.0    85.1    27.5   -84.7    52.2    85.1    36.5    88.5
  5484    40.6    84.2    45.1    85.1    27.4   -84.7    52.3    85.1    36.5    88.5
  5488    40.7    84.2    45.2    85.0    27.2   -84.6    52.4    85.0    36.6    88.5
  5492    40.8    84.2    45.3    85.0    27.1   -84.5    52.5    85.0    36.6    88.5
  5496    40.9    84.2    45.4    84.9    27.0   -84.5    52.6    84.9    36.6    88.5
  5500    41.0    84.1    45.5    84.9    26.9   -84.4    52.7    84.9    36.7    88.5
  5504    41.1    84.1    45.6    84.9    26.8   -84.4    52.8    84.8    36.7    88.5
  5508    41.2    84.1    45.7    84.8    26.7   -84.3    52.9    84.7    36.7    88.5
  5512    41.4    84.1    45.8    84.8    26.6   -84.2    53.0    84.7    36.7    88.5
  5516    41.5    84.0    45.9    84.7    26.5   -84.2    53.1    84.6    36.8    88.5
  5520    41.6    84.0    46.0    84.7    26.4   -84.1    53.2    84.6    36.8    88.5
  5523    41.7    84.0    46.1    84.6    26.3   -84.0    53.3    84.5    36.8    88.5
  5527    41.8    83.9    46.2    84.6    26.1   -84.0    53.4    84.4    36.9    88.5
  5531    41.9    83.9    46.3    84.5    26.0   -83.9    53.5    84.4    36.9    88.5
  5535    42.1    83.9    46.4    84.5    25.9   -83.8    53.6    84.3    36.9    88.5
  5539    42.2    83.8    46.5    84.4    25.8   -83.7    53.7    84.2    36.9    88.5
  5543    42.3    83.8    46.6    84.4    25.7   -83.6    53.8    84.1    37.0    88.5
  5547    42.4    83.7    46.7    84.3    25.6   -83.6    53.9    84.1    37.0    88.5
  5551    42.5    83.7    46.8    84.3    25.4   -83.5    54.1    84.0    37.0    88.5
  5555    42.7    83.7    46.9    84.2    25.3   -83.4    54.2    83.9    37.1    88.5
  5559    42.8    83.6    47.0    84.1    25.2   -83.3    54.3    83.8    37.1    88.5
  5563    42.9    83.6    47.2    84.1    25.0   -83.2    54.4    83.8    37.1    88.5
  5566    43.0    83.5    47.3    84.0    24.9   -83.1    54.5    83.7    37.1    88.5
  5570    43.1    83.5    47.4    84.0    24.8   -83.0    54.7    83.6    37.2    88.5
  5574    43.3    83.4    47.5    83.9    24.6   -82.9    54.8    83.5    37.2    88.5
  5578    43.4    83.4    47.6    83.8    24.5   -82.8    54.9    83.4    37.2    88.5
  5582    43.5    83.3    47.7    83.8    24.4   -82.7    55.0    83.3    37.2    88.5
  5586    43.7    83.2    47.9    83.7    24.2   -82.6    55.2    83.2    37.3    88.5
  5590    43.8    83.2    48.0    83.6    24.1   -82.5    55.3    83.1    37.3    88.5
  5594    43.9    83.1    48.1    83.5    23.9   -82.3    55.4    83.0    37.3    88.5
  5598    44.0    83.1    48.2    83.5    23.8   -82.2    55.6    82.9    37.4    88.5
  5602    44.2    83.0    48.3    83.4    23.7   -82.1    55.7    82.8    37.4    88.5
  5605    44.3    82.9    48.5    83.3    23.5   -81.9    55.8    82.7    37.4    88.5
  5609    44.4    82.9    48.6    83.2    23.3   -81.8    56.0    82.5    37.4    88.5
  5613    44.6    82.8    48.7    83.1    23.2   -81.7    56.1    82.4    37.5    88.5
  5617    44.7    82.7    48.9    83.0    23.0   -81.5    56.3    82.3    37.5    88.5
  5621    44.9    82.6    49.0    82.9    22.9   -81.4    56.4    82.2    37.5    88.5
  5625    45.0    82.5    49.1    82.8    22.7   -81.2    56.6    82.0    37.6    88.5
  5629    45.1    82.5    49.3    82.7    22.5   -81.0    56.7    81.9    37.6    88.5
  5633    45.3    82.4    49.4    82.6    22.4   -80.9    56.9    81.7    37.6    88.5
  5637    45.4    82.3    49.5    82.5    22.2   -80.7    57.0    81.6    37.6    88.5
  5641    45.6    82.2    49.7    82.4    22.0   -80.5    57.2    81.4    37.7    88.5
  5645    45.7    82.1    49.8    82.3    21.8   -80.3    57.3    81.3    37.7    88.5
  5648    45.9    82.0    50.0    82.2    21.7   -80.1    57.5    81.1    37.7    88.5
  5652    46.0    81.9    50.1    82.1    21.5   -79.9    57.7    80.9    37.8    88.5
  5656    46.2    81.8    50.3    81.9    21.3   -79.7    57.8    80.8    37.8    88.5
  5660    46.3    81.7    50.4    81.8    21.1   -79.4    58.0    80.6    37.8    88.5
  5664    46.5    81.6    50.6    81.7    20.9   -79.2    58.2    80.4    37.8    88.5
  5668    46.7    81.4    50.7    81.5    20.7   -78.9    58.4    80.2    37.9    88.5
  5672    46.8    81.3    50.9    81.4    20.5   -78.7    58.6    79.9    37.9    88.5
  5676    47.0    81.2    51.1    81.2    20.3   -78.4    58.8    79.7    37.9    88.5
  5680    47.2    81.0    51.2    81.1    20.0   -78.1    58.9    79.5    37.9    88.5
  5684    47.3    80.9    51.4    80.9    19.8   -77.8    59.1    79.2    38.0    88.5
  5688    47.5    80.8    51.6    80.7    19.6   -77.5    59.3    79.0    38.0    88.5
  5691    47.7    80.6    51.8    80.6    19.3   -77.1    59.6    78.7    38.0    88.5
  5695    47.9    80.4    51.9    80.4    19.1   -76.7    59.8    78.4    38.1    88.5
  5699    48.0    80.3    52.1    80.2    18.9   -76.4    60.0    78.1    38.1    88.5
  5703    48.2    80.1    52.3    80.0    18.6   -76.0    60.2    77.8    38.1    88.5
  5707    48.4    79.9    52.5    79.8    18.3   -75.5    60.4    77.5    38.1    88.5
  5711    48.6    79.7    52.7    79.6    18.1   -75.1    60.7    77.2    38.2    88.5
  5715    48.8    79.5    52.9    79.3    17.8   -74.6    60.9    76.8    38.2    88.5
  5719    49.0    79.3    53.1    79.1    17.5   -74.1    61.2    76.4    38.2    88.5
  5723    49.2    79.1    53.3    78.8    17.2   -73.5    61.4    76.0    38.3    88.5
  5727    49.4    78.9    53.5    78.6    16.9   -72.9    61.7    75.6    38.3    88.5
  5730    49.6    78.6    53.7    78.3    16.6   -72.3    61.9    75.1    38.3    88.5
  5734    49.8    78.4    53.9    78.0    16.3   -71.6    62.2    74.6    38.3    88.5
  5738    50.0    78.1    54.1    77.7    16.0   -70.8    62.5    74.1    38.4    88.5
  5742    50.3    77.8    54.4    77.4    15.6   -70.0    62.8    73.5    38.4    88.5
  5746    50.5    77.6    54.6    77.1    15.3   -69.2    63.1    72.9    38.4    88.5
  5750    50.7    77.2    54.8    76.7    14.9   -68.2    63.4    72.3    38.4    88.5
  5754    50.9    76.9    55.1    76.3    14.5   -67.2    63.7    71.6    38.5    88.5
  5758    51.2    76.6    55.3    75.9    14.1   -66.1    64.0    70.9    38.5    88.5
  5762    51.4    76.2    55.6    75.5    13.7   -64.8    64.4    70.1    38.5    88.5
  5766    51.7    75.8    55.9    75.0    13.3   -63.5    64.7    69.2    38.6    88.5
  5770    52.0    75.4    56.2    74.6    12.8   -62.0    65.1    68.2    38.6    88.5
  5773    52.2    75.0    56.4    74.0    12.4   -60.3    65.5    67.2    38.6    88.5
  5777    52.5    74.5    56.7    73.5    11.9   -58.4    65.9    66.1    38.6    88.5
  5781    52.8    74.0    57.0    72.9    11.4   -56.4    66.3    64.9    38.7    88.5
  5785    53.1    73.5    57.3    72.3    10.9   -54.1    66.7    63.5    38.7    88.5
  5789    53.4    72.9    57.7    71.6    10.4   -51.4    67.1    62.0    38.7    88.5
  5793    53.7    72.3    58.0    70.9     9.9   -48.5    67.6    60.3    38.8    88.5
  5797    54.0    71.7    58.3    70.1     9.3   -45.1    68.1    58.5    38.8    88.5
  5801    54.3    71.0    58.7    69.2     8.8   -41.4    68.6    56.4    38.8    88.5
  5805    54.7    70.2    59.0    68.3     8.3   -37.1    69.1    54.1    38.8    88.5
  5809    55.0    69.4    59.4    67.3     7.8   -32.3    69.6    51.5    38.9    88.5
  5813    55.4    68.5    59.8    66.2     7.3   -26.9    70.1    48.6    38.9    88.5
  5816    55.8    67.5    60.2    65.0     6.9   -21.0    70.6    45.3    38.9    88.5
  5820    56.2    66.4    60.6    63.7     6.6   -14.5    71.2    41.5    39.0    88.5
  5824    56.6    65.3    61.1    62.2     6.4    -7.7    71.7    37.3    39.0    88.5
  5828    57.0    64.0    61.5    60.6     6.3    -0.6    72.2    32.5    39.0    88.5
  5832    57.4    62.6    62.0    58.8     6.4     6.5    72.7    27.1    39.0    88.5
  5836    57.9    61.0    62.5    56.7     6.6    13.4    73.1    21.2    39.1    88.5
  5840    58.3    59.3    63.0    54.5     6.9    19.9    73.4    14.8    39.1    88.5
  5844    58.8    57.3    63.5    51.9     7.2    25.9    73.6     8.0    39.1    88.5
  5848    59.3    55.2    64.0    49.1     7.7    31.3    73.7     0.9    39.1    88.5
  5852    59.8    52.7    64.6    45.8     8.2    36.2    73.6    -6.1    39.2    88.5
  5855    60.3    50.0    65.1    42.2     8.7    40.6    73.4   -13.0    39.2    88.5
  5859    60.9    46.9    65.6    38.0     9.3    44.4    73.1   -19.5    39.2    88.5
  5863    61.4    43.3    66.1    33.3     9.8    47.8    72.8   -25.6    39.3    88.5
  5867    62.0    39.4    66.6    28.1    10.3    50.8    72.3   -31.0    39.3    88.5
  5871    62.5    34.9    67.0    22.3    10.9    53.4    71.8   -35.9    39.3    88.5
  5875    63.0    29.8    67.4    16.0    11.4    55.8    71.3   -40.3    39.3    88.5
  5879    63.4    24.2    67.6     9.3    11.9    57.9    70.8   -44.2    39.4    88.5
  5883    63.7    18.1    67.7     2.3    12.3    59.8    70.2   -47.6    39.4    88.5
  5887    64.0    11.5    67.7    -4.8    12.8    61.5    69.7   -50.6    39.4    88.5
  5891    64.2     4.5    67.5   -11.7    13.2    63.0    69.2   -53.3    39.5    88.5
  5895    64.2    -2.5    67.2   -18.3    13.7    64.4    68.7   -55.6    39.5    88.5
  5898    64.1    -9.5    66.9   -24.4    14.1    65.6    68.2   -57.8    39.5    88.5
  5902    63.8   -16.2    66.4   -30.0    14.5    66.7    67.7   -59.7    39.5    88.5
  5906    63.5   -22.5    65.9   -35.0    14.9    67.8    67.2   -61.4    39.6    88.5
  5910    63.1   -28.2    65.4   -39.4    15.2    68.7    66.8   -62.9    39.6    88.5
  5914    62.6   -33.4    64.9   -43.4    15.6    69.6    66.4   -64.3    39.6    88.5
  5918    62.1   -38.0    64.3   -46.9    15.9    70.4    66.0   -65.5    39.7    88.5
  5922    61.5   -42.1    63.8   -50.0    16.3    71.2    65.6   -66.7    39.7    88.5
  5926    61.0   -45.7    63.3   -52.7    16.6    71.9    65.2   -67.7    39.7    88.5
  5930    60.5   -48.9    62.8   -55.1    16.9    72.5    64.8   -68.7    39.7    88.5
  5934    59.9   -51.8    62.3   -57.3    17.2    73.1    64.4   -69.6    39.8    88.5
  5938    59.4   -54.3    61.8   -59.2    17.5    73.7    64.1   -70.4    39.8    88.5
  5941    58.9   -56.5    61.3   -60.9    17.8    74.2    63.8   -71.1    39.8    88.5
  5945    58.4   -58.5    60.9   -62.5    18.0    74.7    63.5   -71.8    39.9    88.5
  5949    58.0   -60.3    60.5   -63.9    18.3    75.2    63.1   -72.5    39.9    88.5
  5953    57.5   -61.9    60.1   -65.2    18.6    75.6    62.8   -73.1    39.9    88.5
  5957    57.1   -63.3    59.6   -66.3    18.8    76.0    62.5   -73.7    39.9    88.5
  5961    56.7   -64.7    59.3   -67.4    19.1    76.4    62.3   -74.2    40.0    88.5
  5965    56.3   -65.9    58.9   -68.4    19.3    76.8    62.0   -74.7    40.0    88.5
  5969    55.9   -66.9    58.5   -69.3    19.6    77.1    61.7   -75.2    40.0    88.5
  5973    55.5   -67.9    58.2   -70.1    19.8    77.4    61.5   -75.6    40.1    88.5
  5977    55.1   -68.8    57.8   -70.9    20.0    77.7    61.2   -76.0    40.1    88.5
  5980    54.8   -69.7    57.5   -71.6    20.2    78.0    61.0   -76.4    40.1    88.5
  5984    54.4   -70.5    57.2   -72.2    20.4    78.3    60.7   -76.8    40.1    88.5
  5988    54.1   -71.2    56.9   -72.8    20.6    78.6    60.5   -77.1    40.2    88.5
  5992    53.8   -71.8    56.6   -73.4    20.9    78.8    60.3   -77.4    40.2    88.5
  5996    53.5   -72.5    56.3   -73.9    21.1    79.1    60.0   -77.8    40.2    88.5
  6000    53.1   -73.0    56.0   -74.4    21.2    79.3    59.8   -78.1    40.2    88.5
  6004    52.9   -73.6    55.8   -74.9    21.4    79.5    59.6   -78.3    40.3    88.5
  6008    52.6   -74.1    55.5   -75.4    21.6    79.8    59.4   -78.6    40.3    88.5
  6012    52.3   -74.6    55.2   -75.8    21.8    80.0    59.2   -78.9    40.3    88.4
  6016    52.0   -75.0    55.0   -76.2    22.0    80.2    59.0   -79.1    40.4    88.4
  6020    51.8   -75.4    54.8   -76.5    22.2    80.3    58.8   -79.4    40.4    88.4
  6023    51.5   -75.8    54.5   -76.9    22.3    80.5    58.6   -79.6    40.4    88.4
  6027    51.3   -76.2    54.3   -77.2    22.5    80.7    58.4   -79.8    40.5    88.4
  6031    51.0   -76.5    54.1   -77.5    22.7    80.9    58.2   -80.0    40.5    88.4
  6035    50.8   -76.9    53.8   -77.8    22.8    81.0    58.1   -80.2    40.5    88.4
  6039    50.5   -77.2    53.6   -78.1    23.0    81.2    57.9   -80.4    40.5    88.4
  6043    50.3   -77.5    53.4   -78.4    23.2    81.3    57.7   -80.6    40.6    88.4
  6047    50.1   -77.7    53.2   -78.6    23.3    81.5    57.5   -80.8    40.6    88.4
  6051    49.9   -78.0    53.0   -78.9    23.5    81.6    57.4   -80.9    40.6    88.4
  6055    49.7   -78.3    52.8   -79.1    23.6    81.7    57.2   -81.1    40.7    88.4
  6059    49.4   -78.5    52.6   -79.3    23.8    81.9    57.1   -81.3    40.7    88.4
  6063    49.2   -78.7    52.4   -79.6    23.9    82.0    56.9   -81.4    40.7    88.4
  6066    49.0   -79.0    52.2   -79.8    24.1    82.1    56.7   -81.5    40.7    88.4
  6070    48.8   -79.2    52.0   -80.0    24.2    82.2    56.6   -81.7    40.8    88.4
  6074    48.6   -79.4    51.9   -80.1    24.4    82.4    56.4   -81.8    40.8    88.4
  6078    48.5   -79.6    51.7   -80.3    24.5    82.5    56.3   -82.0    40.8    88.4
  6082    48.3   -79.7    51.5   -80.5    24.6    82.6    56.1   -82.1    40.9    88.4
  6086    48.1   -79.9    51.3   -80.7    24.8    82.7    56.0   -82.2    40.9    88.4
  6090    47.9   -80.1    51.2   -80.8    24.9    82.8    55.9   -82.3    40.9    88.4
  6094    47.7   -80.2    51.0   -81.0    25.0    82.9    55.7   -82.4    40.9    88.4
  6098    47.5   -80.4    50.8   -81.1    25.2    83.0    55.6   -82.6    41.0    88.4
  6102    47.4   -80.5    50.7   -81.3    25.3    83.1    55.5   -82.7    41.0    88.4
  6105    47.2   -80.7    50.5   -81.4    25.4    83.1    55.3   -82.8    41.0    88.4
  6109    47.0   -80.8    50.4   -81.5    25.5    83.2    55.2   -82.9    41.1    88.4
  6113    46.9   -80.9    50.2   -81.7    25.7    83.3    55.1   -83.0    41.1    88.4
  6117    46.7   -81.1    50.1   -81.8    25.8    83.4    54.9   -83.1    41.1    88.4
  6121    46.5   -81.2    49.9   -81.9    25.9    83.5    54.8   -83.2    41.1    88.4
  6125    46.4   -81.3    49.8   -82.0    26.0    83.5    54.7   -83.3    41.2    88.4
  6129    46.2   -81.4    49.6   -82.1    26.1    83.6    54.6   -83.3    41.2    88.4
  6133    46.1   -81.5    49.5   -82.2    26.2    83.7    54.4   -83.4    41.2    88.4
  6137    45.9   -81.6    49.4   -82.4    26.4    83.8    54.3   -83.5    41.3    88.4
  6141    45.8   -81.7    49.2   -82.5    26.5    83.8    54.2   -83.6    41.3    88.4
  6145    45.6   -81.8    49.1   -82.6    26.6    83.9    54.1   -83.7    41.3    88.4
  6148    45.5   -81.9    48.9   -82.6    26.7    84.0    54.0   -83.7    41.4    88.4
  6152    45.3   -82.0    48.8   -82.7    26.8    84.0    53.9   -83.8    41.4    88.4
  6156    45.2   -82.1    48.7   -82.8    26.9    84.1    53.8   -83.9    41.4    88.4
  6160    45.0   -82.2    48.6   -82.9    27.0    84.2    53.6   -84.0    41.4    88.4
  6164    44.9   -82.3    48.4   -83.0    27.1    84.2    53.5   -84.0    41.5    88.4
  6168    44.8   -82.3    48.3   -83.1    27.2    84.3    53.4   -84.1    41.5    88.4
  6172    44.6   -82.4    48.2   -83.2    27.3    84.3    53.3   -84.2    41.5    88.4
  6176    44.5   -82.5    48.0   -83.2    27.4    84.4    53.2   -84.2    41.6    88.4
  6180    44.3   -82.6    47.9   -83.3    27.5    84.4    53.1   -84.3    41.6    88.4
  6184    44.2   -82.6    47.8   -83.4    27.6    84.5    53.0   -84.4    41.6    88.4
  6188    44.1   -82.7    47.7   -83.5    27.7    84.5    52.9   -84.4    41.7    88.4
  6191    43.9   -82.8    47.6   -83.5    27.8    84.6    52.8   -84.5    41.7    88.3
  6195    43.8   -82.8    47.5   -83.6    27.9    84.6    52.7   -84.5    41.7    88.3
  6199    43.7   -82.9    47.3   -83.7    28.0    84.7    52.6   -84.6    41.7    88.3
  6203    43.6   -82.9    47.2   -83.7    28.1    84.7    52.5   -84.6    41.8    88.3
  6207    43.4   -83.0    47.1   -83.8    28.2    84.8    52.4   -84.7    41.8    88.3
  6211    43.3   -83.0    47.0   -83.8    28.3    84.8    52.3   -84.7    41.8    88.3
  6215    43.2   -83.1    46.9   -83.9    28.4    84.9    52.2   -84.8    41.9    88.3
  6219    43.1   -83.1    46.8   -84.0    28.5    84.9    52.1   -84.8    41.9    88.3
  6223    42.9   -83.2    46.7   -84.0    28.6    85.0    52.0   -84.9    41.9    88.3
  6227    42.8   -83.2    46.6   -84.1    28.7    85.0    51.9   -84.9    42.0    88.3
  6230    42.7   -83.3    46.4   -84.1    28.8    85.0    51.8   -85.0    42.0    88.3
  6234    42.6   -83.3    46.3   -84.2    28.9    85.1    51.8   -85.0    42.0    88.3
  6238    42.4   -83.3    46.2   -84.2    29.0    85.1    51.7   -85.1    42.0    88.3
  6242    42.3   -83.4    46.1   -84.3    29.0    85.1    51.6   -85.1    42.1    88.3
  6246    42.2   -83.4    46.0   -84.3    29.1    85.2    51.5   -85.2    42.1    88.3
  6250    42.1   -83.5    45.9   -84.4    29.2    85.2    51.4   -85.2    42.1    88.3
  6254    42.0   -83.5    45.8   -84.4    29.3    85.3    51.3   -85.3    42.2    88.3
  6258    41.8   -83.5    45.7   -84.4    29.4    85.3    51.2   -85.3    42.2    88.3
  6262    41.7   -83.6    45.6   -84.5    29.5    85.3    51.1   -85.3    42.2    88.3
  6266    41.6   -83.6    45.5   -84.5    29.6    85.4    51.1   -85.4    42.3    88.3
  6270    41.5   -83.6    45.4   -84.6    29.6    85.4    51.0   -85.4    42.3    88.3
  6273    41.4   -83.6    45.3   -84.6    29.7    85.4    50.9   -85.5    42.3    88.3
  6277    41.3   -83.7    45.2   -84.7    29.8    85.5    50.8   -85.5    42.4    88.3
  6281    41.2   -83.7    45.1   -84.7    29.9    85.5    50.7   -85.5    42.4    88.3
  6285    41.0   -83.7    45.0   -84.7    30.0    85.5    50.7   -85.6    42.4    88.3
  6289    40.9   -83.7    44.9   -84.8    30.1    85.5    50.6   -85.6    42.5    88.3
  6293    40.8   -83.8    44.9   -84.8    30.1    85.6    50.5   -85.6    42.5    88.3
  6297    40.7   -83.8    44.8   -84.8    30.2    85.6    50.4   -85.7    42.5    88.3
  6301    40.6   -83.8    44.7   -84.9    30.3    85.6    50.3   -85.7    42.5    88.3
  6305    40.5   -83.8    44.6   -84.9    30.4    85.7    50.3   -85.7    42.6    88.3
  6309    40.4   -83.8    44.5   -84.9    30.5    85.7    50.2   -85.8    42.6    88.3
  6313    40.3   -83.9    44.4   -85.0    30.5    85.7    50.1   -85.8    42.6    88.3
  6316    40.1   -83.9    44.3   -85.0    30.6    85.7    50.0   -85.8    42.7    88.2
  6320    40.0   -83.9    44.2   -85.0    30.7    85.8    50.0   -85.9    42.7    88.2
  6324    39.9   -83.9    44.1   -85.0    30.8    85.8    49.9   -85.9    42.7    88.2
  6328    39.8   -83.9    44.0   -85.1    30.8    85.8    49.8   -85.9    42.8    88.2
  6332    39.7   -83.9    43.9   -85.1    30.9    85.8    49.7   -85.9    42.8    88.2
  6336    39.6   -83.9    43.9   -85.1    31.0    85.9    49.7   -86.0    42.8    88.2
  6340    39.5   -84.0    43.8   -85.2    31.1    85.9    49.6   -86.0    42.9    88.2
  6344    39.4   -84.0    43.7   -85.2    31.1    85.9    49.5   -86.0    42.9    88.2
  6348    39.3   -84.0    43.6   -85.2    31.2    85.9    49.5   -86.1    42.9    88.2
  6352    39.2   -84.0    43.5   -85.2    31.3    85.9    49.4   -86.1    43.0    88.2
  6355    39.1   -84.0    43.4   -85.3    31.4    86.0    49.3   -86.1    43.0    88.2
  6359    39.0   -84.0    43.3   -85.3    31.4    86.0    49.2   -86.1    43.0    88.2
  6363    38.8   -84.0    43.3   -85.3    31.5    86.0    49.2   -86.2    43.1    88.2
  6367    38.7   -84.0    43.2   -85.3    31.6    86.0    49.1   -86.2    43.1    88.2
  6371    38.6   -84.0    43.1   -85.3    31.6    86.0    49.0   -86.2    43.1    88.2
  6375    38.5   -84.0    43.0   -85.4    31.7    86.1    49.0   -86.2    43.2    88.2
  6379    38.4   -84.0    42.9   -85.4    31.8    86.1    48.9   -86.2    43.2    88.2
  6383    38.3   -84.0    42.8   -85.4    31.9    86.1    48.8   -86.3    43.2    88.2
  6387    38.2   -84.0    42.8   -85.4    31.9    86.1    48.8   -86.3    43.2    88.2
  6391    38.1   -84.0    42.7   -85.4    32.0    86.1    48.7   -86.3    43.3    88.2
  6395    38.0   -84.0    42.6   -85.5    32.1    86.2    48.6   -86.3    43.3    88.2
  6398    37.9   -84.0    42.5   -85.5    32.1    86.2    48.6   -86.4    43.3    88.2
  6402    37.8   -84.0    42.4   -85.5    32.2    86.2    48.5   -86.4    43.4    88.2
  6406    37.7   -84.0    42.3   -85.5    32.3    86.2    48.4   -86.4    43.4    88.2
  6410    37.6   -84.0    42.3   -85.5    32.3    86.2    48.4   -86.4    43.4    88.2
  6414    37.4   -84.0    42.2   -85.6    32.4    86.2    48.3   -86.4    43.5    88.2
  6418    37.3   -83.9    42.1   -85.6    32.5    86.3    48.2   -86.5    43.5    88.1
  6422    37.2   -83.9    42.0   -85.6    32.5    86.3    48.2   -86.5    43.5    88.1
  6426    37.1   -83.9    42.0   -85.6    32.6    86.3    48.1   -86.5    43.6    88.1
  6430    37.0   -83.9    41.9   -85.6    32.7    86.3    48.1   -86.5    43.6    88.1
  6434    36.9   -83.9    41.8   -85.6    32.7    86.3    48.0   -86.5    43.6    88.1
  6438    36.8   -83.9    41.7   -85.6    32.8    86.3    47.9   -86.6    43.7    88.1
  6441    36.7   -83.9    41.6   -85.7    32.9    86.3    47.9   -86.6    43.7    88.1
  6445    36.6   -83.9    41.6   -85.7    32.9    86.4    47.8   -86.6    43.7    88.1
  6449    36.5   -83.8    41.5   -85.7    33.0    86.4    47.8   -86.6    43.8    88.1
  6453    36.4   -83.8    41.4   -85.7    33.1    86.4    47.7   -86.6    43.8    88.1
  6457    36.2   -83.8    41.3   -85.7    33.1    86.4    47.6   -86.7    43.8    88.1
  6461    36.1   -83.8    41.3   -85.7    33.2    86.4    47.6   -86.7    43.9    88.1
  6465    36.0   -83.8    41.2   -85.7    33.3    86.4    47.5   -86.7    43.9    88.1
  6469    35.9   -83.7    41.1   -85.7    33.3    86.4    47.5   -86.7    43.9    88.1
  6473    35.8   -83.7    41.0   -85.7    33.4    86.4    47.4   -86.7    44.0    88.1
  6477    35.7   -83.7    40.9   -85.8    33.4    86.5    47.3   -86.7    44.0    88.1
  6480    35.6   -83.7    40.9   -85.8    33.5    86.5    47.3   -86.8    44.1    88.1
  6484    35.5   -83.6    40.8   -85.8    33.6    86.5    47.2   -86.8    44.1    88.1
  6488    35.3   -83.6    40.7   -85.8    33.6    86.5    47.2   -86.8    44.1    88.1
  6492    35.2   -83.6    40.6   -85.8    33.7    86.5    47.1   -86.8    44.2    88.1
  6496    35.1   -83.6    40.6   -85.8    33.8    86.5    47.1   -86.8    44.2    88.1
  6500    35.0   -83.5    40.5   -85.8    33.8    86.5    47.0   -86.8    44.2    88.0
  6504    34.9   -83.5    40.4   -85.8    33.9    86.5    46.9   -86.8    44.3    88.0
  6508    34.8   -83.5    40.3   -85.8    33.9    86.5    46.9   -86.9    44.3    88.0
  6512    34.7   -83.4    40.3   -85.8    34.0    86.6    46.8   -86.9    44.3    88.0
  6516    34.5   -83.4    40.2   -85.8    34.1    86.6    46.8   -86.9    44.4    88.0
  6520    34.4   -83.3    40.1   -85.8    34.1    86.6    46.7   -86.9    44.4    88.0
  6523    34.3   -83.3    40.1   -85.9    34.2    86.6    46.7   -86.9    44.4    88.0
  6527    34.2   -83.3    40.0   -85.9    34.2    86.6    46.6   -86.9    44.5    88.0
  6531    34.1   -83.2    39.9   -85.9    34.3    86.6    46.6   -86.9    44.5    88.0
  6535    33.9   -83.2    39.8   -85.9    34.4    86.6    46.5   -87.0    44.5    88.0
  6539    33.8   -83.1    39.8   -85.9    34.4    86.6    46.4   -87.0    44.6    88.0
  6543    33.7   -83.1    39.7   -85.9    34.5    86.6    46.4   -87.0    44.6    88.0
  6547    33.6   -83.0    39.6   -85.9    34.5    86.6    46.3   -87.0    44.6    88.0
  6551    33.5   -83.0    39.5   -85.9    34.6    86.6    46.3   -87.0    44.7    88.0
  6555    33.3   -82.9    39.5   -85.9    34.7    86.7    46.2   -87.0    44.7    88.0
  6559    33.2   -82.9    39.4   -85.9    34.7    86.7    46.2   -87.0    44.8    88.0
  6563    33.1   -82.8    39.3   -85.9    34.8    86.7    46.1   -87.0    44.8    88.0
  6566    33.0   -82.7    39.2   -85.9    34.8    86.7    46.1   -87.1    44.8    87.9
  6570    32.8   -82.7    39.2   -85.9    34.9    86.7    46.0   -87.1    44.9    87.9
  6574    32.7   -82.6    39.1   -85.9    35.0    86.7    46.0   -87.1    44.9    87.9
  6578    32.6   -82.6    39.0   -85.9    35.0    86.7    45.9   -87.1    44.9    87.9
  6582    32.4   -82.5    39.0   -85.9    35.1    86.7    45.9   -87.1    45.0    87.9
  6586    32.3   -82.4    38.9   -85.9    35.1    86.7    45.8   -87.1    45.0    87.9
  6590    32.2   -82.3    38.8   -85.9    35.2    86.7    45.8   -87.1    45.0    87.9
  6594    32.0   -82.3    38.7   -85.9    35.3    86.7    45.7   -87.1    45.1    87.9
  6598    31.9   -82.2    38.7   -85.9    35.3    86.7    45.7   -87.1    45.1    87.9
  6602    31.8   -82.1    38.6   -85.9    35.4    86.7    45.6   -87.2    45.2    87.9
  6605    31.6   -82.0    38.5   -85.9    35.4    86.7    45.6   -87.2    45.2    87.9
  6609    31.5   -81.9    38.5   -85.9    35.5    86.8    45.5   -87.2    45.2    87.9
  6613    31.3   -81.9    38.4   -85.9    35.5    86.8    45.5   -87.2    45.3    87.9
  6617    31.2   -81.8    38.3   -85.9    35.6    86.8    45.4   -87.2    45.3    87.9
  6621    31.0   -81.7    38.2   -85.9    35.7    86.8    45.4   -87.2    45.3    87.9
  6625    30.9   -81.6    38.2   -85.9    35.7    86.8    45.3   -87.2    45.4    87.9
  6629    30.8   -81.5    38.1   -85.9    35.8    86.8    45.3   -87.2    45.4    87.8
  6633    30.6   -81.4    38.0   -85.9    35.8    86.8    45.2   -87.2    45.5    87.8
  6637    30.5   -81.2    37.9   -85.9    35.9    86.8    45.2   -87.2    45.5    87.8
  6641    30.3   -81.1    37.9   -85.9    35.9    86.8    45.1   -87.3    45.5    87.8
  6645    30.1   -81.0    37.8   -85.9    36.0    86.8    45.1   -87.3    45.6    87.8
  6648    30.0   -80.9    37.7   -85.9    36.1    86.8    45.0   -87.3    45.6    87.8
  6652    29.8   -80.8    37.7   -85.9    36.1    86.8    45.0   -87.3    45.7    87.8
  6656    29.7   -80.6    37.6   -85.9    36.2    86.8    44.9   -87.3    45.7    87.8
  6660    29.5   -80.5    37.5   -85.9    36.2    86.8    44.9   -87.3    45.7    87.8
  6664    29.3   -80.3    37.4   -85.9    36.3    86.8    44.8   -87.3    45.8    87.8
  6668    29.2   -80.2    37.4   -85.9    36.3    86.8    44.8   -87.3    45.8    87.8
  6672    29.0   -80.0    37.3   -85.9    36.4    86.8    44.7   -87.3    45.8    87.8
  6676    28.8   -79.9    37.2   -85.9    36.4    86.8    44.7   -87.3    45.9    87.8
  6680    28.6   -79.7    37.2   -85.9    36.5    86.8    44.6   -87.3    45.9    87.7
  6684    28.5   -79.5    37.1   -85.9    36.6    86.8    44.6   -87.3    46.0    87.7
  6688    28.3   -79.3    37.0   -85.9    36.6    86.8    44.6   -87.4    46.0    87.7
  6691    28.1   -79.1    36.9   -85.8    36.7    86.8    44.5   -87.4    46.0    87.7
  6695    27.9   -78.9    36.9   -85.8    36.7    86.8    44.5   -87.4    46.1    87.7
  6699    27.7   -78.7    36.8   -85.8    36.8    86.8    44.4   -87.4    46.1    87.7
  6703    27.5   -78.5    36.7   -85.8    36.8    86.8    44.4   -87.4    46.2    87.7
  6707    27.3   -78.3    36.6   -85.8    36.9    86.8    44.3   -87.4    46.2    87.7
  6711    27.1   -78.0    36.6   -85.8    36.9    86.8    44.3   -87.4    46.2    87.7
  6715    26.9   -77.8    36.5   -85.8    37.0    86.9    44.2   -87.4    46.3    87.7
  6719    26.7   -77.5    36.4   -85.8    37.1    86.9    44.2   -87.4    46.3    87.7
  6723    26.5   -77.2    36.3   -85.8    37.1    86.9    44.1   -87.4    46.4    87.7
  6727    26.3   -76.9    36.3   -85.8    37.2    86.9    44.1   -87.4    46.4    87.6
  6730    26.0   -76.6    36.2   -85.8    37.2    86.9    44.0   -87.4    46.5    87.6
  6734    25.8   -76.3    36.1   -85.8    37.3    86.9    44.0   -87.4    46.5    87.6
  6738    25.6   -75.9    36.1   -85.7    37.3    86.9    44.0   -87.5    46.5    87.6
  6742    25.3   -75.6    36.0   -85.7    37.4    86.9    43.9   -87.5    46.6    87.6
  6746    25.1   -75.2    35.9   -85.7    37.4    86.9    43.9   -87.5    46.6    87.6
  6750    24.8   -74.8    35.8   -85.7    37.5    86.9    43.8   -87.5    46.7    87.6
  6754    24.6   -74.3    35.8   -85.7    37.5    86.9    43.8   -87.5    46.7    87.6
  6758    24.3   -73.9    35.7   -85.7    37.6    86.9    43.7   -87.5    46.7    87.6
  6762    24.0   -73.4    35.6   -85.7    37.7    86.9    43.7   -87.5    46.8    87.6
  6766    23.8   -72.9    35.5   -85.7    37.7    86.9    43.7   -87.5    46.8    87.6
  6770    23.5   -72.3    35.5   -85.7    37.8    86.9    43.6   -87.5    46.9    87.5
  6773    23.2   -71.7    35.4   -85.6    37.8    86.9    43.6   -87.5    46.9    87.5
  6777    22.9   -71.1    35.3   -85.6    37.9    86.9    43.5   -87.5    47.0    87.5
  6781    22.6   -70.4    35.2   -85.6    37.9    86.9    43.5   -87.5    47.0    87.5
  6785    22.2   -69.6    35.1   -85.6    38.0    86.9    43.4   -87.5    47.0    87.5
  6789    21.9   -68.8    35.1   -85.6    38.0    86.9    43.4   -87.5    47.1    87.5
  6793    21.6   -68.0    35.0   -85.6    38.1    86.9    43.3   -87.5    47.1    87.5
  6797    21.2   -67.0    34.9   -85.6    38.1    86.9    43.3   -87.5    47.2    87.5
  6801    20.8   -66.0    34.8   -85.5    38.2    86.9    43.3   -87.6    47.2    87.5
  6805    20.5   -64.9    34.8   -85.5    38.3    86.9    43.2   -87.6    47.3    87.4
  6809    20.1   -63.7    34.7   -85.5    38.3    86.9    43.2   -87.6    47.3    87.4
  6813    19.7   -62.4    34.6   -85.5    38.4    86.9    43.1   -87.6    47.4    87.4
  6816    19.3   -60.9    34.5   -85.5    38.4    86.9    43.1   -87.6    47.4    87.4
  6820    18.8   -59.3    34.4   -85.5    38.5    86.9    43.1   -87.6    47.4    87.4
  6824    18.4   -57.5    34.4   -85.4    38.5    86.9    43.0   -87.6    47.5    87.4
  6828    17.9   -55.6    34.3   -85.4    38.6    86.9    43.0   -87.6    47.5    87.4
  6832    17.4   -53.4    34.2   -85.4    38.6    86.9    42.9   -87.6    47.6    87.4
  6836    17.0   -50.9    34.1   -85.4    38.7    86.8    42.9   -87.6    47.6    87.4
  6840    16.5   -48.2    34.1   -85.4    38.8    86.8    42.8   -87.6    47.7    87.3
  6844    16.0   -45.1    34.0   -85.3    38.8    86.8    42.8   -87.6    47.7    87.3
  6848    15.5   -41.6    33.9   -85.3    38.9    86.8    42.8   -87.6    47.8    87.3
  6852    15.0   -37.8    33.8   -85.3    38.9    86.8    42.7   -87.6    47.8    87.3
  6855    14.5   -33.4    33.7   -85.3    39.0    86.8    42.7   -87.6    47.9    87.3
  6859    14.1   -28.6    33.6   -85.2    39.0    86.8    42.6   -87.6    47.9    87.3
  6863    13.7   -23.4    33.6   -85.2    39.1    86.8    42.6   -87.6    47.9    87.3
  6867    13.4   -17.6    33.5   -85.2    39.1    86.8    42.6   -87.6    48.0    87.3
  6871    13.1   -11.5    33.4   -85.2    39.2    86.8    42.5   -87.6    48.0    87.2
  6875    13.0    -5.1    33.3   -85.1    39.2    86.8    42.5   -87.6    48.1    87.2
  6879    12.9     1.4    33.2   -85.1    39.3    86.8    42.4   -87.7    48.1    87.2
  6883    13.0     7.9    33.1   -85.1    39.4    86.8    42.4   -87.7    48.2    87.2
  6887    13.2    14.2    33.1   -85.1    39.4    86.8    42.4   -87.7    48.2    87.2
  6891    13.5    20.2    33.0   -85.0    39.5    86.8    42.3   -87.7    48.3    87.2
  6895    13.9    25.7    32.9   -85.0    39.5    86.8    42.3   -87.7    48.3    87.2
  6898    14.3    30.7    32.8   -85.0    39.6    86.8    42.2   -87.7    48.4    87.2
  6902    14.7    35.3    32.7   -85.0    39.6    86.8    42.2   -87.7    48.4    87.1
  6906    15.2    39.4    32.6   -84.9    39.7    86.8    42.1   -87.7    48.5    87.1
  6910    15.7    43.1    32.5   -84.9    39.7    86.8    42.1   -87.7    48.5    87.1
  6914    16.2    46.3    32.5   -84.9    39.8    86.8    42.1   -87.7    48.6    87.1
  6918    16.7    49.2    32.4   -84.8    39.9    86.8    42.0   -87.7    48.6    87.1
  6922    17.2    51.8    32.3   -84.8    39.9    86.8    42.0   -87.7    48.7    87.1
  6926    17.7    54.2    32.2   -84.8    40.0    86.8    42.0   -87.7    48.7    87.1
  6930    18.1    56.2    32.1   -84.7    40.0    86.8    41.9   -87.7    48.8    87.0
  6934    18.6    58.1    32.0   -84.7    40.1    86.8    41.9   -87.7    48.8    87.0
  6938    19.0    59.8    31.9   -84.7    40.1    86.8    41.8   -87.7    48.9    87.0
  6941    19.5    61.4    31.8   -84.6    40.2    86.7    41.8   -87.7    48.9    87.0
  6945    19.9    62.7    31.7   -84.6    40.2    86.7    41.8   -87.7    49.0    87.0
  6949    20.3    64.0    31.6   -84.5    40.3    86.7    41.7   -87.7    49.0    87.0
  6953    20.7    65.2    31.5   -84.5    40.4    86.7    41.7   -87.7    49.1    86.9
  6957    21.0    66.2    31.4   -84.5    40.4    86.7    41.6   -87.7    49.1    86.9
  6961    21.4    67.2    31.3   -84.4    40.5    86.7    41.6   -87.7    49.2    86.9
  6965    21.7    68.1    31.3   -84.4    40.5    86.7    41.6   -87.7    49.3    86.9
  6969    22.1    68.9    31.2   -84.3    40.6    86.7    41.5   -87.7    49.3    86.9
  6973    22.4    69.7    31.1   -84.3    40.6    86.7    41.5   -87.7    49.4    86.9
  6977    22.7    70.4    31.0   -84.2    40.7    86.7    41.4   -87.7    49.4    86.8
  6980    23.0    71.1    30.9   -84.2    40.8    86.7    41.4   -87.7    49.5    86.8
  6984    23.3    71.7    30.8   -84.1    40.8    86.7    41.4   -87.7    49.5    86.8
  6988    23.6    72.3    30.7   -84.1    40.9    86.7    41.3   -87.7    49.6    86.8
  6992    23.9    72.8    30.6   -84.0    40.9    86.7    41.3   -87.8    49.6    86.8
  6996    24.2    73.3    30.5   -84.0    41.0    86.7    41.2   -87.8    49.7    86.7
  7000    24.4    73.8    30.4   -83.9    41.0    86.6    41.2   -87.8    49.7    86.7
  7004    24.7    74.3    30.3   -83.9    41.1    86.6    41.2   -87.8    49.8    86.7
  7008    25.0    74.7    30.1   -83.8    41.2    86.6    41.1   -87.8    49.9    86.7
  7012    25.2    75.1    30.0   -83.8    41.2    86.6    41.1   -87.8    49.9    86.7
  7016    25.4    75.5    29.9   -83.7    41.3    86.6    41.1   -87.8    50.0    86.6
  7020    25.7    75.8    29.8   -83.7    41.3    86.6    41.0   -87.8    50.0    86.6
  7023    25.9    76.1    29.7   -83.6    41.4    86.6    41.0   -87.8    50.1    86.6
  7027    26.1    76.5    29.6   -83.5    41.4    86.6    40.9   -87.8    50.1    86.6
  7031    26.4    76.8    29.5   -83.5    41.5    86.6    40.9   -87.8    50.2    86.6
  7035    26.6    77.1    29.4   -83.4    41.6    86.6    40.9   -87.8    50.3    86.5
  7039    26.8    77.3    29.3   -83.3    41.6    86.6    40.8   -87.8    50.3    86.5
  7043    27.0    77.6    29.2   -83.3    41.7    86.6    40.8   -87.8    50.4    86.5
  7047    27.2    77.8    29.0   -83.2    41.7    86.5    40.8   -87.8    50.4    86.5
  7051    27.4    78.1    28.9   -83.1    41.8    86.5    40.7   -87.8    50.5    86.5
  7055    27.6    78.3    28.8   -83.0    41.9    86.5    40.7   -87.8    50.6    86.4
  7059    27.8    78.5    28.7   -83.0    41.9    86.5    40.6   -87.8    50.6    86.4
  7063    28.0    78.7    28.6   -82.9    42.0    86.5    40.6   -87.8    50.7    86.4
  7066    28.2    78.9    28.4   -82.8    42.0    86.5    40.6   -87.8    50.7    86.4
  7070    28.4    79.1    28.3   -82.7    42.1    86.5    40.5   -87.8    50.8    86.3
  7074    28.5    79.3    28.2   -82.6    42.2    86.5    40.5   -87.8    50.9    86.3
  7078    28.7    79.5    28.1   -82.5    42.2    86.5    40.4   -87.8    50.9    86.3
  7082    28.9    79.6    27.9   -82.4    42.3    86.4    40.4   -87.8    51.0    86.3
  7086    29.1    79.8    27.8   -82.3    42.3    86.4    40.4   -87.8    51.1    86.2
  7090    29.2    80.0    27.7   -82.2    42.4    86.4    40.3   -87.8    51.1    86.2
  7094    29.4    80.1    27.6   -82.1    42.5    86.4    40.3   -87.8    51.2    86.2
  7098    29.6    80.2    27.4   -82.0    42.5    86.4    40.3   -87.8    51.3    86.1
  7102    29.7    80.4    27.3   -81.9    42.6    86.4    40.2   -87.8    51.3    86.1
  7105    29.9    80.5    27.2   -81.8    42.6    86.4    40.2   -87.8    51.4    86.1
  7109    30.1    80.6    27.0   -81.7    42.7    86.4    40.1   -87.8    51.5    86.1
  7113    30.2    80.8    26.9   -81.6    42.8    86.3    40.1   -87.8    51.5    86.0
  7117    30.4    80.9    26.7   -81.5    42.8    86.3    40.1   -87.8    51.6    86.0
  7121    30.5    81.0    26.6   -81.3    42.9    86.3    40.0   -87.8    51.7    86.0
  7125    30.7    81.1    26.4   -81.2    43.0    86.3    40.0   -87.8    51.7    85.9
  7129    30.8    81.2    26.3   -81.1    43.0    86.3    40.0   -87.8    51.8    85.9
  7133    31.0    81.3    26.1   -80.9    43.1    86.3    39.9   -87.8    51.9    85.9
  7137    31.1    81.4    26.0   -80.8    43.1    86.3    39.9   -87.8    51.9    85.9
  7141    31.3    81.5    25.8   -80.6    43.2    86.2    39.9   -87.8    52.0    85.8
  7145    31.4    81.6    25.7   -80.5    43.3    86.2    39.8   -87.8    52.1    85.8
  7148    31.5    81.7    25.5   -80.3    43.3    86.2    39.8   -87.8    52.1    85.8
  7152    31.7    81.7    25.3   -80.1    43.4    86.2    39.7   -87.8    52.2    85.7
  7156    31.8    81.8    25.2   -79.9    43.5    86.2    39.7   -87.8    52.3    85.7
  7160    32.0    81.9    25.0   -79.8    43.5    86.2    39.7   -87.8    52.4    85.7
  7164    32.1    82.0    24.8   -79.6    43.6    86.1    39.6   -87.8    52.4    85.6
  7168    32.2    82.1    24.7   -79.4    43.7    86.1    39.6   -87.8    52.5    85.6
  7172    32.4    82.1    24.5   -79.2    43.7    86.1    39.6   -87.8    52.6    85.5
  7176    32.5    82.2    24.3   -78.9    43.8    86.1    39.5   -87.8    52.7    85.5
  7180    32.6    82.3    24.1   -78.7    43.9    86.1    39.5   -87.8    52.7    85.5
  7184    32.8    82.3    23.9   -78.5    43.9    86.1    39.4   -87.8    52.8    85.4
  7188    32.9    82.4    23.7   -78.2    44.0    86.0    39.4   -87.8    52.9    85.4
  7191    33.0    82.4    23.5   -78.0    44.1    86.0    39.4   -87.8    53.0    85.4
  7195    33.1    82.5    23.3   -77.7    44.1    86.0    39.3   -87.8    53.0    85.3
  7199    33.3    82.6    23.1   -77.4    44.2    86.0    39.3   -87.8    53.1    85.3
  7203    33.4    82.6    22.9   -77.1    44.3    86.0    39.3   -87.8    53.2    85.2
  7207    33.5    82.7    22.7   -76.8    44.3    85.9    39.2   -87.8    53.3    85.2
  7211    33.6    82.7    22.5   -76.5    44.4    85.9    39.2   -87.8    53.4    85.1
  7215    33.8    82.8    22.3   -76.2    44.5    85.9    39.2   -87.8    53.5    85.1
  7219    33.9    82.8    22.0   -75.8    44.5    85.9    39.1   -87.8    53.5    85.0
  7223    34.0    82.8    21.8   -75.4    44.6    85.9    39.1   -87.8    53.6    85.0
  7227    34.1    82.9    21.6   -75.0    44.7    85.8    39.0   -87.8    53.7    85.0
  7230    34.2    82.9    21.3   -74.6    44.7    85.8    39.0   -87.8    53.8    84.9
  7234    34.4    83.0    21.1   -74.1    44.8    85.8    39.0   -87.8    53.9    84.9
  7238    34.5    83.0    20.8   -73.7    44.9    85.8    38.9   -87.8    54.0    84.8
  7242    34.6    83.0    20.6   -73.1    45.0    85.7    38.9   -87.8    54.1    84.8
  7246    34.7    83.1    20.3   -72.6    45.0    85.7    38.9   -87.8    54.1    84.7
  7250    34.8    83.1    20.0   -72.0    45.1    85.7    38.8   -87.8    54.2    84.6
  7254    34.9    83.1    19.7   -71.4    45.2    85.7    38.8   -87.8    54.3    84.6
  7258    35.1    83.2    19.4   -70.8    45.3    85.6    38.8   -87.8    54.4    84.5
  7262    35.2    83.2    19.1   -70.1    45.3    85.6    38.7   -87.8    54.5    84.5
  7266    35.3    83.2    18.8   -69.3    45.4    85.6    38.7   -87.8    54.6    84.4
  7270    35.4    83.3    18.5   -68.5    45.5    85.6    38.6   -87.8    54.7    84.4
  7273    35.5    83.3    18.1   -67.6    45.5    85.5    38.6   -87.8    54.8    84.3
  7277    35.6    83.3    17.8   -66.6    45.6    85.5    38.6   -87.8    54.9    84.2
  7281    35.7    83.3    17.4   -65.6    45.7    85.5    38.5   -87.8    55.0    84.2
  7285    35.8    83.3    17.1   -64.5    45.8    85.4    38.5   -87.8    55.1    84.1
  7289    36.0    83.4    16.7   -63.3    45.9    85.4    38.5   -87.8    55.2    84.0
  7293    36.1    83.4    16.3   -61.9    45.9    85.4    38.4   -87.8    55.3    84.0
  7297    36.2    83.4    15.9   -60.5    46.0    85.4    38.4   -87.8    55.4    83.9
  7301    36.3    83.4    15.5   -58.9    46.1    85.3    38.4   -87.8    55.5    83.8
  7305    36.4    83.4    15.0   -57.1    46.2    85.3    38.3   -87.8    55.6    83.8
  7309    36.5    83.5    14.6   -55.1    46.2    85.3    38.3   -87.8    55.7    83.7
  7313    36.6    83.5    14.1   -52.9    46.3    85.2    38.2   -87.8    55.8    83.6
  7316    36.7    83.5    13.7   -50.5    46.4    85.2    38.2   -87.8    55.9    83.5
  7320    36.8    83.5    13.2   -47.8    46.5    85.2    38.2   -87.8    56.0    83.5
  7324    36.9    83.5    12.7   -44.7    46.6    85.1    38.1   -87.8    56.1    83.4
  7328    37.1    83.5    12.2   -41.4    46.6    85.1    38.1   -87.8    56.2    83.3
  7332    37.2    83.5    11.7   -37.6    46.7    85.1    38.1   -87.8    56.3    83.2
  7336    37.3    83.5    11.3   -33.4    46.8    85.0    38.0   -87.8    56.5    83.1
  7340    37.4    83.5    10.9   -28.7    46.9    85.0    38.0   -87.8    56.6    83.0
  7344    37.5    83.5    10.5   -23.7    47.0    84.9    38.0   -87.8    56.7    82.9
  7348    37.6    83.5    10.2   -18.1    47.1    84.9    37.9   -87.8    56.8    82.8
  7352    37.7    83.6     9.9   -12.2    47.2    84.9    37.9   -87.8    56.9    82.7
  7355    37.8    83.6     9.8    -6.1    47.2    84.8    37.8   -87.8    57.0    82.6
  7359    37.9    83.6     9.7     0.2    47.3    84.8    37.8   -87.8    57.2    82.5
  7363    38.0    83.6     9.8     6.5    47.4    84.7    37.8   -87.8    57.3    82.4
  7367    38.1    83.6    10.0    12.7    47.5    84.7    37.7   -87.8    57.4    82.3
  7371    38.2    83.6    10.2    18.5    47.6    84.6    37.7   -87.8    57.5    82.2
  7375    38.4    83.6    10.5    24.0    47.7    84.6    37.7   -87.8    57.7    82.1
  7379    38.5    83.5    10.9    29.1    47.8    84.6    37.6   -87.8    57.8    81.9
  7383    38.6    83.5    11.3    33.6    47.9    84.5    37.6   -87.8    57.9    81.8
  7387    38.7    83.5    11.8    37.8    48.0    84.5    37.6   -87.8    58.1    81.7
  7391    38.8    83.5    12.3    41.5    48.0    84.4    37.5   -87.8    58.2    81.6
  7395    38.9    83.5    12.8    44.9    48.1    84.4    37.5   -87.8    58.4    81.4
  7398    39.0    83.5    13.2    47.8    48.2    84.3    37.4   -87.8    58.5    81.3
  7402    39.1    83.5    13.7    50.5    48.3    84.2    37.4   -87.8    58.6    81.1
  7406    39.2    83.5    14.2    52.9    48.4    84.2    37.4   -87.8    58.8    81.0
  7410    39.3    83.5    14.6    55.1    48.5    84.1    37.3   -87.8    58.9    80.8
  7414    39.4    83.5    15.1    57.0    48.6    84.1    37.3   -87.8    59.1    80.7
  7418    39.5    83.5    15.5    58.8    48.7    84.0    37.3   -87.8    59.2    80.5
  7422    39.6    83.4    15.9    60.4    48.8    84.0    37.2   -87.8    59.4    80.3
  7426    39.8    83.4    16.3    61.8    48.9    83.9    37.2   -87.8    59.6    80.1
  7430    39.9    83.4    16.7    63.1    49.0    83.8    37.2   -87.8    59.7    79.9
  7434    40.0    83.4    17.1    64.4    49.1    83.8    37.1   -87.8    59.9    79.7
  7438    40.1    83.4    17.5    65.5    49.2    83.7    37.1   -87.8    60.1    79.5
  7441    40.2    83.4    17.8    66.5    49.3    83.6    37.0   -87.8    60.2    79.3
  7445    40.3    83.3    18.2    67.4    49.4    83.6    37.0   -87.8    60.4    79.1
  7449    40.4    83.3    18.5    68.3    49.5    83.5    37.0   -87.8    60.6    78.9
  7453    40.5    83.3    18.8    69.1    49.6    83.4    36.9   -87.8    60.8    78.6
  7457    40.6    83.3    19.1    69.9    49.8    83.4    36.9   -87.8    60.9    78.4
  7461    40.8    83.2    19.5    70.6    49.9    83.3    36.9   -87.8    61.1    78.1
  7465    40.9    83.2    19.7    71.2    50.0    83.2    36.8   -87.8    61.3    77.9
  7469    41.0    83.2    20.0    71.8    50.1    83.1    36.8   -87.8    61.5    77.6
  7473    41.1    83.2    20.3    72.4    50.2    83.0    36.7   -87.8    61.7    77.3
  7477    41.2    83.1    20.6    72.9    50.3    83.0    36.7   -87.8    61.9    77.0
  7480    41.3    83.1    20.8    73.4    50.4    82.9    36.7   -87.8    62.1    76.6
  7484    41.4    83.1    21.1    73.9    50.6    82.8    36.6   -87.8    62.4    76.3
  7488    41.5    83.0    21.4    74.4    50.7    82.7    36.6   -87.8    62.6    75.9
  7492    41.7    83.0    21.6    74.8    50.8    82.6    36.6   -87.8    62.8    75.6
  7496    41.8    82.9    21.8    75.2    50.9    82.5    36.5   -87.8    63.0    75.2
  7500    41.9    82.9    22.1    75.6    51.0    82.4    36.5   -87.8    63.3    74.7
  7504    42.0    82.9    22.3    75.9    51.2    82.3    36.5   -87.8    63.5    74.3
  7508    42.1    82.8    22.5    76.3    51.3    82.2    36.4   -87.8    63.8    73.8
  7512    42.2    82.8    22.7    76.6    51.4    82.1    36.4   -87.8    64.0    73.3
  7516    42.4    82.7    23.0    76.9    51.6    82.0    36.3   -87.8    64.3    72.8
  7520    42.5    82.7    23.2    77.2    51.7    81.9    36.3   -87.8    64.6    72.2
  7523    42.6    82.6    23.4    77.5    51.8    81.7    36.3   -87.7    64.9    71.6
  7527    42.7    82.6    23.6    77.7    52.0    81.6    36.2   -87.7    65.1    71.0
  7531    42.9    82.5    23.8    78.0    52.1    81.5    36.2   -87.7    65.4    70.3
  7535    43.0    82.5    24.0    78.2    52.2    81.4    36.2   -87.7    65.7    69.5
  7539    43.1    82.4    24.1    78.5    52.4    81.2    36.1   -87.7    66.1    68.7
  7543    43.2    82.4    24.3    78.7    52.5    81.1    36.1   -87.7    66.4    67.9
  7547    43.4    82.3    24.5    78.9    52.7    80.9    36.0   -87.7    66.7    66.9
  7551    43.5    82.2    24.7    79.1    52.8    80.8    36.0   -87.7    67.1    65.9
  7555    43.6    82.2    24.9    79.3    53.0    80.6    36.0   -87.7    67.4    64.9
  7559    43.7    82.1    25.0    79.5    53.1    80.5    35.9   -87.7    67.8    63.7
  7563    43.9    82.0    25.2    79.7    53.3    80.3    35.9   -87.7    68.2    62.4
  7566    44.0    82.0    25.4    79.9    53.4    80.1    35.9   -87.7    68.6    61.0
  7570    44.1    81.9    25.5    80.0    53.6    80.0    35.8   -87.7    69.0    59.5
  7574    44.3    81.8    25.7    80.2    53.8    79.8    35.8   -87.7    69.4    57.8
  7578    44.4    81.7    25.8    80.3    53.9    79.6    35.7   -87.7    69.8    55.9
  7582    44.5    81.7    26.0    80.5    54.1    79.4    35.7   -87.7    70.3    53.8
  7586    44.7    81.6    26.2    80.6    54.3    79.2    35.7   -87.7    70.7    51.5
  7590    44.8    81.5    26.3    80.8    54.4    79.0    35.6   -87.7    71.2    49.0
  7594    44.9    81.4    26.5    80.9    54.6    78.7    35.6   -87.7    71.7    46.1
  7598    45.1    81.3    26.6    81.1    54.8    78.5    35.6   -87.7    72.1    43.0
  7602    45.2    81.2    26.7    81.2    55.0    78.3    35.5   -87.7    72.6    39.5
  7605    45.4    81.1    26.9    81.3    55.2    78.0    35.5   -87.7    73.0    35.5
  7609    45.5    81.0    27.0    81.4    55.4    77.7    35.4   -87.7    73.5    31.2
  7613    45.7    80.9    27.2    81.5    55.6    77.5    35.4   -87.7    73.9    26.4
  7617    45.8    80.8    27.3    81.7    55.8    77.2    35.4   -87.7    74.2    21.2
  7621    46.0    80.6    27.4    81.8    56.0    76.9    35.3   -87.7    74.5    15.6
  7625    46.1    80.5    27.6    81.9    56.2    76.5    35.3   -87.7    74.7     9.7
  7629    46.3    80.4    27.7    82.0    56.4    76.2    35.2   -87.7    74.8     3.6
  7633    46.4    80.3    27.8    82.1    56.6    75.8    35.2   -87.7    74.8    -2.6
  7637    46.6    80.1    28.0    82.2    56.9    75.5    35.2   -87.7    74.7    -8.8
  7641    46.8    80.0    28.1    82.3    57.1    75.1    35.1   -87.6    74.5   -14.7
  7645    46.9    79.8    28.2    82.3    57.3    74.7    35.1   -87.6    74.3   -20.3
  7648    47.1    79.7    28.3    82.4    57.6    74.2    35.1   -87.6    73.9   -25.6
  7652    47.2    79.5    28.5    82.5    57.8    73.7    35.0   -87.6    73.5   -30.4
  7656    47.4    79.4    28.6    82.6    58.1    73.2    35.0   -87.6    73.1   -34.8
  7660    47.6    79.2    28.7    82.7    58.3    72.7    34.9   -87.6    72.6   -38.8
  7664    47.8    79.0    28.8    82.8    58.6    72.2    34.9   -87.6    72.2   -42.3
  7668    47.9    78.8    28.9    82.8    58.9    71.6    34.9   -87.6    71.7   -45.5
  7672    48.1    78.6    29.1    82.9    59.2    70.9    34.8   -87.6    71.2   -48.4
  7676    48.3    78.4    29.2    83.0    59.5    70.3    34.8   -87.6    70.8   -51.0
  7680    48.5    78.2    29.3    83.0    59.8    69.5    34.7   -87.6    70.3   -53.3
  7684    48.7    78.0    29.4    83.1    60.1    68.7    34.7   -87.6    69.9   -55.4
  7688    48.9    77.7    29.5    83.2    60.4    67.9    34.7   -87.6    69.4   -57.3
  7691    49.1    77.5    29.6    83.2    60.7    67.0    34.6   -87.6    69.0   -59.0
  7695    49.3    77.2    29.7    83.3    61.1    66.0    34.6   -87.6    68.6   -60.6
  7699    49.5    77.0    29.8    83.4    61.4    65.0    34.5   -87.6    68.2   -62.0
  7703    49.7    76.7    29.9    83.4    61.8    63.8    34.5   -87.6    67.8   -63.3
  7707    49.9    76.4    30.1    83.5    62.2    62.6    34.5   -87.6    67.5   -64.5
  7711    50.1    76.1    30.2    83.5    62.6    61.2    34.4   -87.6    67.1   -65.6
  7715    50.3    75.8    30.3    83.6    63.0    59.7    34.4   -87.6    66.8   -66.6
  7719    50.6    75.4    30.4    83.6    63.4    58.0    34.3   -87.6    66.4   -67.5
  7723    50.8    75.1    30.5    83.7    63.8    56.2    34.3   -87.5    66.1   -68.4
  7727    51.0    74.7    30.6    83.8    64.3    54.2    34.3   -87.5    65.8   -69.2
  7730    51.3    74.3    30.7    83.8    64.7    52.0    34.2   -87.5    65.5   -69.9
  7734    51.5    73.8    30.8    83.9    65.2    49.5    34.2   -87.5    65.2   -70.6
  7738    51.8    73.4    30.9    83.9    65.6    46.7    34.1   -87.5    64.9   -71.3
  7742    52.1    72.9    31.0    83.9    66.1    43.7    34.1   -87.5    64.6   -71.9
  7746    52.3    72.4    31.1    84.0    66.6    40.3    34.1   -87.5    64.3   -72.4
  7750    52.6    71.8    31.2    84.0    67.0    36.5    34.0   -87.5    64.1   -73.0
  7754    52.9    71.2    31.3    84.1    67.4    32.3    34.0   -87.5    63.8   -73.5
  7758    53.2    70.6    31.4    84.1    67.9    27.7    33.9   -87.5    63.6   -74.0
  7762    53.5    70.0    31.5    84.2    68.2    22.6    33.9   -87.5    63.3   -74.4
  7766    53.8    69.2    31.5    84.2    68.5    17.2    33.9   -87.5    63.1   -74.8
  7770    54.1    68.5    31.6    84.2    68.7    11.4    33.8   -87.5    62.8   -75.2
  7773    54.4    67.6    31.7    84.3    68.9     5.4    33.8   -87.5    62.6   -75.6
  7777    54.7    66.8    31.8    84.3    68.9    -0.8    33.7   -87.5    62.4   -76.0
  7781    55.1    65.8    31.9    84.3    68.8    -6.9    33.7   -87.5    62.2   -76.3
  7785    55.4    64.7    32.0    84.4    68.7   -12.9    33.7   -87.5    62.0   -76.7
  7789    55.8    63.6    32.1    84.4    68.4   -18.5    33.6   -87.4    61.8   -77.0
  7793    56.2    62.4    32.2    84.5    68.1   -23.9    33.6   -87.4    61.6   -77.3
  7797    56.6    61.0    32.3    84.5    67.7   -28.8    33.5   -87.4    61.4   -77.6
  7801    57.0    59.5    32.4    84.5    67.3   -33.3    33.5   -87.4    61.2   -77.8
  7805    57.4    57.9    32.5    84.5    66.9   -37.4    33.4   -87.4    61.0   -78.1
  7809    57.8    56.1    32.5    84.6    66.4   -41.1    33.4   -87.4    60.8   -78.3
  7813    58.3    54.1    32.6    84.6    66.0   -44.4    33.4   -87.4    60.6   -78.6
  7816    58.7    51.9    32.7    84.6    65.5   -47.3    33.3   -87.4    60.4   -78.8
  7820    59.2    49.5    32.8    84.7    65.0   -50.0    33.3   -87.4    60.2   -79.0
  7824    59.6    46.8    32.9    84.7    64.6   -52.4    33.2   -87.4    60.1   -79.3
  7828    60.1    43.7    33.0    84.7    64.1   -54.5    33.2   -87.4    59.9   -79.5
  7832    60.6    40.4    33.1    84.7    63.7   -56.5    33.1   -87.4    59.7   -79.7
  7836    61.0    36.6    33.2    84.8    63.3   -58.3    33.1   -87.4    59.6   -79.8
  7840    61.5    32.5    33.2    84.8    62.9   -59.9    33.1   -87.4    59.4   -80.0
  7844    61.9    27.9    33.3    84.8    62.5   -61.3    33.0   -87.3    59.3   -80.2
  7848    62.2    22.9    33.4    84.8    62.1   -62.7    33.0   -87.3    59.1   -80.4
  7852    62.5    17.6    33.5    84.9    61.7   -63.9    32.9   -87.3    59.0   -80.5
  7855    62.8    11.8    33.6    84.9    61.3   -65.0    32.9   -87.3    58.8   -80.7
  7859    62.9     5.9    33.7    84.9    61.0   -66.1    32.8   -87.3    58.7   -80.8
  7863    62.9    -0.2    33.7    84.9    60.6   -67.0    32.8   -87.3    58.5   -81.0
  7867    62.9    -6.3    33.8    85.0    60.3   -67.9    32.8   -87.3    58.4   -81.1
  7871    62.7   -12.3    33.9    85.0    60.0   -68.7    32.7   -87.3    58.2   -81.3
  7875    62.5   -18.0    34.0    85.0    59.7   -69.5    32.7   -87.3    58.1   -81.4
  7879    62.2   -23.3    34.1    85.0    59.4   -70.2    32.6   -87.3    58.0   -81.5
  7883    61.8   -28.2    34.1    85.0    59.1   -70.9    32.6   -87.3    57.8   -81.7
  7887    61.4   -32.7    34.2    85.1    58.8   -71.5    32.5   -87.3    57.7   -81.8
  7891    61.0   -36.8    34.3    85.1    58.5   -72.1    32.5   -87.2    57.6   -81.9
  7895    60.5   -40.5    34.4    85.1    58.3   -72.6    32.5   -87.2    57.4   -82.0
  7898    60.1   -43.8    34.5    85.1    58.0   -73.1    32.4   -87.2    57.3   -82.1
  7902    59.6   -46.8    34.5    85.1    57.7   -73.6    32.4   -87.2    57.2   -82.2
  7906    59.1   -49.5    34.6    85.1    57.5   -74.1    32.3   -87.2    57.1   -82.3
  7910    58.7   -51.9    34.7    85.2    57.3   -74.5    32.3   -87.2    56.9   -82.4
  7914    58.2   -54.1    34.8    85.2    57.0   -74.9    32.2   -87.2    56.8   -82.5
  7918    57.8   -56.1    34.8    85.2    56.8   -75.3    32.2   -87.2    56.7   -82.6
  7922    57.4   -57.8    34.9    85.2    56.6   -75.7    32.1   -87.2    56.6   -82.7
  7926    56.9   -59.4    35.0    85.2    56.3   -76.0    32.1   -87.2    56.5   -82.8
  7930    56.5   -60.9    35.1    85.2    56.1   -76.4    32.0   -87.2    56.4   -82.9
  7934    56.1   -62.3    35.2    85.2    55.9   -76.7    32.0   -87.1    56.2   -83.0
  7938    55.8   -63.5    35.2    85.3    55.7   -77.0    32.0   -87.1    56.1   -83.1
  7941    55.4   -64.6    35.3    85.3    55.5   -77.3    31.9   -87.1    56.0   -83.2
  7945    55.1   -65.6    35.4    85.3    55.3   -77.5    31.9   -87.1    55.9   -83.2
  7949    54.7   -66.6    35.5    85.3    55.1   -77.8    31.8   -87.1    55.8   -83.3
  7953    54.4   -67.5    35.5    85.3    54.9   -78.1    31.8   -87.1    55.7   -83.4
  7957    54.1   -68.3    35.6    85.3    54.8   -78.3    31.7   -87.1    55.6   -83.5
  7961    53.7   -69.1    35.7    85.3    54.6   -78.5    31.7   -87.1    55.5   -83.6
  7965    53.4   -69.8    35.8    85.3    54.4   -78.8    31.6   -87.1    55.4   -83.6
  7969    53.1   -70.4    35.8    85.3    54.2   -79.0    31.6   -87.0    55.3   -83.7
  7973    52.8   -71.0    35.9    85.4    54.0   -79.2    31.5   -87.0    55.2   -83.8
  7977    52.6   -71.6    36.0    85.4    53.9   -79.4    31.5   -87.0    55.1   -83.8
  7980    52.3   -72.2    36.1    85.4    53.7   -79.6    31.4   -87.0    55.0   -83.9
  7984    52.0   -72.7    36.1    85.4    53.5   -79.7    31.4   -87.0    54.9   -84.0
  7988    51.8   -73.2    36.2    85.4    53.4   -79.9    31.3   -87.0    54.8   -84.0
  7992    51.5   -73.6    36.3    85.4    53.2   -80.1    31.3   -87.0    54.7   -84.1
  7996    51.3   -74.0    36.4    85.4    53.1   -80.3    31.2   -87.0    54.6   -84.1
  8000    51.0   -74.4    36.4    85.4    52.9   -80.4    31.2   -87.0    54.5   -84.2
  8004    50.8   -74.8    36.5    85.4    52.8   -80.6    31.1   -86.9    54.4   -84.3
  8008    50.6   -75.2    36.6    85.4    52.6   -80.7    31.1   -86.9    54.3   -84.3
  8012    50.3   -75.5    36.6    85.4    52.5   -80.9    31.0   -86.9    54.2   -84.4
  8016    50.1   -75.9    36.7    85.4    52.3   -81.0    31.0   -86.9    54.1   -84.4
  8020    49.9   -76.2    36.8    85.4    52.2   -81.1    30.9   -86.9    54.1   -84.5
  8023    49.7   -76.5    36.9    85.4    52.1   -81.3    30.9   -86.9    54.0   -84.5
  8027    49.5   -76.7    36.9    85.5    51.9   -81.4    30.8   -86.9    53.9   -84.6
  8031    49.3   -77.0    37.0    85.5    51.8   -81.5    30.8   -86.9    53.8   -84.6
  8035    49.1   -77.3    37.1    85.5    51.6   -81.6    30.7   -86.8    53.7   -84.7
  8039    48.9   -77.5    37.2    85.5    51.5   -81.7    30.7   -86.8    53.6   -84.7
  8043    48.7   -77.7    37.2    85.5    51.4   -81.8    30.6   -86.8    53.5   -84.8
  8047    48.5   -77.9    37.3    85.5    51.3   -82.0    30.6   -86.8    53.5   -84.8
  8051    48.3   -78.2    37.4    85.5    51.1   -82.1    30.5   -86.8    53.4   -84.9
  8055    48.1   -78.4    37.4    85.5    51.0   -82.2    30.5   -86.8    53.3   -84.9
  8059    47.9   -78.6    37.5    85.5    50.9   -82.3    30.4   -86.8    53.2   -84.9
  8063    47.7   -78.7    37.6    85.5    50.8   -82.4    30.4   -86.7    53.1   -85.0
  8066    47.6   -78.9    37.7    85.5    50.6   -82.4    30.3   -86.7    53.1   -85.0
  8070    47.4   -79.1    37.7    85.5    50.5   -82.5    30.3   -86.7    53.0   -85.1
  8074    47.2   -79.3    37.8    85.5    50.4   -82.6    30.2   -86.7    52.9   -85.1
  8078    47.1   -79.4    37.9    85.5    50.3   -82.7    30.2   -86.7    52.8   -85.2
  8082    46.9   -79.6    38.0    85.5    50.2   -82.8    30.1   -86.7    52.7   -85.2
  8086    46.7   -79.7    38.0    85.5    50.1   -82.9    30.1   -86.6    52.7   -85.2
  8090    46.6   -79.9    38.1    85.5    49.9   -83.0    30.0   -86.6    52.6   -85.3
  8094    46.4   -80.0    38.2    85.5    49.8   -83.0    30.0   -86.6    52.5   -85.3
  8098    46.3   -80.1    38.2    85.5    49.7   -83.1    29.9   -86.6    52.4   -85.3
  8102    46.1   -80.2    38.3    85.5    49.6   -83.2    29.9   -86.6    52.4   -85.4
  8105    46.0   -80.4    38.4    85.5    49.5   -83.2    29.8   -86.6    52.3   -85.4
  8109    45.8   -80.5    38.5    85.5    49.4   -83.3    29.7   -86.5    52.2   -85.4
  8113    45.7   -80.6    38.5    85.5    49.3   -83.4    29.7   -86.5    52.2   -85.5
  8117    45.5   -80.7    38.6    85.5    49.2   -83.5    29.6   -86.5    52.1   -85.5
  8121    45.4   -80.8    38.7    85.5    49.1   -83.5    29.6   -86.5    52.0   -85.5
  8125    45.2   -80.9    38.7    85.5    49.0   -83.6    29.5   -86.5    51.9   -85.6
  8129    45.1   -81.0    38.8    85.5    48.9   -83.6    29.5   -86.5    51.9   -85.6
  8133    44.9   -81.1    38.9    85.5    48.8   -83.7    29.4   -86.4    51.8   -85.6
  8137    44.8   -81.2    39.0    85.5    48.7   -83.8    29.4   -86.4    51.7   -85.7
  8141    44.7   -81.3    39.0    85.5    48.6   -83.8    29.3   -86.4    51.7   -85.7
  8145    44.5   -81.4    39.1    85.4    48.5   -83.9    29.2   -86.4    51.6   -85.7
  8148    44.4   -81.4    39.2    85.4    48.4   -83.9    29.2   -86.4    51.5   -85.8
  8152    44.2   -81.5    39.3    85.4    48.3   -84.0    29.1   -86.3    51.5   -85.8
  8156    44.1   -81.6    39.3    85.4    48.2   -84.0    29.1   -86.3    51.4   -85.8
  8160    44.0   -81.7    39.4    85.4    48.1   -84.1    29.0   -86.3    51.3   -85.8
  8164    43.9   -81.7    39.5    85.4    48.0   -84.1    28.9   -86.3    51.3   -85.9
  8168    43.7   -81.8    39.5    85.4    47.9   -84.2    28.9   -86.3    51.2   -85.9
  8172    43.6   -81.9    39.6    85.4    47.8   -84.2    28.8   -86.2    51.1   -85.9
  8176    43.5   -81.9    39.7    85.4    47.7   -84.3    28.8   -86.2    51.1   -85.9
  8180    43.3   -82.0    39.8    85.4    47.7   -84.3    28.7   -86.2    51.0   -86.0
  8184    43.2   -82.1    39.8    85.4    47.6   -84.4    28.6   -86.2    50.9   -86.0
  8188    43.1   -82.1    39.9    85.4    47.5   -84.4    28.6   -86.1    50.9   -86.0
  8191    43.0   -82.2    40.0    85.4    47.4   -84.5    28.5   -86.1    50.8   -86.1
  8195    42.8   -82.2    40.1    85.4    47.3   -84.5    28.5   -86.1    50.8   -86.1
  8199    42.7   -82.3    40.1    85.3    47.2   -84.5    28.4   -86.1    50.7   -86.1
  8203    42.6   -82.3    40.2    85.3    47.1   -84.6    28.3   -86.1    50.6   -86.1
  8207    42.5   -82.4    40.3    85.3    47.0   -84.6    28.3   -86.0    50.6   -86.1
  8211    42.4   -82.4    40.4    85.3    47.0   -84.7    28.2   -86.0    50.5   -86.2
  8215    42.2   -82.5    40.4    85.3    46.9   -84.7    28.2   -86.0    50.4   -86.2
  8219    42.1   -82.5    40.5    85.3    46.8   -84.7    28.1   -86.0    50.4   -86.2
  8223    42.0   -82.5    40.6    85.3    46.7   -84.8    28.0   -85.9    50.3   -86.2
  8227    41.9   -82.6    40.6    85.3    46.6   -84.8    28.0   -85.9    50.3   -86.3
  8230    41.8   -82.6    40.7    85.3    46.5   -84.8    27.9   -85.9    50.2   -86.3
  8234    41.7   -82.7    40.8    85.2    46.5   -84.9    27.8   -85.9    50.2   -86.3
  8238    41.5   -82.7    40.9    85.2    46.4   -84.9    27.8   -85.8    50.1   -86.3
  8242    41.4   -82.7    40.9    85.2    46.3   -84.9    27.7   -85.8    50.0   -86.3
  8246    41.3   -82.8    41.0    85.2    46.2   -85.0    27.6   -85.8    50.0   -86.4
  8250    41.2   -82.8    41.1    85.2    46.1   -85.0    27.6   -85.7    49.9   -86.4
  8254    41.1   -82.8    41.2    85.2    46.1   -85.0    27.5   -85.7    49.9   -86.4
  8258    41.0   -82.8    41.3    85.2    46.0   -85.1    27.4   -85.7    49.8   -86.4
  8262    40.9   -82.9    41.3    85.1    45.9   -85.1    27.4   -85.7    49.8   -86.4
  8266    40.7   -82.9    41.4    85.1    45.8   -85.1    27.3   -85.6    49.7   -86.5
  8270    40.6   -82.9    41.5    85.1    45.8   -85.2    27.2   -85.6    49.6   -86.5
  8273    40.5   -82.9    41.6    85.1    45.7   -85.2    27.2   -85.6    49.6   -86.5
  8277    40.4   -83.0    41.6    85.1    45.6   -85.2    27.1   -85.5    49.5   -86.5
  8281    40.3   -83.0    41.7    85.1    45.5   -85.2    27.0   -85.5    49.5   -86.5
  8285    40.2   -83.0    41.8    85.0    45.5   -85.3    26.9   -85.5    49.4   -86.6
  8289    40.1   -83.0    41.9    85.0    45.4   -85.3    26.9   -85.4    49.4   -86.6
  8293    40.0   -83.0    42.0    85.0    45.3   -85.3    26.8   -85.4    49.3   -86.6
  8297    39.9   -83.0    42.0    85.0    45.2   -85.3    26.7   -85.4    49.3   -86.6
  8301    39.7   -83.1    42.1    85.0    45.2   -85.4    26.7   -85.3    49.2   -86.6
  8305    39.6   -83.1    42.2    84.9    45.1   -85.4    26.6   -85.3    49.2   -86.6
  8309    39.5   -83.1    42.3    84.9    45.0   -85.4    26.5   -85.3    49.1   -86.7
  8313    39.4   -83.1    42.3    84.9    44.9   -85.4    26.4   -85.2    49.0   -86.7
  8316    39.3   -83.1    42.4    84.9    44.9   -85.5    26.4   -85.2    49.0   -86.7
  8320    39.2   -83.1    42.5    84.9    44.8   -85.5    26.3   -85.1    48.9   -86.7
  8324    39.1   -83.1    42.6    84.8    44.7   -85.5    26.2   -85.1    48.9   -86.7
  8328    39.0   -83.1    42.7    84.8    44.7   -85.5    26.1   -85.1    48.8   -86.7
  8332    38.9   -83.1    42.8    84.8    44.6   -85.6    26.0   -85.0    48.8   -86.7
  8336    38.8   -83.1    42.8    84.8    44.5   -85.6    26.0   -85.0    48.7   -86.8
  8340    38.7   -83.1    42.9    84.7    44.4   -85.6    25.9   -84.9    48.7   -86.8
  8344    38.6   -83.1    43.0    84.7    44.4   -85.6    25.8   -84.9    48.6   -86.8
  8348    38.5   -83.1    43.1    84.7    44.3   -85.6    25.7   -84.8    48.6   -86.8
  8352    38.3   -83.1    43.2    84.7    44.2   -85.7    25.6   -84.8    48.5   -86.8
  8355    38.2   -83.1    43.3    84.6    44.2   -85.7    25.6   -84.8    48.5   -86.8
  8359    38.1   -83.1    43.3    84.6    44.1   -85.7    25.5   -84.7    48.4   -86.9
  8363    38.0   -83.1    43.4    84.6    44.0   -85.7    25.4   -84.7    48.4   -86.9
  8367    37.9   -83.1    43.5    84.5    44.0   -85.7    25.3   -84.6    48.3   -86.9
  8371    37.8   -83.1    43.6    84.5    43.9   -85.7    25.2   -84.6    48.3   -86.9
  8375    37.7   -83.1    43.7    84.5    43.8   -85.8    25.1   -84.5    48.2   -86.9
  8379    37.6   -83.1    43.8    84.4    43.8   -85.8    25.1   -84.5    48.2   -86.9
  8383    37.5   -83.1    43.9    84.4    43.7   -85.8    25.0   -84.4    48.1   -86.9
  8387    37.4   -83.1    43.9    84.4    43.6   -85.8    24.9   -84.4    48.1   -86.9
  8391    37.3   -83.1    44.0    84.3    43.6   -85.8    24.8   -84.3    48.1   -87.0
  8395    37.2   -83.1    44.1    84.3    43.5   -85.9    24.7   -84.3    48.0   -87.0
  8398    37.1   -83.1    44.2    84.3    43.4   -85.9    24.6   -84.2    48.0   -87.0
  8402    36.9   -83.0    44.3    84.2    43.4   -85.9    24.5   -84.1    47.9   -87.0
  8406    36.8   -83.0    44.4    84.2    43.3   -85.9    24.4   -84.1    47.9   -87.0
  8410    36.7   -83.0    44.5    84.2    43.3   -85.9    24.3   -84.0    47.8   -87.0
  8414    36.6   -83.0    44.6    84.1    43.2   -85.9    24.3   -84.0    47.8   -87.0
  8418    36.5   -83.0    44.7    84.1    43.1   -85.9    24.2   -83.9    47.7   -87.0
  8422    36.4   -83.0    44.8    84.0    43.1   -86.0    24.1   -83.8    47.7   -87.1
  8426    36.3   -82.9    44.8    84.0    43.0   -86.0    24.0   -83.8    47.6   -87.1
  8430    36.2   -82.9    44.9    83.9    42.9   -86.0    23.9   -83.7    47.6   -87.1
  8434    36.1   -82.9    45.0    83.9    42.9   -86.0    23.8   -83.6    47.5   -87.1
  8438    36.0   -82.9    45.1    83.9    42.8   -86.0    23.7   -83.6    47.5   -87.1
  8441    35.8   -82.8    45.2    83.8    42.7   -86.0    23.6   -83.5    47.4   -87.1
  8445    35.7   -82.8    45.3    83.8    42.7   -86.0    23.5   -83.4    47.4   -87.1
  8449    35.6   -82.8    45.4    83.7    42.6   -86.0    23.4   -83.3    47.4   -87.1
  8453    35.5   -82.8    45.5    83.7    42.6   -86.1    23.3   -83.3    47.3   -87.1
  8457    35.4   -82.7    45.6    83.6    42.5   -86.1    23.2   -83.2    47.3   -87.2
  8461    35.3   -82.7    45.7    83.6    42.4   -86.1    23.1   -83.1    47.2   -87.2
  8465    35.2   -82.7    45.8    83.5    42.4   -86.1    22.9   -83.0    47.2   -87.2
  8469    35.1   -82.6    45.9    83.4    42.3   -86.1    22.8   -82.9    47.1   -87.2
  8473    34.9   -82.6    46.0    83.4    42.3   -86.1    22.7   -82.9    47.1   -87.2
  8477    34.8   -82.6    46.1    83.3    42.2   -86.1    22.6   -82.8    47.1   -87.2
  8480    34.7   -82.5    46.2    83.3    42.1   -86.1    22.5   -82.7    47.0   -87.2
  8484    34.6   -82.5    46.3    83.2    42.1   -86.1    22.4   -82.6    47.0   -87.2
  8488    34.5   -82.4    46.4    83.1    42.0   -86.2    22.3   -82.5    46.9   -87.2
  8492    34.4   -82.4    46.5    83.1    42.0   -86.2    22.2   -82.4    46.9   -87.2
  8496    34.2   -82.3    46.7    83.0    41.9   -86.2    22.0   -82.3    46.8   -87.3
  8500    34.1   -82.3    46.8    82.9    41.8   -86.2    21.9   -82.2    46.8   -87.3
  8504    34.0   -82.2    46.9    82.9    41.8   -86.2    21.8   -82.1    46.7   -87.3
  8508    33.9   -82.2    47.0    82.8    41.7   -86.2    21.7   -82.0    46.7   -87.3
  8512    33.8   -82.1    47.1    82.7    41.7   -86.2    21.5   -81.8    46.7   -87.3
  8516    33.6   -82.1    47.2    82.7    41.6   -86.2    21.4   -81.7    46.6   -87.3
  8520    33.5   -82.0    47.3    82.6    41.5   -86.2    21.3   -81.6    46.6   -87.3
  8523    33.4   -82.0    47.4    82.5    41.5   -86.2    21.2   -81.5    46.5   -87.3
  8527    33.3   -81.9    47.6    82.4    41.4   -86.2    21.0   -81.4    46.5   -87.3
  8531    33.1   -81.8    47.7    82.3    41.4   -86.3    20.9   -81.2    46.5   -87.3
  8535    33.0   -81.8    47.8    82.2    41.3   -86.3    20.8   -81.1    46.4   -87.3
  8539    32.9   -81.7    47.9    82.2    41.3   -86.3    20.6   -80.9    46.4   -87.4
  8543    32.8   -81.6    48.0    82.1    41.2   -86.3    20.5   -80.8    46.3   -87.4
  8547    32.6   -81.6    48.2    82.0    41.1   -86.3    20.3   -80.7    46.3   -87.4
  8551    32.5   -81.5    48.3    81.9    41.1   -86.3    20.2   -80.5    46.3   -87.4
  8555    32.4   -81.4    48.4    81.8    41.0   -86.3    20.1   -80.3    46.2   -87.4
  8559    32.2   -81.3    48.5    81.7    41.0   -86.3    19.9   -80.2    46.2   -87.4
  8563    32.1   -81.2    48.7    81.6    40.9   -86.3    19.8   -80.0    46.1   -87.4
  8566    32.0   -81.2    48.8    81.5    40.9   -86.3    19.6   -79.8    46.1   -87.4
  8570    31.8   -81.1    48.9    81.3    40.8   -86.3    19.4   -79.6    46.1   -87.4
  8574    31.7   -81.0    49.1    81.2    40.7   -86.3    19.3   -79.4    46.0   -87.4
  8578    31.5   -80.9    49.2    81.1    40.7   -86.3    19.1   -79.3    46.0   -87.4
  8582    31.4   -80.8    49.3    81.0    40.6   -86.3    19.0   -79.0    45.9   -87.4
  8586    31.3   -80.7    49.5    80.9    40.6   -86.3    18.8   -78.8    45.9   -87.5
  8590    31.1   -80.6    49.6    80.7    40.5   -86.4    18.6   -78.6    45.9   -87.5
  8594    31.0   -80.5    49.7    80.6    40.5   -86.4    18.5   -78.4    45.8   -87.5
  8598    30.8   -80.3    49.9    80.4    40.4   -86.4    18.3   -78.1    45.8   -87.5
  8602    30.7   -80.2    50.0    80.3    40.3   -86.4    18.1   -77.9    45.7   -87.5
  8605    30.5   -80.1    50.2    80.2    40.3   -86.4    17.9   -77.6    45.7   -87.5
  8609    30.4   -80.0    50.3    80.0    40.2   -86.4    17.7   -77.4    45.7   -87.5
  8613    30.2   -79.8    50.5    79.8    40.2   -86.4    17.5   -77.1    45.6   -87.5
  8617    30.1   -79.7    50.7    79.7    40.1   -86.4    17.3   -76.8    45.6   -87.5
  8621    29.9   -79.6    50.8    79.5    40.1   -86.4    17.1   -76.5    45.5   -87.5
  8625    29.8   -79.4    51.0    79.3    40.0   -86.4    16.9   -76.1    45.5   -87.5
  8629    29.6   -79.3    51.1    79.1    39.9   -86.4    16.7   -75.8    45.5   -87.5
  8633    29.4   -79.1    51.3    78.9    39.9   -86.4    16.5   -75.4    45.4   -87.5
  8637    29.3   -78.9    51.5    78.7    39.8   -86.4    16.3   -75.1    45.4   -87.5
  8641    29.1   -78.8    51.6    78.5    39.8   -86.4    16.1   -74.7    45.4   -87.6
  8645    28.9   -78.6    51.8    78.3    39.7   -86.4    15.8   -74.2    45.3   -87.6
  8648    28.7   -78.4    52.0    78.1    39.7   -86.4    15.6   -73.8    45.3   -87.6
  8652    28.6   -78.2    52.2    77.8    39.6   -86.4    15.4   -73.3    45.2   -87.6
  8656    28.4   -78.0    52.4    77.6    39.6   -86.4    15.1   -72.8    45.2   -87.6
  8660    28.2   -77.8    52.5    77.3    39.5   -86.4    14.9   -72.3    45.2   -87.6
  8664    28.0   -77.5    52.7    77.1    39.5   -86.4    14.6   -71.8    45.1   -87.6
  8668    27.8   -77.3    52.9    76.8    39.4   -86.4    14.3   -71.2    45.1   -87.6
  8672    27.6   -77.1    53.1    76.5    39.3   -86.4    14.1   -70.6    45.1   -87.6
  8676    27.4   -76.8    53.3    76.2    39.3   -86.4    13.8   -69.9    45.0   -87.6
  8680    27.2   -76.5    53.5    75.8    39.2   -86.4    13.5   -69.2    45.0   -87.6
  8684    27.0   -76.3    53.8    75.5    39.2   -86.4    13.2   -68.4    44.9   -87.6
  8688    26.8   -76.0    54.0    75.1    39.1   -86.4    12.9   -67.6    44.9   -87.6
  8691    26.6   -75.7    54.2    74.8    39.1   -86.4    12.6   -66.7    44.9   -87.6
  8695    26.4   -75.3    54.4    74.4    39.0   -86.4    12.3   -65.8    44.8   -87.6
  8699    26.2   -75.0    54.7    73.9    39.0   -86.4    11.9   -64.8    44.8   -87.6
  8703    26.0   -74.6    54.9    73.5    38.9   -86.4    11.6   -63.7    44.8   -87.7
  8707    25.7   -74.3    55.1    73.0    38.8   -86.4    11.2   -62.5    44.7   -87.7
  8711    25.5   -73.9    55.4    72.5    38.8   -86.4    10.8   -61.2    44.7   -87.7
  8715    25.3   -73.4    55.6    72.0    38.7   -86.4    10.5   -59.7    44.7   -87.7
  8719    25.0   -73.0    55.9    71.5    38.7   -86.4    10.1   -58.2    44.6   -87.7
  8723    24.8   -72.5    56.2    70.9    38.6   -86.4     9.7   -56.5    44.6   -87.7
  8727    24.5   -72.0    56.5    70.2    38.6   -86.4     9.3   -54.6    44.5   -87.7
  8730    24.2   -71.5    56.7    69.6    38.5   -86.4     8.9   -52.6    44.5   -87.7
  8734    24.0   -70.9    57.0    68.9    38.5   -86.4     8.4   -50.3    44.5   -87.7
  8738    23.7   -70.3    57.3    68.1    38.4   -86.4     8.0   -47.9    44.4   -87.7
  8742    23.4   -69.7    57.6    67.3    38.4   -86.4     7.5   -45.1    44.4   -87.7
  8746    23.1   -69.0    58.0    66.4    38.3   -86.4     7.1   -42.0    44.4   -87.7
  8750    22.8   -68.2    58.3    65.4    38.2   -86.4     6.7   -38.7    44.3   -87.7
  8754    22.5   -67.5    58.6    64.4    38.2   -86.4     6.3   -35.0    44.3   -87.7
  8758    22.2   -66.6    59.0    63.3    38.1   -86.4     5.9   -30.9    44.3   -87.7
  8762    21.9   -65.7    59.3    62.1    38.1   -86.4     5.5   -26.4    44.2   -87.7
  8766    21.5   -64.7    59.7    60.7    38.0   -86.4     5.2   -21.6    44.2   -87.7
  8770    21.2   -63.6    60.1    59.3    38.0   -86.4     4.9   -16.4    44.2   -87.7
  8773    20.8   -62.5    60.5    57.7    37.9   -86.4     4.7   -10.9    44.1   -87.7
  8777    20.5   -61.2    60.9    56.0    37.9   -86.4     4.6    -5.2    44.1   -87.8
  8781    20.1   -59.9    61.3    54.1    37.8   -86.4     4.5     0.6    44.1   -87.8
  8785    19.7   -58.4    61.7    52.0    37.8   -86.4     4.6     6.3    44.0   -87.8
  8789    19.3   -56.7    62.1    49.7    37.7   -86.4     4.7    12.0    44.0   -87.8
  8793    18.9   -54.9    62.6    47.2    37.6   -86.4     5.0    17.4    44.0   -87.8
  8797    18.5   -52.9    63.0    44.4    37.6   -86.4     5.2    22.5    43.9   -87.8
  8801    18.0   -50.8    63.5    41.3    37.5   -86.4     5.6    27.2    43.9   -87.8
  8805    17.6   -48.3    63.9    37.8    37.5   -86.4     5.9    31.6    43.9   -87.8
  8809    17.2   -45.7    64.3    34.0    37.4   -86.4     6.4    35.6    43.8   -87.8
  8813    16.7   -42.7    64.7    29.9    37.4   -86.4     6.8    39.2    43.8   -87.8
  8816    16.3   -39.5    65.1    25.3    37.3   -86.4     7.2    42.5    43.8   -87.8
  8820    15.9   -35.9    65.4    20.4    37.3   -86.4     7.7    45.5    43.7   -87.8
  8824    15.5   -31.9    65.6    15.2    37.2   -86.4     8.1    48.2    43.7   -87.8
  8828    15.1   -27.5    65.8     9.7    37.2   -86.4     8.5    50.6    43.7   -87.8
  8832    14.7   -22.8    65.9     4.0    37.1   -86.4     9.0    52.8    43.6   -87.8
  8836    14.4   -17.8    65.9    -1.8    37.0   -86.4     9.4    54.8    43.6   -87.8
  8840    14.2   -12.4    65.9    -7.5    37.0   -86.4     9.8    56.7    43.6   -87.8
  8844    14.1    -6.8    65.7   -13.1    36.9   -86.4    10.2    58.3    43.5   -87.8
  8848    14.0    -1.0    65.5   -18.4    36.9   -86.4    10.6    59.8    43.5   -87.8
  8852    14.1     4.7    65.2   -23.4    36.8   -86.4    10.9    61.2    43.5   -87.8
  8855    14.2    10.4    64.8   -28.1    36.8   -86.4    11.3    62.5    43.4   -87.8
  8859    14.4    15.8    64.4   -32.4    36.7   -86.4    11.7    63.7    43.4   -87.8
  8863    14.6    21.0    64.0   -36.3    36.7   -86.4    12.0    64.8    43.4   -87.8
  8867    15.0    25.8    63.6   -39.9    36.6   -86.4    12.3    65.8    43.3   -87.8
  8871    15.3    30.3    63.2   -43.1    36.5   -86.4    12.7    66.7    43.3   -87.9
  8875    15.7    34.4    62.7   -46.0    36.5   -86.3    13.0    67.5    43.3   -87.9
  8879    16.1    38.1    62.3   -48.6    36.4   -86.3    13.3    68.3    43.2   -87.9
  8883    16.6    41.5    61.9   -51.0    36.4   -86.3    13.6    69.1    43.2   -87.9
  8887    17.0    44.5    61.4   -53.2    36.3   -86.3    13.9    69.8    43.2   -87.9
  8891    17.5    47.3    61.0   -55.1    36.3   -86.3    14.1    70.5    43.1   -87.9
  8895    17.9    49.8    60.6   -56.9    36.2   -86.3    14.4    71.1    43.1   -87.9
  8898    18.3    52.0    60.2   -58.5    36.2   -86.3    14.7    71.7    43.1   -87.9
  8902    18.7    54.1    59.8   -60.0    36.1   -86.3    14.9    72.2    43.0   -87.9
  8906    19.2    55.9    59.5   -61.4    36.0   -86.3    15.2    72.7    43.0   -87.9
  8910    19.6    57.6    59.1   -62.6    36.0   -86.3    15.4    73.2    43.0   -87.9
  8914    20.0    59.1    58.7   -63.8    35.9   -86.3    15.7    73.7    42.9   -87.9
  8918    20.3    60.6    58.4   -64.8    35.9   -86.3    15.9    74.1    42.9   -87.9
  8922    20.7    61.8    58.1   -65.8    35.8   -86.3    16.1    74.5    42.9   -87.9
  8926    21.1    63.0    57.8   -66.7    35.8   -86.3    16.3    74.9    42.8   -87.9
  8930    21.4    64.1    57.4   -67.6    35.7   -86.3    16.6    75.3    42.8   -87.9
  8934    21.8    65.1    57.1   -68.3    35.6   -86.2    16.8    75.6    42.8   -87.9
  8938    22.1    66.1    56.8   -69.1    35.6   -86.2    17.0    76.0    42.7   -87.9
  8941    22.4    66.9    56.6   -69.8    35.5   -86.2    17.2    76.3    42.7   -87.9
  8945    22.7    67.7    56.3   -70.4    35.5   -86.2    17.4    76.6    42.7   -87.9
  8949    23.0    68.5    56.0   -71.0    35.4   -86.2    17.6    76.9    42.6   -87.9
  8953    23.3    69.2    55.7   -71.6    35.4   -86.2    17.8    77.2    42.6   -87.9
  8957    23.6    69.9    55.5   -72.1    35.3   -86.2    18.0    77.4    42.6   -87.9
  8961    23.9    70.5    55.2   -72.6    35.2   -86.2    18.1    77.7    42.6   -87.9
  8965    24.2    71.1    55.0   -73.1    35.2   -86.2    18.3    77.9    42.5   -87.9
  8969    24.4    71.6    54.7   -73.5    35.1   -86.2    18.5    78.2    42.5   -87.9
  8973    24.7    72.1    54.5   -74.0    35.1   -86.2    18.7    78.4    42.5   -87.9
  8977    24.9    72.6    54.3   -74.4    35.0   -86.1    18.8    78.6    42.4   -87.9
  8980    25.2    73.0    54.1   -74.8    35.0   -86.1    19.0    78.8    42.4   -87.9
  8984    25.4    73.5    53.8   -75.1    34.9   -86.1    19.2    79.0    42.4   -87.9
  8988    25.7    73.9    53.6   -75.5    34.8   -86.1    19.3    79.2    42.3   -88.0
  8992    25.9    74.3    53.4   -75.8    34.8   -86.1    19.5    79.4    42.3   -88.0
  8996    26.1    74.6    53.2   -76.1    34.7   -86.1    19.6    79.6    42.3   -88.0
  9000    26.3    75.0    53.0   -76.4    34.7   -86.1    19.8    79.8    42.2   -88.0
  9004    26.6    75.3    52.8   -76.7    34.6   -86.1    19.9    80.0    42.2   -88.0
  9008    26.8    75.6    52.6   -77.0    34.5   -86.1    20.1    80.1    42.2   -88.0
  9012    27.0    75.9    52.4   -77.2    34.5   -86.0    20.2    80.3    42.1   -88.0
  9016    27.2    76.2    52.2   -77.5    34.4   -86.0    20.4    80.4    42.1   -88.0
  9020    27.4    76.5    52.1   -77.7    34.4   -86.0    20.5    80.6    42.1   -88.0
  9023    27.6    76.7    51.9   -78.0    34.3   -86.0    20.7    80.7    42.1   -88.0
  9027    27.8    77.0    51.7   -78.2    34.2   -86.0    20.8    80.9    42.0   -88.0
  9031    28.0    77.2    51.5   -78.4    34.2   -86.0    20.9    81.0    42.0   -88.0
  9035    28.1    77.4    51.4   -78.6    34.1   -86.0    21.1    81.1    42.0   -88.0
  9039    28.3    77.6    51.2   -78.8    34.1   -86.0    21.2    81.3    41.9   -88.0
  9043    28.5    77.9    51.0   -79.0    34.0   -85.9    21.3    81.4    41.9   -88.0
  9047    28.7    78.1    50.9   -79.2    33.9   -85.9    21.5    81.5    41.9   -88.0
  9051    28.9    78.2    50.7   -79.3    33.9   -85.9    21.6    81.6    41.8   -88.0
  9055    29.0    78.4    50.5   -79.5    33.8   -85.9    21.7    81.7    41.8   -88.0
  9059    29.2    78.6    50.4   -79.7    33.7   -85.9    21.8    81.8    41.8   -88.0
  9063    29.4    78.8    50.2   -79.8    33.7   -85.9    21.9    81.9    41.8   -88.0
  9066    29.5    78.9    50.1   -80.0    33.6   -85.9    22.1    82.1    41.7   -88.0
  9070    29.7    79.1    49.9   -80.1    33.6   -85.8    22.2    82.2    41.7   -88.0
  9074    29.9    79.2    49.8   -80.3    33.5   -85.8    22.3    82.2    41.7   -88.0
  9078    30.0    79.4    49.7   -80.4    33.4   -85.8    22.4    82.3    41.6   -88.0
  9082    30.2    79.5    49.5   -80.5    33.4   -85.8    22.5    82.4    41.6   -88.0
  9086    30.3    79.7    49.4   -80.7    33.3   -85.8    22.6    82.5    41.6   -88.0
  9090    30.5    79.8    49.2   -80.8    33.2   -85.8    22.8    82.6    41.5   -88.0
  9094    30.6    79.9    49.1   -80.9    33.2   -85.7    22.9    82.7    41.5   -88.0
  9098    30.8    80.0    49.0   -81.0    33.1   -85.7    23.0    82.8    41.5   -88.0
  9102    30.9    80.1    48.8   -81.2    33.1   -85.7    23.1    82.9    41.5   -88.0
  9105    31.1    80.3    48.7   -81.3    33.0   -85.7    23.2    83.0    41.4   -88.0
  9109    31.2    80.4    48.6   -81.4    32.9   -85.7    23.3    83.0    41.4   -88.0
  9113    31.4    80.5    48.4   -81.5    32.9   -85.7    23.4    83.1    41.4   -88.0
  9117    31.5    80.6    48.3   -81.6    32.8   -85.6    23.5    83.2    41.3   -88.0
  9121    31.6    80.7    48.2   -81.7    32.7   -85.6    23.6    83.3    41.3   -88.0
  9125    31.8    80.8    48.1   -81.8    32.7   -85.6    23.7    83.3    41.3   -88.0
  9129    31.9    80.8    48.0   -81.9    32.6   -85.6    23.8    83.4    41.2   -88.0
  9133    32.1    80.9    47.8   -81.9    32.5   -85.6    23.9    83.5    41.2   -88.0
  9137    32.2    81.0    47.7   -82.0    32.5   -85.5    24.0    83.5    41.2   -88.0
  9141    32.3    81.1    47.6   -82.1    32.4   -85.5    24.1    83.6    41.2   -88.0
  9145    32.5    81.2    47.5   -82.2    32.3   -85.5    24.2    83.7    41.1   -88.0
  9148    32.6    81.2    47.4   -82.3    32.3   -85.5    24.3    83.7    41.1   -88.0
  9152    32.7    81.3    47.2   -82.4    32.2   -85.4    24.4    83.8    41.1   -88.0
  9156    32.8    81.4    47.1   -82.4    32.1   -85.4    24.5    83.8    41.0   -88.0
  9160    33.0    81.5    47.0   -82.5    32.1   -85.4    24.5    83.9    41.0   -88.0
  9164    33.1    81.5    46.9   -82.6    32.0   -85.4    24.6    84.0    41.0   -88.0
  9168    33.2    81.6    46.8   -82.6    31.9   -85.4    24.7    84.0    41.0   -88.1
  9172    33.3    81.6    46.7   -82.7    31.8   -85.3    24.8    84.1    40.9   -88.1
  9176    33.5    81.7    46.6   -82.8    31.8   -85.3    24.9    84.1    40.9   -88.1
  9180    33.6    81.8    46.5   -82.8    31.7   -85.3    25.0    84.2    40.9   -88.1
  9184    33.7    81.8    46.4   -82.9    31.6   -85.3    25.1    84.2    40.8   -88.1
  9188    33.8    81.9    46.3   -83.0    31.6   -85.2    25.2    84.3    40.8   -88.1
  9191    34.0    81.9    46.2   -83.0    31.5   -85.2    25.3    84.3    40.8   -88.1
  9195    34.1    82.0    46.1   -83.1    31.4   -85.2    25.3    84.4    40.7   -88.1
  9199    34.2    82.0    46.0   -83.1    31.3   -85.1    25.4    84.4    40.7   -88.1
  9203    34.3    82.1    45.9   -83.2    31.3   -85.1    25.5    84.5    40.7   -88.1
  9207    34.4    82.1    45.8   -83.3    31.2   -85.1    25.6    84.5    40.7   -88.1
  9211    34.6    82.1    45.7   -83.3    31.1   -85.1    25.7    84.6    40.6   -88.1
  9215    34.7    82.2    45.6   -83.4    31.1   -85.0    25.7    84.6    40.6   -88.1
  9219    34.8    82.2    45.5   -83.4    31.0   -85.0    25.8    84.6    40.6   -88.1
  9223    34.9    82.3    45.4   -83.5    30.9   -85.0    25.9    84.7    40.5   -88.1
  9227    35.0    82.3    45.3   -83.5    30.8   -84.9    26.0    84.7    40.5   -88.1
  9230    35.1    82.3    45.2   -83.6    30.8   -84.9    26.1    84.8    40.5   -88.1
  9234    35.2    82.4    45.1   -83.6    30.7   -84.9    26.1    84.8    40.5   -88.1
  9238    35.4    82.4    45.0   -83.6    30.6   -84.8    26.2    84.8    40.4   -88.1
  9242    35.5    82.4    44.9   -83.7    30.5   -84.8    26.3    84.9    40.4   -88.1
  9246    35.6    82.4    44.8   -83.7    30.4   -84.8    26.4    84.9    40.4   -88.1
  9250    35.7    82.5    44.7   -83.8    30.4   -84.7    26.4    85.0    40.3   -88.1
  9254    35.8    82.5    44.6   -83.8    30.3   -84.7    26.5    85.0    40.3   -88.1
  9258    35.9    82.5    44.5   -83.9    30.2   -84.7    26.6    85.0    40.3   -88.1
  9262    36.0    82.5    44.4   -83.9    30.1   -84.6    26.7    85.1    40.3   -88.1
  9266    36.1    82.6    44.3   -83.9    30.1   -84.6    26.7    85.1    40.2   -88.1
  9270    36.2    82.6    44.2   -84.0    30.0   -84.6    26.8    85.1    40.2   -88.1
  9273    36.4    82.6    44.1   -84.0    29.9   -84.5    26.9    85.2    40.2   -88.1
  9277    36.5    82.6    44.1   -84.0    29.8   -84.5    27.0    85.2    40.1   -88.1
  9281    36.6    82.6    44.0   -84.1    29.7   -84.4    27.0    85.2    40.1   -88.1
  9285    36.7    82.7    43.9   -84.1    29.6   -84.4    27.1    85.3    40.1   -88.1
  9289    36.8    82.7    43.8   -84.1    29.6   -84.4    27.2    85.3    40.1   -88.1
  9293    36.9    82.7    43.7   -84.2    29.5   -84.3    27.2    85.3    40.0   -88.1
  9297    37.0    82.7    43.6   -84.2    29.4   -84.3    27.3    85.4    40.0   -88.1
  9301    37.1    82.7    43.5   -84.2    29.3   -84.2    27.4    85.4    40.0   -88.1
  9305    37.2    82.7    43.5   -84.3    29.2   -84.2    27.4    85.4    39.9   -88.1
  9309    37.3    82.7    43.4   -84.3    29.1   -84.1    27.5    85.5    39.9   -88.1
  9313    37.4    82.7    43.3   -84.3    29.0   -84.1    27.6    85.5    39.9   -88.1
  9316    37.6    82.7    43.2   -84.3    29.0   -84.0    27.6    85.5    39.9   -88.1
  9320    37.7    82.7    43.1   -84.4    28.9   -84.0    27.7    85.5    39.8   -88.1
  9324    37.8    82.7    43.0   -84.4    28.8   -83.9    27.8    85.6    39.8   -88.1
  9328    37.9    82.8    42.9   -84.4    28.7   -83.9    27.8    85.6    39.8   -88.1
  9332    38.0    82.8    42.9   -84.4    28.6   -83.8    27.9    85.6    39.7   -88.1
  9336    38.1    82.8    42.8   -84.5    28.5   -83.8    28.0    85.6    39.7   -88.1
  9340    38.2    82.8    42.7   -84.5    28.4   -83.7    28.0    85.7    39.7   -88.1
  9344    38.3    82.8    42.6   -84.5    28.3   -83.7    28.1    85.7    39.7   -88.1
  9348    38.4    82.7    42.5   -84.5    28.2   -83.6    28.2    85.7    39.6   -88.1
  9352    38.5    82.7    42.5   -84.6    28.1   -83.5    28.2    85.7    39.6   -88.1
  9355    38.6    82.7    42.4   -84.6    28.0   -83.5    28.3    85.8    39.6   -88.1
  9359    38.7    82.7    42.3   -84.6    27.9   -83.4    28.4    85.8    39.5   -88.1
  9363    38.8    82.7    42.2   -84.6    27.8   -83.4    28.4    85.8    39.5   -88.1
  9367    38.9    82.7    42.1   -84.6    27.7   -83.3    28.5    85.8    39.5   -88.1
  9371    39.1    82.7    42.1   -84.7    27.6   -83.2    28.5    85.9    39.5   -88.1
  9375    39.2    82.7    42.0   -84.7    27.5   -83.2    28.6    85.9    39.4   -88.1
  9379    39.3    82.7    41.9   -84.7    27.4   -83.1    28.7    85.9    39.4   -88.1
  9383    39.4    82.7    41.8   -84.7    27.3   -83.0    28.7    85.9    39.4   -88.1
  9387    39.5    82.7    41.7   -84.7    27.2   -82.9    28.8    86.0    39.4   -88.1
  9391    39.6    82.6    41.7   -84.8    27.1   -82.9    28.8    86.0    39.3   -88.1
  9395    39.7    82.6    41.6   -84.8    27.0   -82.8    28.9    86.0    39.3   -88.1
  9398    39.8    82.6    41.5   -84.8    26.9   -82.7    29.0    86.0    39.3   -88.1
  9402    39.9    82.6    41.4   -84.8    26.8   -82.6    29.0    86.0    39.2   -88.1
  9406    40.0    82.6    41.4   -84.8    26.7   -82.5    29.1    86.1    39.2   -88.1
  9410    40.1    82.5    41.3   -84.8    26.6   -82.5    29.1    86.1    39.2   -88.1
  9414    40.3    82.5    41.2   -84.8    26.5   -82.4    29.2    86.1    39.2   -88.1
  9418    40.4    82.5    41.1   -84.9    26.4   -82.3    29.2    86.1    39.1   -88.1
  9422    40.5    82.5    41.1   -84.9    26.3   -82.2    29.3    86.1    39.1   -88.1
  9426    40.6    82.4    41.0   -84.9    26.1   -82.1    29.4    86.2    39.1   -88.1
  9430    40.7    82.4    40.9   -84.9    26.0   -82.0    29.4    86.2    39.0   -88.1
  9434    40.8    82.4    40.8   -84.9    25.9   -81.9    29.5    86.2    39.0   -88.1
  9438    40.9    82.4    40.8   -84.9    25.8   -81.8    29.5    86.2    39.0   -88.1
  9441    41.0    82.3    40.7   -84.9    25.7   -81.7    29.6    86.2    39.0   -88.1
  9445    41.1    82.3    40.6   -84.9    25.5   -81.6    29.6    86.2    38.9   -88.1
  9449    41.3    82.3    40.5   -85.0    25.4   -81.5    29.7    86.3    38.9   -88.1
  9453    41.4    82.2    40.5   -85.0    25.3   -81.4    29.8    86.3    38.9   -88.1
  9457    41.5    82.2    40.4   -85.0    25.2   -81.3    29.8    86.3    38.8   -88.1
  9461    41.6    82.1    40.3   -85.0    25.0   -81.1    29.9    86.3    38.8   -88.1
  9465    41.7    82.1    40.2   -85.0    24.9   -81.0    29.9    86.3    38.8   -88.1
  9469    41.8    82.1    40.2   -85.0    24.8   -80.9    30.0    86.3    38.8   -88.1
  9473    42.0    82.0    40.1   -85.0    24.6   -80.7    30.0    86.4    38.7   -88.1
  9477    42.1    82.0    40.0   -85.0    24.5   -80.6    30.1    86.4    38.7   -88.1
  9480    42.2    81.9    39.9   -85.0    24.4   -80.5    30.1    86.4    38.7   -88.1
  9484    42.3    81.9    39.9   -85.0    24.2   -80.3    30.2    86.4    38.7   -88.1
  9488    42.4    81.8    39.8   -85.0    24.1   -80.2    30.2    86.4    38.6   -88.1
  9492    42.5    81.8    39.7   -85.0    24.0   -80.0    30.3    86.4    38.6   -88.1
  9496    42.7    81.7    39.6   -85.0    23.8   -79.9    30.3    86.4    38.6   -88.1
  9500    42.8    81.7    39.6   -85.1    23.7   -79.7    30.4    86.5    38.5   -88.1
  9504    42.9    81.6    39.5   -85.1    23.5   -79.5    30.4    86.5    38.5   -88.1
  9508    43.0    81.5    39.4   -85.1    23.4   -79.3    30.5    86.5    38.5   -88.1
  9512    43.2    81.5    39.4   -85.1    23.2   -79.2    30.6    86.5    38.5   -88.1
  9516    43.3    81.4    39.3   -85.1    23.0   -79.0    30.6    86.5    38.4   -88.1
  9520    43.4    81.3    39.2   -85.1    22.9   -78.8    30.7    86.5    38.4   -88.1
  9523    43.5    81.3    39.1   -85.1    22.7   -78.6    30.7    86.5    38.4   -88.1
  9527    43.7    81.2    39.1   -85.1    22.6   -78.4    30.8    86.6    38.3   -88.1
  9531    43.8    81.1    39.0   -85.1    22.4   -78.1    30.8    86.6    38.3   -88.1
  9535    43.9    81.0    38.9   -85.1    22.2   -77.9    30.9    86.6    38.3   -88.1
  9539    44.1    81.0    38.8   -85.1    22.0   -77.7    30.9    86.6    38.3   -88.1
  9543    44.2    80.9    38.8   -85.1    21.9   -77.4    31.0    86.6    38.2   -88.1
  9547    44.3    80.8    38.7   -85.1    21.7   -77.1    31.0    86.6    38.2   -88.1
  9551    44.5    80.7    38.6   -85.1    21.5   -76.9    31.1    86.6    38.2   -88.1
  9555    44.6    80.6    38.6   -85.1    21.3   -76.6    31.1    86.6    38.2   -88.1
  9559    44.7    80.5    38.5   -85.1    21.1   -76.3    31.2    86.7    38.1   -88.1
  9563    44.9    80.4    38.4   -85.1    20.9   -76.0    31.2    86.7    38.1   -88.1
  9566    45.0    80.3    38.3   -85.1    20.7   -75.7    31.3    86.7    38.1   -88.1
  9570    45.1    80.2    38.3   -85.1    20.5   -75.3    31.3    86.7    38.0   -88.1
  9574    45.3    80.1    38.2   -85.1    20.3   -75.0    31.3    86.7    38.0   -88.1
  9578    45.4    80.0    38.1   -85.1    20.1   -74.6    31.4    86.7    38.0   -88.1
  9582    45.6    79.8    38.1   -85.1    19.9   -74.2    31.4    86.7    38.0   -88.1
  9586    45.7    79.7    38.0   -85.1    19.7   -73.8    31.5    86.7    37.9   -88.1
  9590    45.9    79.6    37.9   -85.1    19.4   -73.3    31.5    86.8    37.9   -88.1
  9594    46.0    79.5    37.8   -85.1    19.2   -72.9    31.6    86.8    37.9   -88.1
  9598    46.2    79.3    37.8   -85.1    18.9   -72.4    31.6    86.8    37.8   -88.1
  9602    46.3    79.2    37.7   -85.1    18.7   -71.9    31.7    86.8    37.8   -88.1
  9605    46.5    79.0    37.6   -85.1    18.5   -71.3    31.7    86.8    37.8   -88.1
  9609    46.7    78.9    37.6   -85.1    18.2   -70.8    31.8    86.8    37.8   -88.1
  9613    46.8    78.7    37.5   -85.1    17.9   -70.2    31.8    86.8    37.7   -88.1
  9617    47.0    78.5    37.4   -85.1    17.7   -69.5    31.9    86.8    37.7   -88.1
  9621    47.1    78.4    37.3   -85.1    17.4   -68.8    31.9    86.8    37.7   -88.1
  9625    47.3    78.2    37.3   -85.0    17.1   -68.1    32.0    86.8    37.6   -88.1
  9629    47.5    78.0    37.2   -85.0    16.8   -67.3    32.0    86.9    37.6   -88.1
  9633    47.7    77.8    37.1   -85.0    16.5   -66.4    32.1    86.9    37.6   -88.1
  9637    47.8    77.6    37.0   -85.0    16.2   -65.5    32.1    86.9    37.6   -88.1
  9641    48.0    77.4    37.0   -85.0    15.9   -64.5    32.1    86.9    37.5   -88.1
  9645    48.2    77.2    36.9   -85.0    15.5   -63.5    32.2    86.9    37.5   -88.1
  9648    48.4    76.9    36.8   -85.0    15.2   -62.3    32.2    86.9    37.5   -88.1
  9652    48.6    76.7    36.8   -85.0    14.8   -61.1    32.3    86.9    37.5   -88.1
  9656    48.8    76.4    36.7   -85.0    14.5   -59.7    32.3    86.9    37.4   -88.1
  9660    48.9    76.2    36.6   -85.0    14.1   -58.3    32.4    86.9    37.4   -88.1
  9664    49.1    75.9    36.5   -85.0    13.7   -56.7    32.4    86.9    37.4   -88.1
  9668    49.3    75.6    36.5   -85.0    13.3   -55.0    32.5    86.9    37.3   -88.1
  9672    49.6    75.3    36.4   -85.0    12.9   -53.1    32.5    87.0    37.3   -88.1
  9676    49.8    75.0    36.3   -84.9    12.5   -51.0    32.5    87.0    37.3   -88.1
  9680    50.0    74.6    36.2   -84.9    12.1   -48.7    32.6    87.0    37.3   -88.1
  9684    50.2    74.3    36.2   -84.9    11.7   -46.1    32.6    87.0    37.2   -88.1
  9688    50.4    73.9    36.1   -84.9    11.3   -43.4    32.7    87.0    37.2   -88.1
  9691    50.6    73.5    36.0   -84.9    10.9   -40.3    32.7    87.0    37.2   -88.1
  9695    50.9    73.1    35.9   -84.9    10.5   -36.9    32.8    87.0    37.1   -88.1
  9699    51.1    72.7    35.9   -84.9    10.1   -33.2    32.8    87.0    37.1   -88.1
  9703    51.3    72.2    35.8   -84.9     9.7   -29.2    32.9    87.0    37.1   -88.1
  9707    51.6    71.7    35.7   -84.9     9.4   -24.8    32.9    87.0    37.1   -88.1
  9711    51.8    71.2    35.6   -84.8     9.1   -20.1    32.9    87.0    37.0   -88.1
  9715    52.1    70.7    35.6   -84.8     8.8   -15.1    33.0    87.0    37.0   -88.1
  9719    52.4    70.1    35.5   -84.8     8.7    -9.9    33.0    87.0    37.0   -88.1
  9723    52.6    69.5    35.4   -84.8     8.5    -4.5    33.1    87.1    36.9   -88.1
  9727    52.9    68.8    35.3   -84.8     8.5     1.0    33.1    87.1    36.9   -88.1
  9730    53.2    68.1    35.3   -84.8     8.6     6.5    33.2    87.1    36.9   -88.1
  9734    53.5    67.4    35.2   -84.7     8.7    11.9    33.2    87.1    36.9   -88.1
  9738    53.8    66.6    35.1   -84.7     8.9    17.0    33.2    87.1    36.8   -88.1
  9742    54.1    65.7    35.0   -84.7     9.2    21.9    33.3    87.1    36.8   -88.1
  9746    54.4    64.8    35.0   -84.7     9.5    26.5    33.3    87.1    36.8   -88.1
  9750    54.8    63.8    34.9   -84.7     9.8    30.7    33.4    87.1    36.8   -88.1
  9754    55.1    62.7    34.8   -84.7    10.2    34.6    33.4    87.1    36.7   -88.1
  9758    55.4    61.5    34.7   -84.6    10.6    38.1    33.5    87.1    36.7   -88.1
  9762    55.8    60.3    34.6   -84.6    11.0    41.4    33.5    87.1    36.7   -88.1
  9766    56.2    58.9    34.6   -84.6    11.5    44.3    33.5    87.1    36.6   -88.1
  9770    56.5    57.4    34.5   -84.6    11.9    47.0    33.6    87.1    36.6   -88.0
  9773    56.9    55.7    34.4   -84.6    12.3    49.4    33.6    87.1    36.6   -88.0
  9777    57.3    53.9    34.3   -84.5    12.7    51.6    33.7    87.1    36.6   -88.0
  9781    57.7    52.0    34.3   -84.5    13.1    53.6    33.7    87.2    36.5   -88.0
  9785    58.1    49.8    34.2   -84.5    13.5    55.5    33.7    87.2    36.5   -88.0
  9789    58.6    47.5    34.1   -84.5    13.9    57.1    33.8    87.2    36.5   -88.0
  9793    59.0    44.8    34.0   -84.4    14.3    58.7    33.8    87.2    36.4   -88.0
  9797    59.4    42.0    33.9   -84.4    14.6    60.1    33.9    87.2    36.4   -88.0
  9801    59.8    38.8    33.9   -84.4    15.0    61.4    33.9    87.2    36.4   -88.0
  9805    60.2    35.3    33.8   -84.4    15.3    62.6    33.9    87.2    36.4   -88.0
  9809    60.6    31.5    33.7   -84.3    15.7    63.7    34.0    87.2    36.3   -88.0
  9813    60.9    27.4    33.6   -84.3    16.0    64.7    34.0    87.2    36.3   -88.0
  9816    61.3    22.9    33.5   -84.3    16.3    65.7    34.1    87.2    36.3   -88.0
  9820    61.5    18.1    33.4   -84.3    16.6    66.5    34.1    87.2    36.2   -88.0
  9824    61.7    13.1    33.4   -84.2    16.9    67.4    34.2    87.2    36.2   -88.0
  9828    61.9     7.8    33.3   -84.2    17.2    68.1    34.2    87.2    36.2   -88.0
  9832    62.0     2.4    33.2   -84.2    17.5    68.9    34.2    87.2    36.2   -88.0
  9836    62.0    -3.1    33.1   -84.1    17.8    69.5    34.3    87.2    36.1   -88.0
  9840    61.9    -8.5    33.0   -84.1    18.0    70.2    34.3    87.2    36.1   -88.0
  9844    61.7   -13.8    32.9   -84.1    18.3    70.8    34.4    87.2    36.1   -88.0
  9848    61.5   -18.8    32.9   -84.0    18.6    71.3    34.4    87.2    36.0   -88.0
  9852    61.2   -23.5    32.8   -84.0    18.8    71.9    34.4    87.2    36.0   -88.0
  9855    60.9   -27.9    32.7   -84.0    19.0    72.4    34.5    87.3    36.0   -88.0
  9859    60.5   -32.0    32.6   -83.9    19.3    72.8    34.5    87.3    36.0   -88.0
  9863    60.1   -35.8    32.5   -83.9    19.5    73.3    34.6    87.3    35.9   -88.0
  9867    59.7   -39.2    32.4   -83.9    19.7    73.7    34.6    87.3    35.9   -88.0
  9871    59.3   -42.3    32.3   -83.8    20.0    74.1    34.6    87.3    35.9   -88.0
  9875    58.9   -45.1    32.2   -83.8    20.2    74.5    34.7    87.3    35.8   -88.0
  9879    58.5   -47.7    32.1   -83.7    20.4    74.9    34.7    87.3    35.8   -88.0
  9883    58.1   -50.0    32.1   -83.7    20.6    75.2    34.7    87.3    35.8   -88.0
  9887    57.7   -52.1    32.0   -83.7    20.8    75.6    34.8    87.3    35.8   -88.0
  9891    57.3   -54.0    31.9   -83.6    21.0    75.9    34.8    87.3    35.7   -88.0
  9895    56.9   -55.8    31.8   -83.6    21.2    76.2    34.9    87.3    35.7   -88.0
  9898    56.5   -57.4    31.7   -83.5    21.4    76.5    34.9    87.3    35.7   -88.0
  9902    56.1   -58.9    31.6   -83.5    21.6    76.7    34.9    87.3    35.6   -88.0
  9906    55.7   -60.3    31.5   -83.4    21.8    77.0    35.0    87.3    35.6   -88.0
  9910    55.4   -61.5    31.4   -83.4    21.9    77.3    35.0    87.3    35.6   -88.0
  9914    55.0   -62.7    31.3   -83.3    22.1    77.5    35.1    87.3    35.5   -88.0
  9918    54.7   -63.7    31.2   -83.3    22.3    77.8    35.1    87.3    35.5   -88.0
  9922    54.4   -64.7    31.1   -83.2    22.5    78.0    35.1    87.3    35.5   -88.0
  9926    54.1   -65.6    31.0   -83.2    22.6    78.2    35.2    87.3    35.5   -88.0
  9930    53.8   -66.5    30.9   -83.1    22.8    78.4    35.2    87.3    35.4   -88.0
  9934    53.5   -67.3    30.8   -83.1    22.9    78.6    35.3    87.3    35.4   -88.0
  9938    53.2   -68.0    30.7   -83.0    23.1    78.8    35.3    87.3    35.4   -88.0
  9941    52.9   -68.7    30.6   -82.9    23.3    79.0    35.3    87.3    35.3   -88.0
  9945    52.6   -69.4    30.5   -82.9    23.4    79.2    35.4    87.3    35.3   -88.0
  9949    52.3   -70.0    30.4   -82.8    23.6    79.3    35.4    87.3    35.3   -88.0
  9953    52.1   -70.5    30.3   -82.8    23.7    79.5    35.4    87.3    35.3   -88.0
  9957    51.8   -71.1    30.2   -82.7    23.9    79.7    35.5    87.4    35.2   -87.9
  9961    51.5   -71.6    30.1   -82.6    24.0    79.8    35.5    87.4    35.2   -87.9
  9965    51.3   -72.1    30.0   -82.6    24.2    80.0    35.6    87.4    35.2   -87.9
  9969    51.1   -72.5    29.9   -82.5    24.3    80.1    35.6    87.4    35.1   -87.9
  9973    50.8   -73.0    29.8   -82.4    24.4    80.3    35.6    87.4    35.1   -87.9
  9977    50.6   -73.4    29.7   -82.3    24.6    80.4    35.7    87.4    35.1   -87.9
  9980    50.4   -73.7    29.6   -82.3    24.7    80.6    35.7    87.4    35.0   -87.9
  9984    50.2   -74.1    29.5   -82.2    24.8    80.7    35.7    87.4    35.0   -87.9
  9988    49.9   -74.5    29.3   -82.1    25.0    80.8    35.8    87.4    35.0   -87.9
  9992    49.7   -74.8    29.2   -82.0    25.1    80.9    35.8    87.4    35.0   -87.9
  9996    49.5   -75.1    29.1   -82.0    25.2    81.1    35.9    87.4    34.9   -87.9
 10000    49.3   -75.4    29.0   -81.9    25.4    81.2    35.9    87.4    34.9   -87.9
 10004    49.1   -75.7    28.9   -81.8    25.5    81.3    35.9    87.4    34.9   -87.9
 10008    48.9   -76.0    28.8   -81.7    25.6    81.4    36.0    87.4    34.8   -87.9
 10012    48.7   -76.2    28.7   -81.6    25.7    81.5    36.0    87.4    34.8   -87.9
 10016    48.5   -76.5    28.5   -81.5    25.8    81.6    36.1    87.4    34.8   -87.9
 10020    48.3   -76.7    28.4   -81.4    26.0    81.7    36.1    87.4    34.7   -87.9
 10023    48.2   -77.0    28.3   -81.3    26.1    81.8    36.1    87.4    34.7   -87.9
 10027    48.0   -77.2    28.2   -81.2    26.2    81.9    36.2    87.4    34.7   -87.9
 10031    47.8   -77.4    28.0   -81.1    26.3    82.0    36.2    87.4    34.7   -87.9
 10035    47.6   -77.6    27.9   -81.0    26.4    82.1    36.2    87.4    34.6   -87.9
 10039    47.5   -77.8    27.8   -80.9    26.5    82.2    36.3    87.4    34.6   -87.9
 10043    47.3   -78.0    27.7   -80.7    26.6    82.3    36.3    87.4    34.6   -87.9
 10047    47.1   -78.1    27.5   -80.6    26.7    82.3    36.3    87.4    34.5   -87.9
 10051    47.0   -78.3    27.4   -80.5    26.9    82.4    36.4    87.4    34.5   -87.9
 10055    46.8   -78.5    27.3   -80.4    27.0    82.5    36.4    87.4    34.5   -87.9
 10059    46.6   -78.6    27.1   -80.2    27.1    82.6    36.5    87.4    34.4   -87.9
 10063    46.5   -78.8    27.0   -80.1    27.2    82.6    36.5    87.4    34.4   -87.9
 10066    46.3   -78.9    26.8   -79.9    27.3    82.7    36.5    87.4    34.4   -87.9
 10070    46.2   -79.1    26.7   -79.8    27.4    82.8    36.6    87.4    34.4   -87.9
 10074    46.0   -79.2    26.6   -79.6    27.5    82.9    36.6    87.4    34.3   -87.9
 10078    45.9   -79.4    26.4   -79.5    27.6    82.9    36.6    87.4    34.3   -87.8
 10082    45.7   -79.5    26.3   -79.3    27.7    83.0    36.7    87.4    34.3   -87.8
 10086    45.6   -79.6    26.1   -79.2    27.8    83.1    36.7    87.4    34.2   -87.8
 10090    45.4   -79.7    26.0   -79.0    27.9    83.1    36.8    87.4    34.2   -87.8
 10094    45.3   -79.8    25.8   -78.8    28.0    83.2    36.8    87.4    34.2   -87.8
 10098    45.1   -79.9    25.6   -78.6    28.1    83.3    36.8    87.4    34.1   -87.8
 10102    45.0   -80.0    25.5   -78.4    28.2    83.3    36.9    87.4    34.1   -87.8
 10105    44.8   -80.2    25.3   -78.2    28.3    83.4    36.9    87.4    34.1   -87.8
 10109    44.7   -80.2    25.1   -78.0    28.4    83.4    36.9    87.4    34.0   -87.8
 10113    44.6   -80.3    25.0   -77.8    28.5    83.5    37.0    87.4    34.0   -87.8
 10117    44.4   -80.4    24.8   -77.6    28.5    83.5    37.0    87.4    34.0   -87.8
 10121    44.3   -80.5    24.6   -77.3    28.6    83.6    37.0    87.4    33.9   -87.8
 10125    44.2   -80.6    24.5   -77.1    28.7    83.6    37.1    87.4    33.9   -87.8
 10129    44.0   -80.7    24.3   -76.8    28.8    83.7    37.1    87.4    33.9   -87.8
 10133    43.9   -80.8    24.1   -76.5    28.9    83.7    37.2    87.4    33.9   -87.8
 10137    43.8   -80.9    23.9   -76.3    29.0    83.8    37.2    87.4    33.8   -87.8
 10141    43.6   -80.9    23.7   -76.0    29.1    83.8    37.2    87.4    33.8   -87.8
 10145    43.5   -81.0    23.5   -75.7    29.2    83.9    37.3    87.4    33.8   -87.8
 10148    43.4   -81.1    23.3   -75.4    29.3    83.9    37.3    87.4    33.7   -87.8
 10152    43.3   -81.1    23.1   -75.0    29.3    84.0    37.3    87.4    33.7   -87.8
 10156    43.1   -81.2    22.9   -74.7    29.4    84.0    37.4    87.4    33.7   -87.8
 10160    43.0   -81.3    22.7   -74.3    29.5    84.1    37.4    87.4    33.6   -87.8
 10164    42.9   -81.3    22.5   -73.9    29.6    84.1    37.5    87.4    33.6   -87.8
 10168    42.8   -81.4    22.3   -73.5    29.7    84.2    37.5    87.4    33.6   -87.8
 10172    42.6   -81.4    22.0   -73.1    29.8    84.2    37.5    87.4    33.5   -87.8
 10176    42.5   -81.5    21.8   -72.6    29.8    84.2    37.6    87.4    33.5   -87.7
 10180    42.4   -81.5    21.6   -72.2    29.9    84.3    37.6    87.4    33.5   -87.7
 10184    42.3   -81.6    21.3   -71.6    30.0    84.3    37.6    87.4    33.4   -87.7
 10188    42.2   -81.6    21.1   -71.1    30.1    84.3    37.7    87.4    33.4   -87.7
 10191    42.1   -81.7    20.8   -70.6    30.2    84.4    37.7    87.4    33.4   -87.7
 10195    41.9   -81.7    20.6   -70.0    30.2    84.4    37.7    87.4    33.3   -87.7
 10199    41.8   -81.8    20.3   -69.3    30.3    84.5    37.8    87.4    33.3   -87.7
 10203    41.7   -81.8    20.0   -68.6    30.4    84.5    37.8    87.4    33.3   -87.7
 10207    41.6   -81.9    19.7   -67.9    30.5    84.5    37.9    87.4    33.2   -87.7
 10211    41.5   -81.9    19.5   -67.1    30.6    84.6    37.9    87.4    33.2   -87.7
 10215    41.4   -81.9    19.2   -66.3    30.6    84.6    37.9    87.4    33.2   -87.7
 10219    41.2   -82.0    18.9   -65.4    30.7    84.6    38.0    87.4    33.1   -87.7
 10223    41.1   -82.0    18.5   -64.5    30.8    84.7    38.0    87.4    33.1   -87.7
 10227    41.0   -82.0    18.2   -63.5    30.9    84.7    38.0    87.4    33.1   -87.7
 10230    40.9   -82.1    17.9   -62.4    30.9    84.7    38.1    87.4    33.1   -87.7
 10234    40.8   -82.1    17.6   -61.2    31.0    84.7    38.1    87.4    33.0   -87.7
 10238    40.7   -82.1    17.2   -59.9    31.1    84.8    38.1    87.4    33.0   -87.7
 10242    40.6   -82.1    16.8   -58.5    31.2    84.8    38.2    87.4    33.0   -87.7
 10246    40.5   -82.2    16.5   -57.0    31.2    84.8    38.2    87.4    32.9   -87.7
 10250    40.3   -82.2    16.1   -55.3    31.3    84.9    38.3    87.4    32.9   -87.7
 10254    40.2   -82.2    15.7   -53.5    31.4    84.9    38.3    87.4    32.9   -87.6
 10258    40.1   -82.2    15.3   -51.6    31.5    84.9    38.3    87.4    32.8   -87.6
 10262    40.0   -82.2    14.9   -49.4    31.5    84.9    38.4    87.4    32.8   -87.6
 10266    39.9   -82.3    14.5   -47.0    31.6    85.0    38.4    87.4    32.8   -87.6
 10270    39.8   -82.3    14.1   -44.4    31.7    85.0    38.4    87.4    32.7   -87.6
 10273    39.7   -82.3    13.7   -41.6    31.7    85.0    38.5    87.4    32.7   -87.6
 10277    39.6   -82.3    13.3   -38.4    31.8    85.0    38.5    87.4    32.7   -87.6
 10281    39.5   -82.3    12.9   -35.0    31.9    85.1    38.5    87.4    32.6   -87.6
 10285    39.4   -82.3    12.5   -31.2    31.9    85.1    38.6    87.4    32.6   -87.6
 10289    39.3   -82.3    12.2   -27.2    32.0    85.1    38.6    87.4    32.5   -87.6
 10293    39.1   -82.4    11.9   -22.8    32.1    85.1    38.6    87.4    32.5   -87.6
 10297    39.0   -82.4    11.6   -18.1    32.2    85.2    38.7    87.4    32.5   -87.6
 10301    38.9   -82.4    11.4   -13.1    32.2    85.2    38.7    87.4    32.4   -87.6
 10305    38.8   -82.4    11.3    -8.0    32.3    85.2    38.8    87.4    32.4   -87.6
 10309    38.7   -82.4    11.2    -2.7    32.4    85.2    38.8    87.4    32.4   -87.6
 10313    38.6   -82.4    11.2     2.7    32.4    85.2    38.8    87.4    32.3   -87.6
 10316    38.5   -82.4    11.3     8.0    32.5    85.3    38.9    87.4    32.3   -87.6
 10320    38.4   -82.4    11.4    13.1    32.6    85.3    38.9    87.4    32.3   -87.5
 10324    38.3   -82.4    11.6    18.1    32.6    85.3    38.9    87.4    32.2   -87.5
 10328    38.2   -82.4    11.9    22.8    32.7    85.3    39.0    87.4    32.2   -87.5
 10332    38.1   -82.4    12.2    27.1    32.8    85.3    39.0    87.4    32.2   -87.5
 10336    38.0   -82.4    12.6    31.2    32.8    85.4    39.0    87.4    32.1   -87.5
 10340    37.9   -82.4    12.9    34.9    32.9    85.4    39.1    87.4    32.1   -87.5
 10344    37.8   -82.4    13.3    38.4    32.9    85.4    39.1    87.4    32.1   -87.5
 10348    37.6   -82.4    13.7    41.5    33.0    85.4    39.2    87.4    32.0   -87.5
 10352    37.5   -82.3    14.1    44.3    33.1    85.4    39.2    87.4    32.0   -87.5
 10355    37.4   -82.3    14.5    46.9    33.1    85.5    39.2    87.4    32.0   -87.5
 10359    37.3   -82.3    14.9    49.3    33.2    85.5    39.3    87.4    31.9   -87.5
 10363    37.2   -82.3    15.3    51.4    33.3    85.5    39.3    87.4    31.9   -87.5
 10367    37.1   -82.3    15.7    53.4    33.3    85.5    39.3    87.4    31.9   -87.5
 10371    37.0   -82.3    16.1    55.2    33.4    85.5    39.4    87.4    31.8   -87.5
 10375    36.9   -82.3    16.5    56.8    33.5    85.5    39.4    87.4    31.8   -87.5
 10379    36.8   -82.3    16.9    58.3    33.5    85.5    39.5    87.4    31.7   -87.4
 10383    36.7   -82.2    17.2    59.7    33.6    85.6    39.5    87.4    31.7   -87.4
 10387    36.6   -82.2    17.6    61.0    33.6    85.6    39.5    87.4    31.7   -87.4
 10391    36.5   -82.2    17.9    62.2    33.7    85.6    39.6    87.4    31.6   -87.4
 10395    36.3   -82.2    18.2    63.3    33.8    85.6    39.6    87.4    31.6   -87.4
 10398    36.2   -82.2    18.6    64.3    33.8    85.6    39.6    87.4    31.6   -87.4
 10402    36.1   -82.1    18.9    65.3    33.9    85.6    39.7    87.4    31.5   -87.4
 10406    36.0   -82.1    19.2    66.1    34.0    85.6    39.7    87.4    31.5   -87.4
 10410    35.9   -82.1    19.5    67.0    34.0    85.7    39.7    87.4    31.5   -87.4
 10414    35.8   -82.0    19.8    67.7    34.1    85.7    39.8    87.4    31.4   -87.4
 10418    35.7   -82.0    20.0    68.4    34.1    85.7    39.8    87.4    31.4   -87.4
 10422    35.6   -82.0    20.3    69.1    34.2    85.7    39.9    87.4    31.3   -87.4
 10426    35.5   -82.0    20.6    69.7    34.3    85.7    39.9    87.4    31.3   -87.4
 10430    35.3   -81.9    20.8    70.3    34.3    85.7    39.9    87.4    31.3   -87.3
 10434    35.2   -81.9    21.1    70.9    34.4    85.7    40.0    87.4    31.2   -87.3
 10438    35.1   -81.8    21.3    71.4    34.4    85.7    40.0    87.4    31.2   -87.3
 10441    35.0   -81.8    21.6    71.9    34.5    85.8    40.0    87.4    31.2   -87.3
 10445    34.9   -81.8    21.8    72.4    34.6    85.8    40.1    87.4    31.1   -87.3
 10449    34.8   -81.7    22.1    72.9    34.6    85.8    40.1    87.4    31.1   -87.3
 10453    34.7   -81.7    22.3    73.3    34.7    85.8    40.2    87.4    31.0   -87.3
 10457    34.5   -81.6    22.5    73.7    34.7    85.8    40.2    87.3    31.0   -87.3
 10461    34.4   -81.6    22.7    74.1    34.8    85.8    40.2    87.3    31.0   -87.3
 10465    34.3   -81.5    22.9    74.4    34.9    85.8    40.3    87.3    30.9   -87.3
 10469    34.2   -81.5    23.1    74.8    34.9    85.8    40.3    87.3    30.9   -87.3
 10473    34.1   -81.4    23.3    75.1    35.0    85.8    40.3    87.3    30.9   -87.3
 10477    33.9   -81.4    23.5    75.5    35.0    85.8    40.4    87.3    30.8   -87.2
 10480    33.8   -81.3    23.7    75.8    35.1    85.9    40.4    87.3    30.8   -87.2
 10484    33.7   -81.3    23.9    76.0    35.1    85.9    40.5    87.3    30.7   -87.2
 10488    33.6   -81.2    24.1    76.3    35.2    85.9    40.5    87.3    30.7   -87.2
 10492    33.5   -81.1    24.3    76.6    35.3    85.9    40.5    87.3    30.7   -87.2
 10496    33.3   -81.1    24.5    76.8    35.3    85.9    40.6    87.3    30.6   -87.2
 10500    33.2   -81.0    24.6    77.1    35.4    85.9    40.6    87.3    30.6   -87.2
 10504    33.1   -80.9    24.8    77.3    35.4    85.9    40.6    87.3    30.5   -87.2
 10508    33.0   -80.8    25.0    77.6    35.5    85.9    40.7    87.3    30.5   -87.2
 10512    32.8   -80.8    25.2    77.8    35.6    85.9    40.7    87.3    30.5   -87.2
 10516    32.7   -80.7    25.3    78.0    35.6    85.9    40.8    87.3    30.4   -87.2
 10520    32.6   -80.6    25.5    78.2    35.7    85.9    40.8    87.3    30.4   -87.1
 10523    32.4   -80.5    25.6    78.4    35.7    85.9    40.8    87.3    30.3   -87.1
 10527    32.3   -80.4    25.8    78.6    35.8    85.9    40.9    87.3    30.3   -87.1
 10531    32.2   -80.4    26.0    78.8    35.8    86.0    40.9    87.3    30.3   -87.1
 10535    32.0   -80.3    26.1    78.9    35.9    86.0    40.9    87.3    30.2   -87.1
 10539    31.9   -80.2    26.3    79.1    35.9    86.0    41.0    87.3    30.2   -87.1
 10543    31.8   -80.1    26.4    79.3    36.0    86.0    41.0    87.3    30.1   -87.1
 10547    31.6   -80.0    26.6    79.4    36.1    86.0    41.1    87.3    30.1   -87.1
 10551    31.5   -79.8    26.7    79.6    36.1    86.0    41.1    87.3    30.1   -87.1
 10555    31.4   -79.7    26.8    79.7    36.2    86.0    41.1    87.3    30.0   -87.0
 10559    31.2   -79.6    27.0    79.9    36.2    86.0    41.2    87.3    30.0   -87.0
 10563    31.1   -79.5    27.1    80.0    36.3    86.0    41.2    87.2    29.9   -87.0
 10566    30.9   -79.4    27.3    80.1    36.3    86.0    41.2    87.2    29.9   -87.0
 10570    30.8   -79.2    27.4    80.3    36.4    86.0    41.3    87.2    29.9   -87.0
 10574    30.6   -79.1    27.5    80.4    36.5    86.0    41.3    87.2    29.8   -87.0
 10578    30.5   -79.0    27.7    80.5    36.5    86.0    41.4    87.2    29.8   -87.0
 10582    30.3   -78.8    27.8    80.6    36.6    86.0    41.4    87.2    29.7   -87.0
 10586    30.2   -78.7    27.9    80.7    36.6    86.0    41.4    87.2    29.7   -87.0
 10590    30.0   -78.5    28.0    80.8    36.7    86.0    41.5    87.2    29.6   -86.9
 10594    29.9   -78.4    28.2    80.9    36.7    86.0    41.5    87.2    29.6   -86.9
 10598    29.7   -78.2    28.3    81.1    36.8    86.0    41.6    87.2    29.6   -86.9
 10602    29.5   -78.0    28.4    81.2    36.8    86.0    41.6    87.2    29.5   -86.9
 10605    29.4   -77.9    28.5    81.3    36.9    86.0    41.6    87.2    29.5   -86.9
 10609    29.2   -77.7    28.7    81.3    37.0    86.0    41.7    87.2    29.4   -86.9
 10613    29.0   -77.5    28.8    81.4    37.0    86.0    41.7    87.2    29.4   -86.9
 10617    28.9   -77.3    28.9    81.5    37.1    86.0    41.8    87.2    29.3   -86.9
 10621    28.7   -77.1    29.0    81.6    37.1    86.1    41.8    87.2    29.3   -86.8
 10625    28.5   -76.8    29.1    81.7    37.2    86.1    41.8    87.2    29.3   -86.8
 10629    28.3   -76.6    29.2    81.8    37.2    86.1    41.9    87.2    29.2   -86.8
 10633    28.2   -76.4    29.4    81.9    37.3    86.1    41.9    87.2    29.2   -86.8
 10637    28.0   -76.1    29.5    81.9    37.3    86.1    42.0    87.2    29.1   -86.8
 10641    27.8   -75.9    29.6    82.0    37.4    86.1    42.0    87.1    29.1   -86.8
 10645    27.6   -75.6    29.7    82.1    37.4    86.1    42.0    87.1    29.0   -86.8
 10648    27.4   -75.3    29.8    82.2    37.5    86.1    42.1    87.1    29.0   -86.8
 10652    27.2   -75.0    29.9    82.2    37.6    86.1    42.1    87.1    28.9   -86.7
 10656    27.0   -74.7    30.0    82.3    37.6    86.1    42.2    87.1    28.9   -86.7
 10660    26.8   -74.4    30.1    82.4    37.7    86.1    42.2    87.1    28.8   -86.7
 10664    26.6   -74.0    30.2    82.4    37.7    86.1    42.2    87.1    28.8   -86.7
 10668    26.4   -73.7    30.3    82.5    37.8    86.1    42.3    87.1    28.8   -86.7
 10672    26.1   -73.3    30.4    82.6    37.8    86.1    42.3    87.1    28.7   -86.7
 10676    25.9   -72.9    30.5    82.6    37.9    86.1    42.4    87.1    28.7   -86.7
 10680    25.7   -72.5    30.6    82.7    37.9    86.1    42.4    87.1    28.6   -86.6
 10684    25.5   -72.0    30.7    82.8    38.0    86.1    42.4    87.1    28.6   -86.6
 10688    25.2   -71.5    30.8    82.8    38.0    86.1    42.5    87.1    28.5   -86.6
 10691    25.0   -71.0    30.9    82.9    38.1    86.1    42.5    87.1    28.5   -86.6
 10695    24.7   -70.5    31.0    82.9    38.2    86.1    42.6    87.1    28.4   -86.6
 10699    24.5   -70.0    31.1    83.0    38.2    86.1    42.6    87.0    28.4   -86.6
 10703    24.2   -69.4    31.2    83.0    38.3    86.1    42.6    87.0    28.3   -86.5
 10707    23.9   -68.7    31.3    83.1    38.3    86.1    42.7    87.0    28.3   -86.5
 10711    23.7   -68.1    31.4    83.1    38.4    86.1    42.7    87.0    28.2   -86.5
 10715    23.4   -67.3    31.5    83.2    38.4    86.1    42.8    87.0    28.2   -86.5
 10719    23.1   -66.6    31.6    83.2    38.5    86.1    42.8    87.0    28.1   -86.5
 10723    22.8   -65.8    31.7    83.3    38.5    86.1    42.8    87.0    28.1   -86.5
 10727    22.5   -64.9    31.8    83.3    38.6    86.1    42.9    87.0    28.0   -86.4
 10730    22.2   -64.0    31.9    83.3    38.6    86.1    42.9    87.0    28.0   -86.4
 10734    21.9   -62.9    32.0    83.4    38.7    86.1    43.0    87.0    27.9   -86.4
 10738    21.5   -61.9    32.1    83.4    38.8    86.1    43.0    87.0    27.9   -86.4
 10742    21.2   -60.7    32.1    83.5    38.8    86.1    43.1    87.0    27.8   -86.4
 10746    20.9   -59.4    32.2    83.5    38.9    86.1    43.1    87.0    27.8   -86.4
 10750    20.5   -58.0    32.3    83.6    38.9    86.0    43.1    87.0    27.7   -86.3
 10754    20.1   -56.5    32.4    83.6    39.0    86.0    43.2    86.9    27.7   -86.3
 10758    19.8   -54.9    32.5    83.6    39.0    86.0    43.2    86.9    27.6   -86.3
 10762    19.4   -53.1    32.6    83.7    39.1    86.0    43.3    86.9    27.6   -86.3
 10766    19.0   -51.2    32.7    83.7    39.1    86.0    43.3    86.9    27.5   -86.3
 10770    18.6   -49.1    32.8    83.7    39.2    86.0    43.3    86.9    27.5   -86.2
 10773    18.2   -46.8    32.9    83.8    39.2    86.0    43.4    86.9    27.4   -86.2
 10777    17.8   -44.2    32.9    83.8    39.3    86.0    43.4    86.9    27.4   -86.2
 10781    17.4   -41.4    33.0    83.8    39.4    86.0    43.5    86.9    27.3   -86.2
 10785    17.0   -38.4    33.1    83.9    39.4    86.0    43.5    86.9    27.3   -86.2
 10789    16.6   -35.0    33.2    83.9    39.5    86.0    43.6    86.9    27.2   -86.1
 10793    16.3   -31.4    33.3    83.9    39.5    86.0    43.6    86.9    27.2   -86.1
 10797    15.9   -27.4    33.4    83.9    39.6    86.0    43.7    86.8    27.1   -86.1
 10801    15.6   -23.2    33.4    84.0    39.6    86.0    43.7    86.8    27.1   -86.1
 10805    15.4   -18.6    33.5    84.0    39.7    86.0    43.7    86.8    27.0   -86.1
 10809    15.1   -13.8    33.6    84.0    39.7    86.0    43.8    86.8    27.0   -86.0
 10813    15.0    -8.8    33.7    84.1    39.8    86.0    43.8    86.8    26.9   -86.0
 10816    14.9    -3.7    33.8    84.1    39.9    86.0    43.9    86.8    26.8   -86.0
 10820    14.9     1.5    33.9    84.1    39.9    86.0    43.9    86.8    26.8   -86.0
 10824    15.0     6.7    33.9    84.1    40.0    86.0    44.0    86.8    26.7   -85.9
 10828    15.1    11.8    34.0    84.2    40.0    86.0    44.0    86.8    26.7   -85.9
 10832    15.3    16.7    34.1    84.2    40.1    86.0    44.0    86.8    26.6   -85.9
 10836    15.5    21.3    34.2    84.2    40.1    85.9    44.1    86.7    26.6   -85.9
 10840    15.8    25.7    34.3    84.2    40.2    85.9    44.1    86.7    26.5   -85.8
 10844    16.1    29.7    34.3    84.2    40.2    85.9    44.2    86.7    26.4   -85.8
 10848    16.5    33.5    34.4    84.3    40.3    85.9    44.2    86.7    26.4   -85.8
 10852    16.9    36.9    34.5    84.3    40.4    85.9    44.3    86.7    26.3   -85.8
 10855    17.3    40.1    34.6    84.3    40.4    85.9    44.3    86.7    26.3   -85.7
 10859    17.7    43.0    34.7    84.3    40.5    85.9    44.4    86.7    26.2   -85.7
 10863    18.1    45.6    34.7    84.3    40.5    85.9    44.4    86.7    26.2   -85.7
 10867    18.5    48.0    34.8    84.4    40.6    85.9    44.5    86.7    26.1   -85.7
 10871    18.9    50.2    34.9    84.4    40.6    85.9    44.5    86.6    26.0   -85.6
 10875    19.2    52.2    35.0    84.4    40.7    85.9    44.5    86.6    26.0   -85.6
 10879    19.6    54.1    35.0    84.4    40.8    85.9    44.6    86.6    25.9   -85.6
 10883    20.0    55.7    35.1    84.4    40.8    85.9    44.6    86.6    25.9   -85.6
 10887    20.4    57.3    35.2    84.4    40.9    85.9    44.7    86.6    25.8   -85.5
 10891    20.7    58.7    35.3    84.5    40.9    85.8    44.7    86.6    25.7   -85.5
 10895    21.1    60.0    35.3    84.5    41.0    85.8    44.8    86.6    25.7   -85.5
 10898    21.4    61.2    35.4    84.5    41.0    85.8    44.8    86.6    25.6   -85.4
 10902    21.7    62.3    35.5    84.5    41.1    85.8    44.9    86.5    25.5   -85.4
 10906    22.1    63.4    35.6    84.5    41.2    85.8    44.9    86.5    25.5   -85.4
 10910    22.4    64.3    35.6    84.5    41.2    85.8    45.0    86.5    25.4   -85.3
 10914    22.7    65.2    35.7    84.5    41.3    85.8    45.0    86.5    25.4   -85.3
 10918    23.0    66.1    35.8    84.6    41.3    85.8    45.1    86.5    25.3   -85.3
 10922    23.3    66.8    35.9    84.6    41.4    85.8    45.1    86.5    25.2   -85.2
 10926    23.6    67.6    35.9    84.6    41.4    85.8    45.2    86.5    25.2   -85.2
 10930    23.8    68.3    36.0    84.6    41.5    85.7    45.2    86.5    25.1   -85.2
 10934    24.1    68.9    36.1    84.6    41.6    85.7    45.3    86.4    25.0   -85.1
 10938    24.4    69.5    36.2    84.6    41.6    85.7    45.3    86.4    25.0   -85.1
 10941    24.6    70.1    36.2    84.6    41.7    85.7    45.4    86.4    24.9   -85.1
 10945    24.9    70.6    36.3    84.6    41.7    85.7    45.4    86.4    24.8   -85.0
 10949    25.1    71.1    36.4    84.6    41.8    85.7    45.5    86.4    24.8   -85.0
 10953    25.4    71.6    36.5    84.6    41.9    85.7    45.5    86.4    24.7   -85.0
 10957    25.6    72.1    36.5    84.7    41.9    85.7    45.6    86.4    24.6   -84.9
 10961    25.8    72.5    36.6    84.7    42.0    85.6    45.6    86.3    24.6   -84.9
 10965    26.1    72.9    36.7    84.7    42.0    85.6    45.7    86.3    24.5   -84.8
 10969    26.3    73.3    36.8    84.7    42.1    85.6    45.7    86.3    24.4   -84.8
 10973    26.5    73.7    36.8    84.7    42.2    85.6    45.8    86.3    24.3   -84.8
 10977    26.7    74.0    36.9    84.7    42.2    85.6    45.8    86.3    24.3   -84.7
 10980    26.9    74.3    37.0    84.7    42.3    85.6    45.9    86.3    24.2   -84.7
 10984    27.1    74.7    37.0    84.7    42.3    85.6    45.9    86.2    24.1   -84.6
 10988    27.3    75.0    37.1    84.7    42.4    85.5    46.0    86.2    24.1   -84.6
 10992    27.5    75.2    37.2    84.7    42.5    85.5    46.0    86.2    24.0   -84.6
 10996    27.7    75.5    37.3    84.7    42.5    85.5    46.1    86.2    23.9   -84.5
 11000    27.9    75.8    37.3    84.7    42.6    85.5    46.1    86.2    23.8   -84.5
 11004    28.1    76.0    37.4    84.7    42.6    85.5    46.2    86.2    23.8   -84.4
 11008    28.3    76.3    37.5    84.7    42.7    85.5    46.2    86.1    23.7   -84.4
 11012    28.4    76.5    37.6    84.7    42.8    85.5    46.3    86.1    23.6   -84.3
 11016    28.6    76.7    37.6    84.7    42.8    85.4    46.3    86.1    23.5   -84.3
 11020    28.8    77.0    37.7    84.7    42.9    85.4    46.4    86.1    23.4   -84.2
 11023    29.0    77.2    37.8    84.7    43.0    85.4    46.4    86.1    23.4   -84.2
 11027    29.1    77.4    37.8    84.7    43.0    85.4    46.5    86.1    23.3   -84.1
 11031    29.3    77.5    37.9    84.7    43.1    85.4    46.5    86.0    23.2   -84.1
 11035    29.5    77.7    38.0    84.7    43.1    85.4    46.6    86.0    23.1   -84.0
 11039    29.6    77.9    38.1    84.7    43.2    85.3    46.7    86.0    23.0   -84.0
 11043    29.8    78.1    38.1    84.7    43.3    85.3    46.7    86.0    23.0   -83.9
 11047    30.0    78.2    38.2    84.7    43.3    85.3    46.8    86.0    22.9   -83.8
 11051    30.1    78.4    38.3    84.7    43.4    85.3    46.8    85.9    22.8   -83.8
 11055    30.3    78.5    38.3    84.7    43.5    85.3    46.9    85.9    22.7   -83.7
 11059    30.4    78.7    38.4    84.7    43.5    85.2    46.9    85.9    22.6   -83.7
 11063    30.6    78.8    38.5    84.7    43.6    85.2    47.0    85.9    22.5   -83.6
 11066    30.7    79.0    38.6    84.7    43.7    85.2    47.0    85.8    22.4   -83.5
 11070    30.9    79.1    38.6    84.7    43.7    85.2    47.1    85.8    22.4   -83.5
 11074    31.0    79.2    38.7    84.7    43.8    85.2    47.2    85.8    22.3   -83.4
 11078    31.2    79.3    38.8    84.7    43.9    85.1    47.2    85.8    22.2   -83.4
 11082    31.3    79.4    38.8    84.7    43.9    85.1    47.3    85.8    22.1   -83.3
 11086    31.4    79.6    38.9    84.7    44.0    85.1    47.3    85.7    22.0   -83.2
 11090    31.6    79.7    39.0    84.7    44.1    85.1    47.4    85.7    21.9   -83.1
 11094    31.7    79.8    39.1    84.7    44.1    85.0    47.4    85.7    21.8   -83.1
 11098    31.9    79.9    39.1    84.7    44.2    85.0    47.5    85.7    21.7   -83.0
 11102    32.0    80.0    39.2    84.7    44.3    85.0    47.6    85.6    21.6   -82.9
 11105    32.1    80.1    39.3    84.7    44.3    85.0    47.6    85.6    21.5   -82.8
 11109    32.3    80.1    39.4    84.7    44.4    84.9    47.7    85.6    21.4   -82.8
 11113    32.4    80.2    39.4    84.7    44.5    84.9    47.7    85.6    21.3   -82.7
 11117    32.5    80.3    39.5    84.7    44.5    84.9    47.8    85.5    21.2   -82.6
 11121    32.7    80.4    39.6    84.7    44.6    84.9    47.9    85.5    21.1   -82.5
 11125    32.8    80.5    39.6    84.6    44.7    84.8    47.9    85.5    21.0   -82.4
 11129    32.9    80.6    39.7    84.6    44.7    84.8    48.0    85.5    20.9   -82.3
 11133    33.0    80.6    39.8    84.6    44.8    84.8    48.0    85.4    20.8   -82.3
 11137    33.2    80.7    39.9    84.6    44.9    84.8    48.1    85.4    20.7   -82.2
 11141    33.3    80.8    39.9    84.6    45.0    84.7    48.2    85.4    20.6   -82.1
 11145    33.4    80.8    40.0    84.6    45.0    84.7    48.2    85.4    20.5   -82.0
 11148    33.5    80.9    40.1    84.6    45.1    84.7    48.3    85.3    20.4   -81.9
 11152    33.7    81.0    40.2    84.6    45.2    84.6    48.4    85.3    20.3   -81.8
 11156    33.8    81.0    40.2    84.6    45.2    84.6    48.4    85.3    20.2   -81.7
 11160    33.9    81.1    40.3    84.6    45.3    84.6    48.5    85.2    20.1   -81.6
 11164    34.0    81.1    40.4    84.5    45.4    84.5    48.6    85.2    20.0   -81.5
 11168    34.1    81.2    40.5    84.5    45.5    84.5    48.6    85.2    19.8   -81.3
 11172    34.3    81.2    40.5    84.5    45.5    84.5    48.7    85.1    19.7   -81.2
 11176    34.4    81.3    40.6    84.5    45.6    84.4    48.8    85.1    19.6   -81.1
 11180    34.5    81.3    40.7    84.5    45.7    84.4    48.8    85.1    19.5   -81.0
 11184    34.6    81.4    40.7    84.5    45.8    84.4    48.9    85.0    19.4   -80.9
 11188    34.7    81.4    40.8    84.5    45.8    84.3    49.0    85.0    19.2   -80.7
 11191    34.8    81.5    40.9    84.4    45.9    84.3    49.0    85.0    19.1   -80.6
 11195    35.0    81.5    41.0    84.4    46.0    84.3    49.1    84.9    19.0   -80.5
 11199    35.1    81.5    41.1    84.4    46.1    84.2    49.2    84.9    18.9   -80.3
 11203    35.2    81.6    41.1    84.4    46.2    84.2    49.2    84.9    18.7   -80.2
 11207    35.3    81.6    41.2    84.4    46.2    84.1    49.3    84.8    18.6   -80.0
 11211    35.4    81.6    41.3    84.4    46.3    84.1    49.4    84.8    18.5   -79.9
 11215    35.5    81.7    41.4    84.3    46.4    84.1    49.4    84.8    18.3   -79.7
 11219    35.6    81.7    41.4    84.3    46.5    84.0    49.5    84.7    18.2   -79.5
 11223    35.7    81.7    41.5    84.3    46.6    84.0    49.6    84.7    18.1   -79.4
 11227    35.9    81.8    41.6    84.3    46.6    83.9    49.7    84.6    17.9   -79.2
 11230    36.0    81.8    41.7    84.3    46.7    83.9    49.7    84.6    17.8   -79.0
 11234    36.1    81.8    41.7    84.2    46.8    83.8    49.8    84.6    17.6   -78.8
 11238    36.2    81.8    41.8    84.2    46.9    83.8    49.9    84.5    17.5   -78.6
 11242    36.3    81.9    41.9    84.2    47.0    83.7    49.9    84.5    17.3   -78.4
 11246    36.4    81.9    42.0    84.2    47.1    83.7    50.0    84.4    17.2   -78.2
 11250    36.5    81.9    42.1    84.2    47.1    83.6    50.1    84.4    17.0   -78.0
 11254    36.6    81.9    42.1    84.1    47.2    83.6    50.2    84.4    16.8   -77.8
 11258    36.7    81.9    42.2    84.1    47.3    83.5    50.2    84.3    16.7   -77.5
 11262    36.8    81.9    42.3    84.1    47.4    83.5    50.3    84.3    16.5   -77.3
 11266    37.0    82.0    42.4    84.1    47.5    83.4    50.4    84.2    16.4   -77.0
 11270    37.1    82.0    42.5    84.0    47.6    83.4    50.5    84.2    16.2   -76.8
 11273    37.2    82.0    42.5    84.0    47.7    83.3    50.6    84.1    16.0   -76.5
 11277    37.3    82.0    42.6    84.0    47.8    83.3    50.6    84.1    15.8   -76.2
 11281    37.4    82.0    42.7    84.0    47.8    83.2    50.7    84.0    15.7   -75.9
 11285    37.5    82.0    42.8    83.9    47.9    83.2    50.8    84.0    15.5   -75.6
 11289    37.6    82.0    42.9    83.9    48.0    83.1    50.9    83.9    15.3   -75.3
 11293    37.7    82.0    42.9    83.9    48.1    83.0    51.0    83.9    15.1   -75.0
 11297    37.8    82.0    43.0    83.8    48.2    83.0    51.0    83.8    14.9   -74.6
 11301    37.9    82.0    43.1    83.8    48.3    82.9    51.1    83.8    14.7   -74.3
 11305    38.0    82.0    43.2    83.8    48.4    82.8    51.2    83.7    14.5   -73.9
 11309    38.1    82.0    43.3    83.7    48.5    82.8    51.3    83.6    14.3   -73.5
 11313    38.2    82.0    43.4    83.7    48.6    82.7    51.4    83.6    14.1   -73.0
 11316    38.4    82.0    43.4    83.7    48.7    82.6    51.5    83.5    13.8   -72.6
 11320    38.5    82.0    43.5    83.6    48.8    82.6    51.6    83.5    13.6   -72.1
 11324    38.6    82.0    43.6    83.6    48.9    82.5    51.6    83.4    13.4   -71.6
 11328    38.7    82.0    43.7    83.6    49.0    82.4    51.7    83.3    13.2   -71.1
 11332    38.8    82.0    43.8    83.5    49.1    82.3    51.8    83.3    12.9   -70.6
 11336    38.9    82.0    43.9    83.5    49.2    82.3    51.9    83.2    12.7   -70.0
 11340    39.0    82.0    44.0    83.5    49.3    82.2    52.0    83.1    12.4   -69.4
 11344    39.1    82.0    44.1    83.4    49.4    82.1    52.1    83.1    12.2   -68.7
 11348    39.2    82.0    44.1    83.4    49.5    82.0    52.2    83.0    11.9   -68.0
 11352    39.3    82.0    44.2    83.3    49.6    81.9    52.3    82.9    11.6   -67.3
 11355    39.4    81.9    44.3    83.3    49.7    81.8    52.4    82.9    11.3   -66.5
 11359    39.5    81.9    44.4    83.2    49.8    81.7    52.5    82.8    11.1   -65.7
 11363    39.6    81.9    44.5    83.2    50.0    81.6    52.6    82.7    10.8   -64.8
 11367    39.8    81.9    44.6    83.1    50.1    81.5    52.7    82.6    10.5   -63.8
 11371    39.9    81.9    44.7    83.1    50.2    81.4    52.8    82.5    10.2   -62.8
 11375    40.0    81.8    44.8    83.1    50.3    81.3    52.9    82.5     9.8   -61.7
 11379    40.1    81.8    44.9    83.0    50.4    81.2    53.0    82.4     9.5   -60.5
 11383    40.2    81.8    45.0    83.0    50.5    81.1    53.1    82.3     9.2   -59.2
 11387    40.3    81.8    45.1    82.9    50.6    81.0    53.2    82.2     8.8   -57.8
 11391    40.4    81.7    45.2    82.8    50.8    80.9    53.3    82.1     8.5   -56.3
 11395    40.5    81.7    45.3    82.8    50.9    80.8    53.4    82.0     8.1   -54.7
 11398    40.6    81.7    45.3    82.7    51.0    80.7    53.5    81.9     7.8   -52.9
 11402    40.7    81.7    45.4    82.7    51.1    80.5    53.6    81.8     7.4   -50.9
 11406    40.9    81.6    45.5    82.6    51.3    80.4    53.7    81.7     7.0   -48.8
 11410    41.0    81.6    45.6    82.6    51.4    80.3    53.8    81.6     6.6   -46.5
 11414    41.1    81.6    45.7    82.5    51.5    80.1    53.9    81.5     6.2   -44.0
 11418    41.2    81.5    45.8    82.4    51.7    80.0    54.0    81.4     5.9   -41.3
 11422    41.3    81.5    45.9    82.4    51.8    79.9    54.2    81.3     5.5   -38.2
 11426    41.4    81.4    46.0    82.3    51.9    79.7    54.3    81.2     5.1   -35.0
 11430    41.5    81.4    46.1    82.2    52.1    79.6    54.4    81.1     4.8   -31.4
 11434    41.6    81.4    46.3    82.2    52.2    79.4    54.5    81.0     4.4   -27.6
 11438    41.8    81.3    46.4    82.1    52.3    79.2    54.6    80.8     4.1   -23.4
 11441    41.9    81.3    46.5    82.0    52.5    79.1    54.8    80.7     3.9   -19.0
 11445    42.0    81.2    46.6    82.0    52.6    78.9    54.9    80.6     3.7   -14.4
 11449    42.1    81.2    46.7    81.9    52.8    78.7    55.0    80.4     3.5    -9.5
 11453    42.2    81.1    46.8    81.8    52.9    78.5    55.1    80.3     3.4    -4.5
 11457    42.4    81.1    46.9    81.7    53.1    78.3    55.3    80.2     3.4     0.6
 11461    42.5    81.0    47.0    81.6    53.2    78.1    55.4    80.0     3.4     5.6
 11465    42.6    80.9    47.1    81.6    53.4    77.9    55.5    79.9     3.5    10.6
 11469    42.7    80.9    47.2    81.5    53.5    77.7    55.7    79.7     3.7    15.4
 11473    42.8    80.8    47.3    81.4    53.7    77.5    55.8    79.6     3.9    20.0
 11477    43.0    80.7    47.5    81.3    53.9    77.3    55.9    79.4     4.2    24.3
 11480    43.1    80.7    47.6    81.2    54.0    77.0    56.1    79.2     4.5    28.4
 11484    43.2    80.6    47.7    81.1    54.2    76.8    56.2    79.0     4.8    32.1
 11488    43.3    80.5    47.8    81.0    54.4    76.5    56.4    78.9     5.2    35.6
 11492    43.5    80.5    47.9    80.9    54.5    76.2    56.5    78.7     5.6    38.8
 11496    43.6    80.4    48.1    80.8    54.7    76.0    56.7    78.5     6.0    41.8
 11500    43.7    80.3    48.2    80.7    54.9    75.7    56.8    78.3     6.3    44.5
 11504    43.8    80.2    48.3    80.6    55.1    75.4    57.0    78.1     6.7    46.9
 11508    44.0    80.1    48.4    80.4    55.3    75.0    57.1    77.8     7.1    49.2
 11512    44.1    80.0    48.6    80.3    55.5    74.7    57.3    77.6     7.5    51.2
 11516    44.2    79.9    48.7    80.2    55.7    74.3    57.4    77.4     7.9    53.1
 11520    44.4    79.8    48.8    80.1    55.9    74.0    57.6    77.1     8.2    54.9
 11523    44.5    79.7    48.9    79.9    56.1    73.6    57.8    76.9     8.6    56.5
 11527    44.6    79.6    49.1    79.8    56.3    73.2    57.9    76.6     8.9    58.0
 11531    44.8    79.5    49.2    79.7    56.5    72.8    58.1    76.4     9.3    59.3
 11535    44.9    79.4    49.3    79.5    56.7    72.3    58.3    76.1     9.6    60.6
 11539    45.1    79.3    49.5    79.4    57.0    71.9    58.5    75.8     9.9    61.7
 11543    45.2    79.2    49.6    79.2    57.2    71.4    58.7    75.5    10.2    62.8
 11547    45.3    79.1    49.8    79.1    57.4    70.8    58.8    75.1    10.5    63.8
 11551    45.5    78.9    49.9    78.9    57.7    70.3    59.0    74.8    10.8    64.8
 11555    45.6    78.8    50.1    78.7    57.9    69.7    59.2    74.5    11.1    65.7
 11559    45.8    78.7    50.2    78.6    58.2    69.1    59.4    74.1    11.4    66.5
 11563    45.9    78.5    50.4    78.4    58.4    68.4    59.6    73.7    11.7    67.3
 11566    46.1    78.4    50.5    78.2    58.7    67.7    59.8    73.3    12.0    68.0
 11570    46.2    78.2    50.7    78.0    59.0    67.0    60.1    72.9    12.2    68.7
 11574    46.4    78.1    50.8    77.8    59.2    66.2    60.3    72.4    12.5    69.3
 11578    46.5    77.9    51.0    77.6    59.5    65.4    60.5    72.0    12.7    69.9
 11582    46.7    77.7    51.1    77.4    59.8    64.5    60.7    71.5    13.0    70.5
 11586    46.9    77.6    51.3    77.2    60.1    63.5    61.0    70.9    13.2    71.0
 11590    47.0    77.4    51.5    76.9    60.4    62.5    61.2    70.4    13.5    71.5
 11594    47.2    77.2    51.6    76.7    60.7    61.4    61.4    69.8    13.7    72.0
 11598    47.4    77.0    51.8    76.4    61.1    60.2    61.7    69.2    13.9    72.5
 11602    47.5    76.8    52.0    76.2    61.4    58.9    62.0    68.5    14.1    72.9
 11605    47.7    76.6    52.2    75.9    61.8    57.5    62.2    67.8    14.3    73.3
 11609    47.9    76.3    52.4    75.6    62.1    56.0    62.5    67.1    14.5    73.7
 11613    48.1    76.1    52.5    75.3    62.5    54.3    62.8    66.3    14.7    74.1
 11617    48.2    75.9    52.7    75.0    62.8    52.5    63.1    65.5    14.9    74.5
 11621    48.4    75.6    52.9    74.7    63.2    50.6    63.3    64.6    15.1    74.8
 11625    48.6    75.3    53.1    74.3    63.6    48.5    63.6    63.6    15.3    75.2
 11629    48.8    75.0    53.3    74.0    64.0    46.2    64.0    62.6    15.5    75.5
 11633    49.0    74.8    53.5    73.6    64.3    43.6    64.3    61.5    15.7    75.8
 11637    49.2    74.5    53.7    73.2    64.7    40.9    64.6    60.3    15.9    76.1
 11641    49.4    74.1    54.0    72.8    65.1    37.9    64.9    59.0    16.1    76.4
 11645    49.6    73.8    54.2    72.4    65.5    34.6    65.3    57.6    16.2    76.6
 11648    49.8    73.4    54.4    71.9    65.8    31.1    65.6    56.1    16.4    76.9
 11652    50.0    73.1    54.6    71.4    66.1    27.2    66.0    54.5    16.6    77.1
 11656    50.2    72.7    54.9    70.9    66.4    23.1    66.3    52.7    16.7    77.4
 11660    50.4    72.3    55.1    70.4    66.7    18.7    66.7    50.8    16.9    77.6
 11664    50.7    71.8    55.3    69.8    66.9    14.1    67.1    48.7    17.0    77.8
 11668    50.9    71.4    55.6    69.2    67.0     9.3    67.5    46.4    17.2    78.0
 11672    51.1    70.9    55.9    68.6    67.1     4.3    67.8    43.9    17.4    78.3
 11676    51.4    70.4    56.1    67.9    67.1    -0.7    68.2    41.1    17.5    78.5
 11680    51.6    69.9    56.4    67.2    67.1    -5.7    68.6    38.2    17.7    78.6
 11684    51.9    69.3    56.7    66.4    67.0   -10.6    69.0    34.9    17.8    78.8
 11688    52.1    68.7    56.9    65.6    66.8   -15.4    69.3    31.4    17.9    79.0
 11691    52.4    68.1    57.2    64.7    66.6   -20.0    69.6    27.6    18.1    79.2
 11695    52.7    67.4    57.5    63.8    66.3   -24.3    69.9    23.5    18.2    79.4
 11699    52.9    66.7    57.8    62.8    66.0   -28.3    70.2    19.1    18.4    79.5
 11703    53.2    65.9    58.2    61.7    65.7   -32.0    70.4    14.5    18.5    79.7
 11707    53.5    65.1    58.5    60.6    65.3   -35.5    70.6     9.8    18.6    79.8
 11711    53.8    64.2    58.8    59.3    65.0   -38.7    70.6     4.8    18.8    80.0
 11715    54.1    63.2    59.1    58.0    64.6   -41.6    70.7    -0.2    18.9    80.1
 11719    54.4    62.2    59.5    56.6    64.2   -44.3    70.6    -5.2    19.0    80.3
 11723    54.7    61.1    59.9    55.0    63.8   -46.7    70.5   -10.1    19.1    80.4
 11727    55.1    60.0    60.2    53.3    63.5   -49.0    70.4   -14.9    19.3    80.5
 11730    55.4    58.7    60.6    51.4    63.1   -51.0    70.2   -19.5    19.4    80.7
 11734    55.7    57.3    61.0    49.4    62.7   -52.9    69.9   -23.8    19.5    80.8
 11738    56.1    55.8    61.3    47.2    62.3   -54.7    69.6   -27.8    19.6    80.9
 11742    56.5    54.2    61.7    44.8    62.0   -56.3    69.3   -31.6    19.8    81.0
 11746    56.8    52.5    62.1    42.1    61.6   -57.7    68.9   -35.1    19.9    81.1
 11750    57.2    50.6    62.5    39.2    61.3   -59.1    68.6   -38.3    20.0    81.3
 11754    57.6    48.5    62.8    36.1    61.0   -60.3    68.2   -41.3    20.1    81.4
 11758    58.0    46.2    63.2    32.7    60.6   -61.5    67.8   -44.0    20.2    81.5
 11762    58.3    43.7    63.5    29.0    60.3   -62.6    67.4   -46.4    20.3    81.6
 11766    58.7    41.0    63.8    25.1    60.0   -63.6    67.0   -48.7    20.4    81.7
 11770    59.1    38.1    64.1    20.8    59.7   -64.6    66.7   -50.8    20.5    81.8
 11773    59.5    34.9    64.3    16.3    59.4   -65.4    66.3   -52.7    20.6    81.9
 11777    59.8    31.4    64.5    11.6    59.1   -66.3    65.9   -54.5    20.8    82.0
 11781    60.1    27.6    64.6     6.7    58.9   -67.0    65.6   -56.1    20.9    82.1
 11785    60.4    23.5    64.7     1.8    58.6   -67.8    65.2   -57.6    21.0    82.2
 11789    60.7    19.2    64.7    -3.2    58.3   -68.4    64.9   -58.9    21.1    82.2
 11793    60.9    14.7    64.6    -8.2    58.1   -69.1    64.6   -60.2    21.2    82.3
 11797    61.1     9.9    64.5   -13.0    57.8   -69.7    64.2   -61.4    21.3    82.4
 11801    61.2     5.0    64.3   -17.6    57.6   -70.3    63.9   -62.5    21.4    82.5
 11805    61.2     0.0    64.0   -22.0    57.3   -70.8    63.6   -63.5    21.5    82.6
 11809    61.2    -5.0    63.7   -26.2    57.1   -71.3    63.3   -64.5    21.6    82.6
 11813    61.1    -9.9    63.4   -30.1    56.9   -71.8    63.0   -65.4    21.7    82.7
 11816    60.9   -14.6    63.1   -33.7    56.7   -72.3    62.7   -66.2    21.7    82.8
 11820    60.7   -19.2    62.7   -37.0    56.4   -72.7    62.5   -67.0    21.8    82.9
 11824    60.4   -23.5    62.3   -40.0    56.2   -73.1    62.2   -67.7    21.9    82.9
 11828    60.1   -27.5    62.0   -42.8    56.0   -73.5    61.9   -68.4    22.0    83.0
 11832    59.8   -31.3    61.6   -45.4    55.8   -73.9    61.7   -69.0    22.1    83.1
 11836    59.4   -34.8    61.2   -47.7    55.6   -74.2    61.4   -69.7    22.2    83.1
 11840    59.1   -38.0    60.8   -49.9    55.4   -74.6    61.2   -70.2    22.3    83.2
 11844    58.7   -40.9    60.5   -51.8    55.2   -74.9    60.9   -70.8    22.4    83.3
 11848    58.3   -43.6    60.1   -53.6    55.0   -75.2    60.7   -71.3    22.5    83.3
 11852    57.9   -46.1    59.7   -55.3    54.9   -75.5    60.5   -71.8    22.6    83.4
 11855    57.6   -48.3    59.4   -56.8    54.7   -75.8    60.3   -72.3    22.6    83.5
 11859    57.2   -50.4    59.0   -58.2    54.5   -76.1    60.0   -72.7    22.7    83.5
 11863    56.8   -52.3    58.7   -59.6    54.3   -76.4    59.8   -73.1    22.8    83.6
 11867    56.4   -54.1    58.4   -60.8    54.1   -76.6    59.6   -73.5    22.9    83.6
 11871    56.1   -55.7    58.1   -61.9    54.0   -76.9    59.4   -73.9    23.0    83.7
 11875    55.7   -57.2    57.7   -62.9    53.8   -77.1    59.2   -74.3    23.1    83.8
 11879    55.4   -58.5    57.4   -63.9    53.6   -77.3    59.0   -74.6    23.1    83.8
 11883    55.1   -59.8    57.1   -64.8    53.5   -77.6    58.8   -75.0    23.2    83.9
 11887    54.7   -61.0    56.9   -65.7    53.3   -77.8    58.6   -75.3    23.3    83.9
 11891    54.4   -62.0    56.6   -66.5    53.2   -78.0    58.5   -75.6    23.4    84.0
 11895    54.1   -63.1    56.3   -67.2    53.0   -78.2    58.3   -75.9    23.5    84.0
 11898    53.8   -64.0    56.0   -67.9    52.9   -78.4    58.1   -76.2    23.5    84.1
 11902    53.5   -64.9    55.8   -68.6    52.7   -78.6    57.9   -76.4    23.6    84.1
 11906    53.2   -65.7    55.5   -69.2    52.6   -78.7    57.7   -76.7    23.7    84.2
 11910    52.9   -66.5    55.3   -69.8    52.4   -78.9    57.6   -77.0    23.8    84.2
 11914    52.7   -67.2    55.0   -70.3    52.3   -79.1    57.4   -77.2    23.8    84.2
 11918    52.4   -67.9    54.8   -70.9    52.1   -79.2    57.3   -77.4    23.9    84.3
 11922    52.1   -68.5    54.6   -71.4    52.0   -79.4    57.1   -77.6    24.0    84.3
 11926    51.9   -69.1    54.3   -71.8    51.9   -79.5    56.9   -77.9    24.1    84.4
 11930    51.6   -69.7    54.1   -72.3    51.7   -79.7    56.8   -78.1    24.1    84.4
 11934    51.4   -70.2    53.9   -72.7    51.6   -79.8    56.6   -78.3    24.2    84.5
 11938    51.1   -70.7    53.7   -73.1    51.5   -80.0    56.5   -78.5    24.3    84.5
 11941    50.9   -71.2    53.5   -73.5    51.3   -80.1    56.3   -78.7    24.4    84.5
 11945    50.7   -71.6    53.3   -73.9    51.2   -80.2    56.2   -78.8    24.4    84.6
 11949    50.4   -72.1    53.1   -74.2    51.1   -80.4    56.1   -79.0    24.5    84.6
 11953    50.2   -72.5    52.9   -74.6    51.0   -80.5    55.9   -79.2    24.6    84.7
 11957    50.0   -72.9    52.7   -74.9    50.8   -80.6    55.8   -79.4    24.6    84.7
 11961    49.8   -73.2    52.5   -75.2    50.7   -80.7    55.6   -79.5    24.7    84.7
 11965    49.6   -73.6    52.3   -75.5    50.6   -80.8    55.5   -79.7    24.8    84.8
 11969    49.4   -73.9    52.1   -75.8    50.5   -80.9    55.4   -79.8    24.8    84.8
 11973    49.2   -74.2    51.9   -76.0    50.4   -81.0    55.2   -80.0    24.9    84.9
 11977    49.0   -74.5    51.8   -76.3    50.3   -81.1    55.1   -80.1    25.0    84.9
 11980    48.8   -74.8    51.6   -76.5    50.1   -81.3    55.0   -80.2    25.0    84.9
 11984    48.6   -75.1    51.4   -76.8    50.0   -81.3    54.9   -80.4    25.1    85.0
 11988    48.4   -75.4    51.3   -77.0    49.9   -81.4    54.7   -80.5    25.2    85.0
 11992    48.2   -75.6    51.1   -77.2    49.8   -81.5    54.6   -80.6    25.2    85.0
 11996    48.0   -75.9    50.9   -77.4    49.7   -81.6    54.5   -80.8    25.3    85.1
 12000    47.9   -76.1    50.8   -77.6    49.6   -81.7    54.4   -80.9    25.4    85.1
 12004    47.7   -76.3    50.6   -77.8    49.5   -81.8    54.3   -81.0    25.4    85.1
 12008    47.5   -76.6    50.5   -78.0    49.4   -81.9    54.1   -81.1    25.5    85.2
 12012    47.4   -76.8    50.3   -78.2    49.3   -82.0    54.0   -81.2    25.6    85.2
 12016    47.2   -77.0    50.2   -78.4    49.2   -82.1    53.9   -81.3    25.6    85.2
 12020    47.0   -77.1    50.0   -78.6    49.1   -82.1    53.8   -81.4    25.7    85.2
 12023    46.9   -77.3    49.9   -78.7    49.0   -82.2    53.7   -81.5    25.7    85.3
 12027    46.7   -77.5    49.7   -78.9    48.9   -82.3    53.6   -81.6    25.8    85.3
 12031    46.5   -77.7    49.6   -79.1    48.8   -82.4    53.5   -81.7    25.9    85.3
 12035    46.4   -77.8    49.4   -79.2    48.7   -82.4    53.4   -81.8    25.9    85.4
 12039    46.2   -78.0    49.3   -79.4    48.6   -82.5    53.3   -81.9    26.0    85.4
 12043    46.1   -78.2    49.2   -79.5    48.5   -82.6    53.2   -82.0    26.1    85.4
 12047    45.9   -78.3    49.0   -79.6    48.4   -82.6    53.1   -82.1    26.1    85.4
 12051    45.8   -78.4    48.9   -79.8    48.3   -82.7    53.0   -82.2    26.2    85.5
 12055    45.6   -78.6    48.8   -79.9    48.2   -82.8    52.9   -82.3    26.2    85.5
 12059    45.5   -78.7    48.6   -80.0    48.1   -82.8    52.8   -82.3    26.3    85.5
 12063    45.3   -78.8    48.5   -80.1    48.0   -82.9    52.7   -82.4    26.3    85.5
 12066    45.2   -79.0    48.4   -80.3    47.9   -82.9    52.6   -82.5    26.4    85.6
 12070    45.0   -79.1    48.3   -80.4    47.8   -83.0    52.5   -82.6    26.5    85.6
 12074    44.9   -79.2    48.1   -80.5    47.7   -83.1    52.4   -82.6    26.5    85.6
 12078    44.8   -79.3    48.0   -80.6    47.6   -83.1    52.3   -82.7    26.6    85.6
 12082    44.6   -79.4    47.9   -80.7    47.5   -83.2    52.2   -82.8    26.6    85.7
 12086    44.5   -79.5    47.8   -80.8    47.5   -83.2    52.1   -82.9    26.7    85.7
 12090    44.4   -79.6    47.7   -80.9    47.4   -83.3    52.0   -82.9    26.7    85.7
 12094    44.2   -79.7    47.5   -81.0    47.3   -83.3    51.9   -83.0    26.8    85.7
 12098    44.1   -79.8    47.4   -81.1    47.2   -83.4    51.8   -83.1    26.9    85.8
 12102    44.0   -79.9    47.3   -81.2    47.1   -83.4    51.7   -83.1    26.9    85.8
 12105    43.8   -80.0    47.2   -81.3    47.0   -83.5    51.6   -83.2    27.0    85.8
 12109    43.7   -80.0    47.1   -81.3    46.9   -83.5    51.5   -83.2    27.0    85.8
 12113    43.6   -80.1    47.0   -81.4    46.9   -83.6    51.5   -83.3    27.1    85.9
 12117    43.5   -80.2    46.9   -81.5    46.8   -83.6    51.4   -83.4    27.1    85.9
 12121    43.3   -80.3    46.8   -81.6    46.7   -83.7    51.3   -83.4    27.2    85.9
 12125    43.2   -80.4    46.6   -81.7    46.6   -83.7    51.2   -83.5    27.2    85.9
 12129    43.1   -80.4    46.5   -81.7    46.5   -83.7    51.1   -83.5    27.3    85.9
 12133    43.0   -80.5    46.4   -81.8    46.5   -83.8    51.0   -83.6    27.3    86.0
 12137    42.8   -80.6    46.3   -81.9    46.4   -83.8    51.0   -83.6    27.4    86.0
 12141    42.7   -80.6    46.2   -82.0    46.3   -83.9    50.9   -83.7    27.4    86.0
 12145    42.6   -80.7    46.1   -82.0    46.2   -83.9    50.8   -83.8    27.5    86.0
 12148    42.5   -80.7    46.0   -82.1    46.1   -84.0    50.7   -83.8    27.6    86.0
 12152    42.3   -80.8    45.9   -82.2    46.1   -84.0    50.6   -83.9    27.6    86.1
 12156    42.2   -80.8    45.8   -82.2    46.0   -84.0    50.5   -83.9    27.7    86.1
 12160    42.1   -80.9    45.7   -82.3    45.9   -84.1    50.5   -84.0    27.7    86.1
 12164    42.0   -80.9    45.6   -82.3    45.8   -84.1    50.4   -84.0    27.8    86.1
 12168    41.9   -81.0    45.5   -82.4    45.7   -84.1    50.3   -84.0    27.8    86.1
 12172    41.8   -81.0    45.4   -82.5    45.7   -84.2    50.2   -84.1    27.9    86.1
 12176    41.6   -81.1    45.3   -82.5    45.6   -84.2    50.2   -84.1    27.9    86.2
 12180    41.5   -81.1    45.2   -82.6    45.5   -84.2    50.1   -84.2    28.0    86.2
 12184    41.4   -81.2    45.1   -82.6    45.4   -84.3    50.0   -84.2    28.0    86.2
 12188    41.3   -81.2    45.0   -82.7    45.4   -84.3    49.9   -84.3    28.1    86.2
 12191    41.2   -81.2    44.9   -82.7    45.3   -84.3    49.9   -84.3    28.1    86.2
 12195    41.1   -81.3    44.8   -82.8    45.2   -84.4    49.8   -84.3    28.2    86.2
 12199    41.0   -81.3    44.7   -82.8    45.2   -84.4    49.7   -84.4    28.2    86.3
 12203    40.9   -81.3    44.7   -82.9    45.1   -84.4    49.6   -84.4    28.2    86.3
 12207    40.7   -81.4    44.6   -82.9    45.0   -84.5    49.6   -84.5    28.3    86.3
 12211    40.6   -81.4    44.5   -83.0    44.9   -84.5    49.5   -84.5    28.3    86.3
 12215    40.5   -81.4    44.4   -83.0    44.9   -84.5    49.4   -84.5    28.4    86.3
 12219    40.4   -81.5    44.3   -83.0    44.8   -84.5    49.4   -84.6    28.4    86.3
 12223    40.3   -81.5    44.2   -83.1    44.7   -84.6    49.3   -84.6    28.5    86.4
 12227    40.2   -81.5    44.1   -83.1    44.7   -84.6    49.2   -84.7    28.5    86.4
 12230    40.1   -81.5    44.0   -83.2    44.6   -84.6    49.2   -84.7    28.6    86.4
 12234    40.0   -81.5    43.9   -83.2    44.5   -84.6    49.1   -84.7    28.6    86.4
 12238    39.9   -81.6    43.8   -83.2    44.4   -84.7    49.0   -84.8    28.7    86.4
 12242    39.8   -81.6    43.8   -83.3    44.4   -84.7    48.9   -84.8    28.7    86.4
 12246    39.6   -81.6    43.7   -83.3    44.3   -84.7    48.9   -84.8    28.8    86.5
 12250    39.5   -81.6    43.6   -83.4    44.2   -84.7    48.8   -84.9    28.8    86.5
 12254    39.4   -81.6    43.5   -83.4    44.2   -84.8    48.7   -84.9    28.9    86.5
 12258    39.3   -81.6    43.4   -83.4    44.1   -84.8    48.7   -84.9    28.9    86.5
 12262    39.2   -81.7    43.3   -83.5    44.0   -84.8    48.6   -84.9    28.9    86.5
 12266    39.1   -81.7    43.2   -83.5    44.0   -84.8    48.5   -85.0    29.0    86.5
 12270    39.0   -81.7    43.2   -83.5    43.9   -84.9    48.5   -85.0    29.0    86.5
 12273    38.9   -81.7    43.1   -83.6    43.8   -84.9    48.4   -85.0    29.1    86.5
 12277    38.8   -81.7    43.0   -83.6    43.8   -84.9    48.4   -85.1    29.1    86.6
 12281    38.7   -81.7    42.9   -83.6    43.7   -84.9    48.3   -85.1    29.2    86.6
 12285    38.6   -81.7    42.8   -83.6    43.6   -84.9    48.2   -85.1    29.2    86.6
 12289    38.5   -81.7    42.8   -83.7    43.6   -85.0    48.2   -85.2    29.3    86.6
 12293    38.4   -81.7    42.7   -83.7    43.5   -85.0    48.1   -85.2    29.3    86.6
 12297    38.2   -81.7    42.6   -83.7    43.4   -85.0    48.0   -85.2    29.3    86.6
 12301    38.1   -81.7    42.5   -83.8    43.4   -85.0    48.0   -85.2    29.4    86.6
 12305    38.0   -81.7    42.4   -83.8    43.3   -85.0    47.9   -85.3    29.4    86.7
 12309    37.9   -81.7    42.3   -83.8    43.3   -85.1    47.9   -85.3    29.5    86.7
 12313    37.8   -81.7    42.3   -83.8    43.2   -85.1    47.8   -85.3    29.5    86.7
 12316    37.7   -81.7    42.2   -83.8    43.1   -85.1    47.7   -85.3    29.6    86.7
 12320    37.6   -81.7    42.1   -83.9    43.1   -85.1    47.7   -85.4    29.6    86.7
 12324    37.5   -81.7    42.0   -83.9    43.0   -85.1    47.6   -85.4    29.7    86.7
 12328    37.4   -81.6    42.0   -83.9    42.9   -85.1    47.6   -85.4    29.7    86.7
 12332    37.3   -81.6    41.9   -83.9    42.9   -85.2    47.5   -85.4    29.7    86.7
 12336    37.2   -81.6    41.8   -84.0    42.8   -85.2    47.4   -85.5    29.8    86.7
 12340    37.1   -81.6    41.7   -84.0    42.7   -85.2    47.4   -85.5    29.8    86.8
 12344    37.0   -81.6    41.6   -84.0    42.7   -85.2    47.3   -85.5    29.9    86.8
 12348    36.8   -81.6    41.6   -84.0    42.6   -85.2    47.3   -85.5    29.9    86.8
 12352    36.7   -81.6    41.5   -84.0    42.6   -85.2    47.2   -85.6    29.9    86.8
 12355    36.6   -81.5    41.4   -84.1    42.5   -85.3    47.2   -85.6    30.0    86.8
 12359    36.5   -81.5    41.3   -84.1    42.4   -85.3    47.1   -85.6    30.0    86.8
 12363    36.4   -81.5    41.3   -84.1    42.4   -85.3    47.0   -85.6    30.1    86.8
 12367    36.3   -81.5    41.2   -84.1    42.3   -85.3    47.0   -85.6    30.1    86.8
 12371    36.2   -81.4    41.1   -84.1    42.3   -85.3    46.9   -85.7    30.2    86.8
 12375    36.1   -81.4    41.0   -84.1    42.2   -85.3    46.9   -85.7    30.2    86.9
 12379    36.0   -81.4    41.0   -84.1    42.1   -85.3    46.8   -85.7    30.2    86.9
 12383    35.9   -81.4    40.9   -84.2    42.1   -85.4    46.8   -85.7    30.3    86.9
 12387    35.8   -81.3    40.8   -84.2    42.0   -85.4    46.7   -85.7    30.3    86.9
 12391    35.6   -81.3    40.7   -84.2    42.0   -85.4    46.6   -85.8    30.4    86.9
 12395    35.5   -81.3    40.7   -84.2    41.9   -85.4    46.6   -85.8    30.4    86.9
 12398    35.4   -81.2    40.6   -84.2    41.8   -85.4    46.5   -85.8    30.4    86.9
 12402    35.3   -81.2    40.5   -84.2    41.8   -85.4    46.5   -85.8    30.5    86.9
 12406    35.2   -81.1    40.4   -84.2    41.7   -85.4    46.4   -85.8    30.5    86.9
 12410    35.1   -81.1    40.4   -84.2    41.7   -85.4    46.4   -85.9    30.6    86.9
 12414    35.0   -81.1    40.3   -84.3    41.6   -85.4    46.3   -85.9    30.6    86.9
 12418    34.8   -81.0    40.2   -84.3    41.5   -85.5    46.3   -85.9    30.6    87.0
 12422    34.7   -81.0    40.1   -84.3    41.5   -85.5    46.2   -85.9    30.7    87.0
 12426    34.6   -80.9    40.1   -84.3    41.4   -85.5    46.2   -85.9    30.7    87.0
 12430    34.5   -80.9    40.0   -84.3    41.4   -85.5    46.1   -85.9    30.7    87.0
 12434    34.4   -80.8    39.9   -84.3    41.3   -85.5    46.1   -86.0    30.8    87.0
 12438    34.3   -80.8    39.8   -84.3    41.3   -85.5    46.0   -86.0    30.8    87.0
 12441    34.1   -80.7    39.8   -84.3    41.2   -85.5    46.0   -86.0    30.9    87.0
 12445    34.0   -80.6    39.7   -84.3    41.1   -85.5    45.9   -86.0    30.9    87.0
 12449    33.9   -80.6    39.6   -84.3    41.1   -85.5    45.9   -86.0    30.9    87.0
 12453    33.8   -80.5    39.5   -84.3    41.0   -85.5    45.8   -86.0    31.0    87.0
 12457    33.7   -80.5    39.5   -84.3    41.0   -85.5    45.8   -86.1    31.0    87.0
 12461    33.5   -80.4    39.4   -84.4    40.9   -85.6    45.7   -86.1    31.1    87.1
 12465    33.4   -80.3    39.3   -84.4    40.9   -85.6    45.7   -86.1    31.1    87.1
 12469    33.3   -80.2    39.3   -84.4    40.8   -85.6    45.6   -86.1    31.1    87.1
 12473    33.2   -80.2    39.2   -84.4    40.7   -85.6    45.6   -86.1    31.2    87.1
 12477    33.0   -80.1    39.1   -84.4    40.7   -85.6    45.5   -86.1    31.2    87.1
 12480    32.9   -80.0    39.0   -84.4    40.6   -85.6    45.5   -86.1    31.2    87.1
 12484    32.8   -79.9    39.0   -84.4    40.6   -85.6    45.4   -86.2    31.3    87.1
 12488    32.7   -79.8    38.9   -84.4    40.5   -85.6    45.4   -86.2    31.3    87.1
 12492    32.5   -79.7    38.8   -84.4    40.5   -85.6    45.3   -86.2    31.4    87.1
 12496    32.4   -79.7    38.8   -84.4    40.4   -85.6    45.3   -86.2    31.4    87.1
 12500    32.3   -79.6    38.7   -84.4    40.3   -85.6    45.2   -86.2    31.4    87.1
 12504    32.1   -79.5    38.6   -84.4    40.3   -85.6    45.2   -86.2    31.5    87.1
 12508    32.0   -79.4    38.5   -84.4    40.2   -85.6    45.1   -86.2    31.5    87.1
 12512    31.9   -79.3    38.5   -84.4    40.2   -85.6    45.1   -86.3    31.5    87.2
 12516    31.7   -79.1    38.4   -84.4    40.1   -85.7    45.0   -86.3    31.6    87.2
 12520    31.6   -79.0    38.3   -84.4    40.1   -85.7    45.0   -86.3    31.6    87.2
 12523    31.5   -78.9    38.3   -84.4    40.0   -85.7    44.9   -86.3    31.6    87.2
 12527    31.3   -78.8    38.2   -84.4    40.0   -85.7    44.9   -86.3    31.7    87.2
 12531    31.2   -78.7    38.1   -84.4    39.9   -85.7    44.8   -86.3    31.7    87.2
 12535    31.0   -78.5    38.0   -84.4    39.8   -85.7    44.8   -86.3    31.8    87.2
 12539    30.9   -78.4    38.0   -84.4    39.8   -85.7    44.7   -86.3    31.8    87.2
 12543    30.7   -78.3    37.9   -84.4    39.7   -85.7    44.7   -86.4    31.8    87.2
 12547    30.6   -78.1    37.8   -84.4    39.7   -85.7    44.6   -86.4    31.9    87.2
 12551    30.4   -78.0    37.7   -84.4    39.6   -85.7    44.6   -86.4    31.9    87.2
 12555    30.3   -77.8    37.7   -84.4    39.6   -85.7    44.5   -86.4    31.9    87.2
 12559    30.1   -77.6    37.6   -84.4    39.5   -85.7    44.5   -86.4    32.0    87.2
 12563    30.0   -77.5    37.5   -84.4    39.5   -85.7    44.5   -86.4    32.0    87.2
 12566    29.8   -77.3    37.5   -84.4    39.4   -85.7    44.4   -86.4    32.0    87.3
 12570    29.7   -77.1    37.4   -84.4    39.3   -85.7    44.4   -86.4    32.1    87.3
 12574    29.5   -76.9    37.3   -84.3    39.3   -85.7    44.3   -86.4    32.1    87.3
 12578    29.3   -76.7    37.2   -84.3    39.2   -85.7    44.3   -86.5    32.1    87.3
 12582    29.2   -76.5    37.2   -84.3    39.2   -85.7    44.2   -86.5    32.2    87.3
 12586    29.0   -76.3    37.1   -84.3    39.1   -85.7    44.2   -86.5    32.2    87.3
 12590    28.8   -76.1    37.0   -84.3    39.1   -85.7    44.1   -86.5    32.2    87.3
 12594    28.7   -75.9    37.0   -84.3    39.0   -85.7    44.1   -86.5    32.3    87.3
 12598    28.5   -75.6    36.9   -84.3    39.0   -85.7    44.0   -86.5    32.3    87.3
 12602    28.3   -75.4    36.8   -84.3    38.9   -85.7    44.0   -86.5    32.4    87.3
 12605    28.1   -75.1    36.7   -84.3    38.9   -85.7    44.0   -86.5    32.4    87.3
 12609    27.9   -74.8    36.7   -84.3    38.8   -85.7    43.9   -86.5    32.4    87.3
 12613    27.7   -74.5    36.6   -84.3    38.7   -85.7    43.9   -86.5    32.5    87.3
 12617    27.6   -74.2    36.5   -84.3    38.7   -85.7    43.8   -86.6    32.5    87.3
 12621    27.4   -73.9    36.4   -84.3    38.6   -85.7    43.8   -86.6    32.5    87.3
 12625    27.2   -73.6    36.4   -84.2    38.6   -85.7    43.7   -86.6    32.6    87.3
 12629    27.0   -73.3    36.3   -84.2    38.5   -85.7    43.7   -86.6    32.6    87.3
 12633    26.7   -72.9    36.2   -84.2    38.5   -85.7    43.6   -86.6    32.6    87.4
 12637    26.5   -72.5    36.1   -84.2    38.4   -85.7    43.6   -86.6    32.7    87.4
 12641    26.3   -72.1    36.1   -84.2    38.4   -85.7    43.6   -86.6    32.7    87.4
 12645    26.1   -71.7    36.0   -84.2    38.3   -85.7    43.5   -86.6    32.7    87.4
 12648    25.9   -71.3    35.9   -84.2    38.3   -85.7    43.5   -86.6    32.8    87.4
 12652    25.7   -70.8    35.9   -84.2    38.2   -85.7    43.4   -86.6    32.8    87.4
 12656    25.4   -70.3    35.8   -84.1    38.1   -85.7    43.4   -86.6    32.8    87.4
 12660    25.2   -69.8    35.7   -84.1    38.1   -85.7    43.3   -86.7    32.9    87.4
 12664    25.0   -69.3    35.6   -84.1    38.0   -85.7    43.3   -86.7    32.9    87.4
 12668    24.7   -68.7    35.6   -84.1    38.0   -85.7    43.3   -86.7    32.9    87.4
 12672    24.5   -68.1    35.5   -84.1    37.9   -85.7    43.2   -86.7    33.0    87.4
 12676    24.2   -67.5    35.4   -84.1    37.9   -85.7    43.2   -86.7    33.0    87.4
 12680    23.9   -66.8    35.3   -84.0    37.8   -85.7    43.1   -86.7    33.0    87.4
 12684    23.7   -66.0    35.2   -84.0    37.8   -85.7    43.1   -86.7    33.1    87.4
 12688    23.4   -65.3    35.2   -84.0    37.7   -85.7    43.0   -86.7    33.1    87.4
 12691    23.1   -64.4    35.1   -84.0    37.7   -85.7    43.0   -86.7    33.1    87.4
 12695    22.8   -63.6    35.0   -84.0    37.6   -85.7    43.0   -86.7    33.2    87.4
 12699    22.5   -62.6    34.9   -83.9    37.5   -85.7    42.9   -86.7    33.2    87.4
 12703    22.2   -61.6    34.9   -83.9    37.5   -85.7    42.9   -86.7    33.2    87.4
 12707    21.9   -60.5    34.8   -83.9    37.4   -85.7    42.8   -86.7    33.3    87.4
 12711    21.6   -59.3    34.7   -83.9    37.4   -85.7    42.8   -86.7    33.3    87.5
 12715    21.3   -58.1    34.6   -83.9    37.3   -85.7    42.8   -86.8    33.3    87.5
 12719    20.9   -56.7    34.6   -83.8    37.3   -85.7    42.7   -86.8    33.4    87.5
 12723    20.6   -55.2    34.5   -83.8    37.2   -85.7    42.7   -86.8    33.4    87.5
 12727    20.2   -53.7    34.4   -83.8    37.2   -85.7    42.6   -86.8    33.4    87.5
 12730    19.9   -51.9    34.3   -83.8    37.1   -85.7    42.6   -86.8    33.4    87.5
 12734    19.5   -50.1    34.2   -83.7    37.0   -85.7    42.6   -86.8    33.5    87.5
 12738    19.2   -48.0    34.2   -83.7    37.0   -85.7    42.5   -86.8    33.5    87.5
 12742    18.8   -45.8    34.1   -83.7    36.9   -85.7    42.5   -86.8    33.5    87.5
 12746    18.4   -43.4    34.0   -83.7    36.9   -85.7    42.4   -86.8    33.6    87.5
 12750    18.1   -40.8    33.9   -83.6    36.8   -85.7    42.4   -86.8    33.6    87.5
 12754    17.7   -37.9    33.8   -83.6    36.8   -85.7    42.3   -86.8    33.6    87.5
 12758    17.3   -34.8    33.8   -83.6    36.7   -85.6    42.3   -86.8    33.7    87.5
 12762    17.0   -31.5    33.7   -83.5    36.7   -85.6    42.3   -86.8    33.7    87.5
 12766    16.7   -27.9    33.6   -83.5    36.6   -85.6    42.2   -86.8    33.7    87.5
 12770    16.4   -24.0    33.5   -83.5    36.6   -85.6    42.2   -86.8    33.8    87.5
 12773    16.2   -19.9    33.4   -83.4    36.5   -85.6    42.1   -86.8    33.8    87.5
 12777    15.9   -15.5    33.3   -83.4    36.4   -85.6    42.1   -86.9    33.8    87.5
 12781    15.8   -11.0    33.3   -83.4    36.4   -85.6    42.1   -86.9    33.9    87.5
 12785    15.7    -6.3    33.2   -83.3    36.3   -85.6    42.0   -86.9    33.9    87.5
 12789    15.6    -1.5    33.1   -83.3    36.3   -85.6    42.0   -86.9    33.9    87.5
 12793    15.6     3.2    33.0   -83.3    36.2   -85.6    41.9   -86.9    34.0    87.5
 12797    15.7     8.0    32.9   -83.2    36.2   -85.6    41.9   -86.9    34.0    87.5
 12801    15.8    12.6    32.8   -83.2    36.1   -85.6    41.9   -86.9    34.0    87.5
 12805    16.0    17.1    32.7   -83.2    36.0   -85.6    41.8   -86.9    34.0    87.5
 12809    16.2    21.3    32.7   -83.1    36.0   -85.6    41.8   -86.9    34.1    87.6
 12813    16.5    25.4    32.6   -83.1    35.9   -85.6    41.8   -86.9    34.1    87.6
 12816    16.8    29.1    32.5   -83.0    35.9   -85.5    41.7   -86.9    34.1    87.6
 12820    17.1    32.6    32.4   -83.0    35.8   -85.5    41.7   -86.9    34.2    87.6
 12824    17.5    35.9    32.3   -83.0    35.8   -85.5    41.6   -86.9    34.2    87.6
 12828    17.8    38.9    32.2   -82.9    35.7   -85.5    41.6   -86.9    34.2    87.6
 12832    18.2    41.6    32.1   -82.9    35.7   -85.5    41.6   -86.9    34.3    87.6
 12836    18.6    44.2    32.0   -82.8    35.6   -85.5    41.5   -86.9    34.3    87.6
 12840    18.9    46.5    32.0   -82.8    35.5   -85.5    41.5   -86.9    34.3    87.6
 12844    19.3    48.6    31.9   -82.7    35.5   -85.5    41.4   -86.9    34.4    87.6
 12848    19.7    50.6    31.8   -82.7    35.4   -85.5    41.4   -86.9    34.4    87.6
 12852    20.0    52.4    31.7   -82.6    35.4   -85.5    41.4   -86.9    34.4    87.6
 12855    20.4    54.1    31.6   -82.6    35.3   -85.4    41.3   -87.0    34.4    87.6
 12859    20.7    55.6    31.5   -82.5    35.3   -85.4    41.3   -87.0    34.5    87.6
 12863    21.1    57.1    31.4   -82.5    35.2   -85.4    41.2   -87.0    34.5    87.6
 12867    21.4    58.4    31.3   -82.4    35.1   -85.4    41.2   -87.0    34.5    87.6
 12871    21.7    59.6    31.2   -82.3    35.1   -85.4    41.2   -87.0    34.6    87.6
 12875    22.0    60.7    31.1   -82.3    35.0   -85.4    41.1   -87.0    34.6    87.6
 12879    22.3    61.8    31.0   -82.2    35.0   -85.4    41.1   -87.0    34.6    87.6
 12883    22.6    62.8    30.9   -82.2    34.9   -85.4    41.1   -87.0    34.7    87.6
 12887    22.9    63.7    30.8   -82.1    34.8   -85.4    41.0   -87.0    34.7    87.6
 12891    23.2    64.6    30.7   -82.0    34.8   -85.3    41.0   -87.0    34.7    87.6
 12895    23.5    65.4    30.6   -82.0    34.7   -85.3    40.9   -87.0    34.8    87.6
 12898    23.8    66.1    30.5   -81.9    34.7   -85.3    40.9   -87.0    34.8    87.6
 12902    24.0    66.8    30.4   -81.8    34.6   -85.3    40.9   -87.0    34.8    87.6
 12906    24.3    67.5    30.3   -81.8    34.5   -85.3    40.8   -87.0    34.8    87.6
 12910    24.6    68.1    30.2   -81.7    34.5   -85.3    40.8   -87.0    34.9    87.6
 12914    24.8    68.7    30.1   -81.6    34.4   -85.3    40.8   -87.0    34.9    87.6
 12918    25.0    69.3    30.0   -81.5    34.4   -85.3    40.7   -87.0    34.9    87.6
 12922    25.3    69.8    29.9   -81.5    34.3   -85.2    40.7   -87.0    35.0    87.6
 12926    25.5    70.3    29.8   -81.4    34.2   -85.2    40.6   -87.0    35.0    87.6
 12930    25.8    70.8    29.7   -81.3    34.2   -85.2    40.6   -87.0    35.0    87.6
 12934    26.0    71.2    29.6   -81.2    34.1   -85.2    40.6   -87.0    35.1    87.6
 12938    26.2    71.7    29.4   -81.1    34.1   -85.2    40.5   -87.0    35.1    87.6
 12941    26.4    72.1    29.3   -81.0    34.0   -85.2    40.5   -87.0    35.1    87.7
 12945    26.6    72.5    29.2   -80.9    33.9   -85.1    40.4   -87.0    35.1    87.7
 12949    26.8    72.8    29.1   -80.8    33.9   -85.1    40.4   -87.0    35.2    87.7
 12953    27.0    73.2    29.0   -80.7    33.8   -85.1    40.4   -87.0    35.2    87.7
 12957    27.2    73.5    28.9   -80.6    33.8   -85.1    40.3   -87.0    35.2    87.7
 12961    27.4    73.8    28.8   -80.5    33.7   -85.1    40.3   -87.0    35.3    87.7
 12965    27.6    74.2    28.6   -80.4    33.6   -85.1    40.3   -87.0    35.3    87.7
 12969    27.8    74.4    28.5   -80.3    33.6   -85.0    40.2   -87.0    35.3    87.7
 12973    28.0    74.7    28.4   -80.2    33.5   -85.0    40.2   -87.1    35.3    87.7
 12977    28.2    75.0    28.3   -80.1    33.4   -85.0    40.2   -87.1    35.4    87.7
 12980    28.4    75.2    28.2   -80.0    33.4   -85.0    40.1   -87.1    35.4    87.7
 12984    28.5    75.5    28.0   -79.8    33.3   -85.0    40.1   -87.1    35.4    87.7
 12988    28.7    75.7    27.9   -79.7    33.3   -84.9    40.0   -87.1    35.5    87.7
 12992    28.9    76.0    27.8   -79.6    33.2   -84.9    40.0   -87.1    35.5    87.7
 12996    29.1    76.2    27.6   -79.5    33.1   -84.9    40.0   -87.1    35.5    87.7
 13000    29.2    76.4    27.5   -79.3    33.1   -84.9    39.9   -87.1    35.6    87.7
 13004    29.4    76.6    27.4   -79.2    33.0   -84.9    39.9   -87.1    35.6    87.7
 13008    29.6    76.8    27.2   -79.0    32.9   -84.8    39.9   -87.1    35.6    87.7
 13012    29.7    77.0    27.1   -78.9    32.9   -84.8    39.8   -87.1    35.6    87.7
 13016    29.9    77.1    27.0   -78.7    32.8   -84.8    39.8   -87.1    35.7    87.7
 13020    30.0    77.3    26.8   -78.6    32.7   -84.8    39.7   -87.1    35.7    87.7
 13023    30.2    77.5    26.7   -78.4    32.7   -84.7    39.7   -87.1    35.7    87.7
 13027    30.3    77.6    26.5   -78.2    32.6   -84.7    39.7   -87.1    35.8    87.7
 13031    30.5    77.8    26.4   -78.0    32.5   -84.7    39.6   -87.1    35.8    87.7
 13035    30.6    77.9    26.3   -77.9    32.5   -84.7    39.6   -87.1    35.8    87.7
 13039    30.8    78.1    26.1   -77.7    32.4   -84.7    39.6   -87.1    35.8    87.7
 13043    30.9    78.2    26.0   -77.5    32.3   -84.6    39.5   -87.1    35.9    87.7
 13047    31.1    78.4    25.8   -77.3    32.3   -84.6    39.5   -87.1    35.9    87.7
 13051    31.2    78.5    25.6   -77.1    32.2   -84.6    39.5   -87.1    35.9    87.7
 13055    31.4    78.6    25.5   -76.8    32.1   -84.5    39.4   -87.1    36.0    87.7
 13059    31.5    78.7    25.3   -76.6    32.1   -84.5    39.4   -87.1    36.0    87.7
 13063    31.7    78.8    25.2   -76.4    32.0   -84.5    39.3   -87.1    36.0    87.7
 13066    31.8    79.0    25.0   -76.1    31.9   -84.5    39.3   -87.1    36.0    87.7
 13070    31.9    79.1    24.8   -75.9    31.9   -84.4    39.3   -87.1    36.1    87.7
 13074    32.1    79.2    24.6   -75.6    31.8   -84.4    39.2   -87.1    36.1    87.7
 13078    32.2    79.3    24.5   -75.3    31.7   -84.4    39.2   -87.1    36.1    87.7
 13082    32.3    79.4    24.3   -75.0    31.7   -84.3    39.2   -87.1    36.2    87.7
 13086    32.5    79.5    24.1   -74.7    31.6   -84.3    39.1   -87.1    36.2    87.7
 13090    32.6    79.5    23.9   -74.4    31.5   -84.3    39.1   -87.1    36.2    87.7
 13094    32.7    79.6    23.7   -74.1    31.4   -84.3    39.0   -87.1    36.2    87.7
 13098    32.8    79.7    23.5   -73.7    31.4   -84.2    39.0   -87.1    36.3    87.7
 13102    33.0    79.8    23.3   -73.4    31.3   -84.2    39.0   -87.1    36.3    87.7
 13105    33.1    79.9    23.1   -73.0    31.2   -84.2    38.9   -87.1    36.3    87.7
 13109    33.2    80.0    22.9   -72.6    31.1   -84.1    38.9   -87.1    36.4    87.7
 13113    33.3    80.0    22.7   -72.2    31.1   -84.1    38.9   -87.1    36.4    87.7
 13117    33.5    80.1    22.5   -71.8    31.0   -84.1    38.8   -87.1    36.4    87.7
 13121    33.6    80.2    22.3   -71.3    30.9   -84.0    38.8   -87.1    36.4    87.7
 13125    33.7    80.2    22.1   -70.8    30.9   -84.0    38.8   -87.1    36.5    87.7
 13129    33.8    80.3    21.9   -70.3    30.8   -83.9    38.7   -87.1    36.5    87.7
 13133    34.0    80.4    21.6   -69.8    30.7   -83.9    38.7   -87.1    36.5    87.7
 13137    34.1    80.4    21.4   -69.2    30.6   -83.9    38.6   -87.1    36.6    87.7
 13141    34.2    80.5    21.1   -68.6    30.5   -83.8    38.6   -87.1    36.6    87.7
 13145    34.3    80.5    20.9   -68.0    30.5   -83.8    38.6   -87.1    36.6    87.7
 13148    34.4    80.6    20.6   -67.3    30.4   -83.7    38.5   -87.1    36.6    87.7
 13152    34.5    80.6    20.4   -66.6    30.3   -83.7    38.5   -87.1    36.7    87.7
 13156    34.7    80.7    20.1   -65.9    30.2   -83.7    38.5   -87.1    36.7    87.7
 13160    34.8    80.7    19.8   -65.1    30.2   -83.6    38.4   -87.1    36.7    87.7
 13164    34.9    80.8    19.6   -64.2    30.1   -83.6    38.4   -87.1    36.8    87.7
 13168    35.0    80.8    19.3   -63.3    30.0   -83.5    38.4   -87.1    36.8    87.7
 13172    35.1    80.8    19.0   -62.3    29.9   -83.5    38.3   -87.1    36.8    87.7
 13176    35.2    80.9    18.7   -61.3    29.8   -83.4    38.3   -87.1    36.8    87.7
 13180    35.3    80.9    18.4   -60.2    29.8   -83.4    38.2   -87.1    36.9    87.7
 13184    35.5    81.0    18.1   -59.0    29.7   -83.3    38.2   -87.1    36.9    87.7
 13188    35.6    81.0    17.8   -57.7    29.6   -83.3    38.2   -87.1    36.9    87.7
 13191    35.7    81.0    17.4   -56.3    29.5   -83.2    38.1   -87.1    37.0    87.8
 13195    35.8    81.1    17.1   -54.8    29.4   -83.2    38.1   -87.1    37.0    87.8
 13199    35.9    81.1    16.7   -53.2    29.3   -83.1    38.1   -87.1    37.0    87.8
 13203    36.0    81.1    16.4   -51.4    29.2   -83.1    38.0   -87.1    37.0    87.8
 13207    36.1    81.1    16.0   -49.5    29.2   -83.0    38.0   -87.1    37.1    87.8
 13211    36.2    81.2    15.7   -47.5    29.1   -83.0    38.0   -87.1    37.1    87.8
 13215    36.3    81.2    15.3   -45.2    29.0   -82.9    37.9   -87.1    37.1    87.8
 13219    36.5    81.2    15.0   -42.8    28.9   -82.9    37.9   -87.1    37.1    87.8
 13223    36.6    81.2    14.6   -40.2    28.8   -82.8    37.8   -87.1    37.2    87.8
 13227    36.7    81.3    14.3   -37.3    28.7   -82.7    37.8   -87.1    37.2    87.8
 13230    36.8    81.3    13.9   -34.2    28.6   -82.7    37.8   -87.1    37.2    87.8
 13234    36.9    81.3    13.6   -30.9    28.5   -82.6    37.7   -87.1    37.3    87.8
 13238    37.0    81.3    13.3   -27.3    28.4   -82.5    37.7   -87.1    37.3    87.8
 13242    37.1    81.3    13.0   -23.4    28.4   -82.5    37.7   -87.1    37.3    87.8
 13246    37.2    81.3    12.8   -19.3    28.3   -82.4    37.6   -87.1    37.3    87.8
 13250    37.3    81.3    12.6   -15.0    28.2   -82.3    37.6   -87.1    37.4    87.8
 13254    37.4    81.3    12.4   -10.5    28.1   -82.3    37.6   -87.1    37.4    87.8
 13258    37.5    81.4    12.3    -5.9    28.0   -82.2    37.5   -87.1    37.4    87.8
 13262    37.6    81.4    12.3    -1.2    27.9   -82.1    37.5   -87.1    37.5    87.8
 13266    37.7    81.4    12.3     3.5    27.8   -82.0    37.4   -87.1    37.5    87.8
 13270    37.9    81.4    12.4     8.2    27.7   -82.0    37.4   -87.1    37.5    87.8
 13273    38.0    81.4    12.5    12.7    27.6   -81.9    37.4   -87.1    37.5    87.8
 13277    38.1    81.4    12.7    17.1    27.5   -81.8    37.3   -87.1    37.6    87.8
 13281    38.2    81.4    12.9    21.3    27.4   -81.7    37.3   -87.1    37.6    87.8
 13285    38.3    81.4    13.2    25.3    27.3   -81.6    37.3   -87.1    37.6    87.8
 13289    38.4    81.4    13.5    29.0    27.2   -81.5    37.2   -87.1    37.7    87.8
 13293    38.5    81.4    13.8    32.5    27.1   -81.5    37.2   -87.1    37.7    87.8
 13297    38.6    81.4    14.1    35.7    27.0   -81.4    37.2   -87.1    37.7    87.8
 13301    38.7    81.4    14.4    38.6    26.9   -81.3    37.1   -87.1    37.7    87.8
 13305    38.8    81.3    14.8    41.4    26.7   -81.2    37.1   -87.1    37.8    87.8
 13309    38.9    81.3    15.2    43.9    26.6   -81.1    37.0   -87.1    37.8    87.8
 13313    39.0    81.3    15.5    46.2    26.5   -81.0    37.0   -87.1    37.8    87.8
 13316    39.1    81.3    15.9    48.4    26.4   -80.9    37.0   -87.1    37.8    87.8
 13320    39.2    81.3    16.2    50.4    26.3   -80.8    36.9   -87.1    37.9    87.8
 13324    39.4    81.3    16.6    52.2    26.2   -80.7    36.9   -87.1    37.9    87.8
 13328    39.5    81.3    16.9    53.9    26.1   -80.5    36.9   -87.0    37.9    87.8
 13332    39.6    81.3    17.3    55.4    26.0   -80.4    36.8   -87.0    38.0    87.8
 13336    39.7    81.2    17.6    56.9    25.8   -80.3    36.8   -87.0    38.0    87.8
 13340    39.8    81.2    17.9    58.2    25.7   -80.2    36.8   -87.0    38.0    87.8
 13344    39.9    81.2    18.2    59.4    25.6   -80.1    36.7   -87.0    38.0    87.8
 13348    40.0    81.2    18.5    60.6    25.5   -79.9    36.7   -87.0    38.1    87.8
 13352    40.1    81.1    18.9    61.7    25.4   -79.8    36.6   -87.0    38.1    87.8
 13355    40.2    81.1    19.1    62.7    25.2   -79.7    36.6   -87.0    38.1    87.8
 13359    40.3    81.1    19.4    63.6    25.1   -79.5    36.6   -87.0    38.2    87.8
 13363    40.4    81.1    19.7    64.5    25.0   -79.4    36.5   -87.0    38.2    87.8
 13367    40.6    81.0    20.0    65.3    24.8   -79.2    36.5   -87.0    38.2    87.8
 13371    40.7    81.0    20.3    66.1    24.7   -79.1    36.5   -87.0    38.2    87.8
 13375    40.8    81.0    20.5    66.8    24.6   -78.9    36.4   -87.0    38.3    87.8
 13379    40.9    80.9    20.8    67.5    24.4   -78.8    36.4   -87.0    38.3    87.8
 13383    41.0    80.9    21.0    68.1    24.3   -78.6    36.3   -87.0    38.3    87.8
 13387    41.1    80.9    21.3    68.7    24.2   -78.4    36.3   -87.0    38.3    87.8
 13391    41.2    80.8    21.5    69.3    24.0   -78.2    36.3   -87.0    38.4    87.8
 13395    41.3    80.8    21.7    69.9    23.9   -78.0    36.2   -87.0    38.4    87.8
 13398    41.5    80.7    22.0    70.4    23.7   -77.8    36.2   -87.0    38.4    87.8
 13402    41.6    80.7    22.2    70.9    23.6   -77.6    36.2   -87.0    38.5    87.8
 13406    41.7    80.6    22.4    71.3    23.4   -77.4    36.1   -87.0    38.5    87.8
 13410    41.8    80.6    22.6    71.8    23.3   -77.2    36.1   -87.0    38.5    87.8
 13414    41.9    80.5    22.8    72.2    23.1   -77.0    36.1   -87.0    38.5    87.8
 13418    42.0    80.5    23.1    72.6    23.0   -76.8    36.0   -87.0    38.6    87.8
 13422    42.1    80.4    23.3    73.0    22.8   -76.5    36.0   -87.0    38.6    87.8
 13426    42.3    80.4    23.5    73.4    22.6   -76.3    35.9   -87.0    38.6    87.8
 13430    42.4    80.3    23.6    73.7    22.5   -76.0    35.9   -87.0    38.7    87.8
 13434    42.5    80.2    23.8    74.0    22.3   -75.8    35.9   -87.0    38.7    87.8
 13438    42.6    80.2    24.0    74.4    22.1   -75.5    35.8   -87.0    38.7    87.8
 13441    42.7    80.1    24.2    74.7    22.0   -75.2    35.8   -87.0    38.7    87.7
 13445    42.9    80.0    24.4    75.0    21.8   -74.9    35.7   -87.0    38.8    87.7
 13449    43.0    80.0    24.6    75.3    21.6   -74.6    35.7   -86.9    38.8    87.7
 13453    43.1    79.9    24.7    75.5    21.4   -74.3    35.7   -86.9    38.8    87.7
 13457    43.2    79.8    24.9    75.8    21.2   -73.9    35.6   -86.9    38.9    87.7
 13461    43.4    79.7    25.1    76.0    21.0   -73.6    35.6   -86.9    38.9    87.7
 13465    43.5    79.7    25.2    76.3    20.9   -73.2    35.6   -86.9    38.9    87.7
 13469    43.6    79.6    25.4    76.5    20.7   -72.8    35.5   -86.9    38.9    87.7
 13473    43.7    79.5    25.6    76.7    20.5   -72.4    35.5   -86.9    39.0    87.7
 13477    43.9    79.4    25.7    77.0    20.2   -72.0    35.4   -86.9    39.0    87.7
 13480    44.0    79.3    25.9    77.2    20.0   -71.5    35.4   -86.9    39.0    87.7
 13484    44.1    79.2    26.0    77.4    19.8   -71.0    35.4   -86.9    39.0    87.7
 13488    44.3    79.1    26.2    77.6    19.6   -70.6    35.3   -86.9    39.1    87.7
 13492    44.4    79.0    26.3    77.7    19.4   -70.0    35.3   -86.9    39.1    87.7
 13496    44.5    78.9    26.5    77.9    19.1   -69.5    35.3   -86.9    39.1    87.7
 13500    44.7    78.8    26.6    78.1    18.9   -68.9    35.2   -86.9    39.2    87.7
 13504    44.8    78.7    26.8    78.3    18.7   -68.3    35.2   -86.9    39.2    87.7
 13508    44.9    78.5    26.9    78.4    18.4   -67.6    35.1   -86.9    39.2    87.7
 13512    45.1    78.4    27.0    78.6    18.2   -67.0    35.1   -86.9    39.2    87.7
 13516    45.2    78.3    27.2    78.7    17.9   -66.2    35.1   -86.9    39.3    87.7
 13520    45.4    78.1    27.3    78.9    17.6   -65.5    35.0   -86.9    39.3    87.7
 13523    45.5    78.0    27.5    79.0    17.4   -64.6    35.0   -86.9    39.3    87.7
 13527    45.7    77.9    27.6    79.2    17.1   -63.8    34.9   -86.9    39.4    87.7
 13531    45.8    77.7    27.7    79.3    16.8   -62.8    34.9   -86.8    39.4    87.7
 13535    46.0    77.6    27.8    79.4    16.5   -61.8    34.9   -86.8    39.4    87.7
 13539    46.1    77.4    28.0    79.6    16.2   -60.7    34.8   -86.8    39.4    87.7
 13543    46.3    77.2    28.1    79.7    15.9   -59.6    34.8   -86.8    39.5    87.7
 13547    46.4    77.1    28.2    79.8    15.6   -58.4    34.8   -86.8    39.5    87.7
 13551    46.6    76.9    28.3    79.9    15.3   -57.0    34.7   -86.8    39.5    87.7
 13555    46.7    76.7    28.5    80.0    14.9   -55.6    34.7   -86.8    39.6    87.7
 13559    46.9    76.5    28.6    80.2    14.6   -54.1    34.6   -86.8    39.6    87.7
 13563    47.1    76.3    28.7    80.3    14.3   -52.4    34.6   -86.8    39.6    87.7
 13566    47.2    76.1    28.8    80.4    13.9   -50.6    34.6   -86.8    39.6    87.7
 13570    47.4    75.9    28.9    80.5    13.6   -48.7    34.5   -86.8    39.7    87.7
 13574    47.6    75.7    29.1    80.6    13.2   -46.5    34.5   -86.8    39.7    87.7
 13578    47.7    75.4    29.2    80.7    12.9   -44.2    34.4   -86.8    39.7    87.7
 13582    47.9    75.2    29.3    80.8    12.5   -41.8    34.4   -86.8    39.7    87.7
 13586    48.1    74.9    29.4    80.8    12.2   -39.1    34.4   -86.8    39.8    87.7
 13590    48.3    74.7    29.5    80.9    11.8   -36.1    34.3   -86.8    39.8    87.7
 13594    48.4    74.4    29.6    81.0    11.5   -33.0    34.3   -86.7    39.8    87.7
 13598    48.6    74.1    29.7    81.1    11.2   -29.6    34.2   -86.7    39.9    87.7
 13602    48.8    73.8    29.8    81.2    10.9   -25.9    34.2   -86.7    39.9    87.7
 13605    49.0    73.5    29.9    81.3    10.6   -22.0    34.2   -86.7    39.9    87.7
 13609    49.2    73.1    30.0    81.3    10.4   -17.9    34.1   -86.7    39.9    87.7
 13613    49.4    72.8    30.2    81.4    10.2   -13.6    34.1   -86.7    40.0    87.7
 13617    49.6    72.4    30.3    81.5    10.1    -9.1    34.0   -86.7    40.0    87.7
 13621    49.8    72.0    30.4    81.6    10.0    -4.6    34.0   -86.7    40.0    87.7
 13625    50.0    71.6    30.5    81.6    10.0     0.1    34.0   -86.7    40.1    87.7
 13629    50.2    71.2    30.6    81.7    10.0     4.7    33.9   -86.7    40.1    87.7
 13633    50.5    70.8    30.7    81.8    10.1     9.3    33.9   -86.7    40.1    87.7
 13637    50.7    70.3    30.8    81.8    10.2    13.8    33.8   -86.7    40.1    87.7
 13641    50.9    69.8    30.9    81.9    10.4    18.1    33.8   -86.7    40.2    87.7
 13645    51.1    69.3    31.0    82.0    10.7    22.2    33.7   -86.6    40.2    87.7
 13648    51.4    68.7    31.1    82.0    10.9    26.0    33.7   -86.6    40.2    87.7
 13652    51.6    68.2    31.2    82.1    11.2    29.6    33.7   -86.6    40.3    87.7
 13656    51.9    67.6    31.3    82.1    11.5    33.0    33.6   -86.6    40.3    87.7
 13660    52.1    66.9    31.3    82.2    11.9    36.2    33.6   -86.6    40.3    87.7
 13664    52.4    66.2    31.4    82.3    12.2    39.1    33.5   -86.6    40.3    87.7
 13668    52.7    65.5    31.5    82.3    12.5    41.8    33.5   -86.6    40.4    87.7
 13672    52.9    64.7    31.6    82.4    12.9    44.2    33.5   -86.6    40.4    87.7
 13676    53.2    63.9    31.7    82.4    13.3    46.5    33.4   -86.6    40.4    87.7
 13680    53.5    63.0    31.8    82.5    13.6    48.6    33.4   -86.6    40.5    87.7
 13684    53.8    62.1    31.9    82.5    14.0    50.5    33.3   -86.6    40.5    87.7
 13688    54.1    61.0    32.0    82.6    14.3    52.3    33.3   -86.6    40.5    87.7
 13691    54.4    60.0    32.1    82.6    14.6    54.0    33.2   -86.5    40.5    87.7
 13695    54.7    58.8    32.2    82.6    15.0    55.5    33.2   -86.5    40.6    87.6
 13699    55.0    57.5    32.3    82.7    15.3    56.9    33.2   -86.5    40.6    87.6
 13703    55.3    56.2    32.4    82.7    15.6    58.3    33.1   -86.5    40.6    87.6
 13707    55.7    54.7    32.4    82.8    15.9    59.5    33.1   -86.5    40.7    87.6
 13711    56.0    53.2    32.5    82.8    16.2    60.6    33.0   -86.5    40.7    87.6
 13715    56.3    51.5    32.6    82.9    16.5    61.7    33.0   -86.5    40.7    87.6
 13719    56.7    49.6    32.7    82.9    16.8    62.7    32.9   -86.5    40.7    87.6
 13723    57.0    47.7    32.8    82.9    17.1    63.6    32.9   -86.5    40.8    87.6
 13727    57.4    45.5    32.9    83.0    17.4    64.5    32.9   -86.5    40.8    87.6
 13730    57.8    43.2    33.0    83.0    17.7    65.3    32.8   -86.4    40.8    87.6
 13734    58.1    40.6    33.0    83.1    17.9    66.1    32.8   -86.4    40.9    87.6
 13738    58.4    37.9    33.1    83.1    18.2    66.8    32.7   -86.4    40.9    87.6
 13742    58.8    34.9    33.2    83.1    18.4    67.5    32.7   -86.4    40.9    87.6
 13746    59.1    31.7    33.3    83.2    18.7    68.1    32.6   -86.4    41.0    87.6
 13750    59.4    28.2    33.4    83.2    18.9    68.7    32.6   -86.4    41.0    87.6
 13754    59.7    24.5    33.5    83.2    19.2    69.3    32.6   -86.4    41.0    87.6
 13758    59.9    20.6    33.6    83.2    19.4    69.9    32.5   -86.4    41.0    87.6
 13762    60.2    16.4    33.6    83.3    19.6    70.4    32.5   -86.4    41.1    87.6
 13766    60.3    12.1    33.7    83.3    19.8    70.9    32.4   -86.3    41.1    87.6
 13770    60.4     7.6    33.8    83.3    20.0    71.4    32.4   -86.3    41.1    87.6
 13773    60.5     3.0    33.9    83.4    20.3    71.8    32.3   -86.3    41.2    87.6
 13777    60.5    -1.6    34.0    83.4    20.5    72.2    32.3   -86.3    41.2    87.6
 13781    60.5    -6.2    34.0    83.4    20.7    72.6    32.2   -86.3    41.2    87.6
 13785    60.4   -10.7    34.1    83.4    20.9    73.0    32.2   -86.3    41.2    87.6
 13789    60.2   -15.1    34.2    83.5    21.1    73.4    32.1   -86.3    41.3    87.6
 13793    60.0   -19.3    34.3    83.5    21.3    73.7    32.1   -86.3    41.3    87.6
 13797    59.8   -23.3    34.4    83.5    21.4    74.1    32.1   -86.3    41.3    87.6
 13801    59.5   -27.0    34.4    83.5    21.6    74.4    32.0   -86.2    41.4    87.6
 13805    59.2   -30.5    34.5    83.6    21.8    74.7    32.0   -86.2    41.4    87.6
 13809    58.9   -33.8    34.6    83.6    22.0    75.0    31.9   -86.2    41.4    87.6
 13813    58.5   -36.9    34.7    83.6    22.2    75.3    31.9   -86.2    41.5    87.6
 13816    58.2   -39.7    34.7    83.6    22.3    75.6    31.8   -86.2    41.5    87.6
 13820    57.8   -42.3    34.8    83.7    22.5    75.9    31.8   -86.2    41.5    87.6
 13824    57.5   -44.7    34.9    83.7    22.7    76.1    31.7   -86.2    41.5    87.6
 13828    57.1   -46.9    35.0    83.7    22.8    76.4    31.7   -86.1    41.6    87.6
 13832    56.8   -48.9    35.1    83.7    23.0    76.6    31.6   -86.1    41.6    87.5
 13836    56.4   -50.8    35.1    83.7    23.1    76.8    31.6   -86.1    41.6    87.5
 13840    56.1   -52.5    35.2    83.7    23.3    77.0    31.5   -86.1    41.7    87.5
 13844    55.8   -54.1    35.3    83.8    23.4    77.3    31.5   -86.1    41.7    87.5
 13848    55.4   -55.6    35.4    83.8    23.6    77.5    31.4   -86.1    41.7    87.5
 13852    55.1   -57.0    35.4    83.8    23.7    77.7    31.4   -86.1    41.8    87.5
 13855    54.8   -58.3    35.5    83.8    23.9    77.8    31.4   -86.0    41.8    87.5
 13859    54.5   -59.4    35.6    83.8    24.0    78.0    31.3   -86.0    41.8    87.5
 13863    54.2   -60.6    35.7    83.8    24.2    78.2    31.3   -86.0    41.8    87.5
 13867    53.9   -61.6    35.7    83.9    24.3    78.4    31.2   -86.0    41.9    87.5
 13871    53.6   -62.5    35.8    83.9    24.5    78.6    31.2   -86.0    41.9    87.5
 13875    53.3   -63.4    35.9    83.9    24.6    78.7    31.1   -86.0    41.9    87.5
 13879    53.0   -64.3    36.0    83.9    24.7    78.9    31.1   -86.0    42.0    87.5
 13883    52.7   -65.1    36.0    83.9    24.9    79.0    31.0   -85.9    42.0    87.5
 13887    52.5   -65.8    36.1    83.9    25.0    79.2    31.0   -85.9    42.0    87.5
 13891    52.2   -66.5    36.2    83.9    25.1    79.3    30.9   -85.9    42.1    87.5
 13895    51.9   -67.2    36.3    83.9    25.2    79.5    30.9   -85.9    42.1    87.5
 13898    51.7   -67.8    36.3    84.0    25.4    79.6    30.8   -85.9    42.1    87.5
 13902    51.5   -68.4    36.4    84.0    25.5    79.7    30.8   -85.9    42.1    87.5
 13906    51.2   -68.9    36.5    84.0    25.6    79.9    30.7   -85.8    42.2    87.5
 13910    51.0   -69.5    36.6    84.0    25.7    80.0    30.7   -85.8    42.2    87.5
 13914    50.8   -70.0    36.6    84.0    25.8    80.1    30.6   -85.8    42.2    87.5
 13918    50.5   -70.4    36.7    84.0    26.0    80.2    30.6   -85.8    42.3    87.5
 13922    50.3   -70.9    36.8    84.0    26.1    80.3    30.5   -85.8    42.3    87.5
 13926    50.1   -71.3    36.8    84.0    26.2    80.5    30.5   -85.7    42.3    87.5
 13930    49.9   -71.7    36.9    84.0    26.3    80.6    30.4   -85.7    42.4    87.4
 13934    49.7   -72.1    37.0    84.0    26.4    80.7    30.4   -85.7    42.4    87.4
 13938    49.5   -72.5    37.1    84.0    26.5    80.8    30.3   -85.7    42.4    87.4
 13941    49.3   -72.8    37.1    84.0    26.6    80.9    30.2   -85.7    42.5    87.4
 13945    49.1   -73.2    37.2    84.0    26.8    81.0    30.2   -85.6    42.5    87.4
 13949    48.9   -73.5    37.3    84.0    26.9    81.1    30.1   -85.6    42.5    87.4
 13953    48.7   -73.8    37.3    84.1    27.0    81.2    30.1   -85.6    42.6    87.4
 13957    48.5   -74.1    37.4    84.1    27.1    81.3    30.0   -85.6    42.6    87.4
 13961    48.3   -74.4    37.5    84.1    27.2    81.3    30.0   -85.6    42.6    87.4
 13965    48.1   -74.6    37.6    84.1    27.3    81.4    29.9   -85.5    42.6    87.4
 13969    48.0   -74.9    37.6    84.1    27.4    81.5    29.9   -85.5    42.7    87.4
 13973    47.8   -75.1    37.7    84.1    27.5    81.6    29.8   -85.5    42.7    87.4
 13977    47.6   -75.4    37.8    84.1    27.6    81.7    29.8   -85.5    42.7    87.4
 13980    47.4   -75.6    37.9    84.1    27.7    81.8    29.7   -85.5    42.8    87.4
 13984    47.3   -75.8    37.9    84.1    27.8    81.8    29.7   -85.4    42.8    87.4
 13988    47.1   -76.0    38.0    84.1    27.9    81.9    29.6   -85.4    42.8    87.4
 13992    46.9   -76.2    38.1    84.1    28.0    82.0    29.5   -85.4    42.9    87.4
 13996    46.8   -76.4    38.1    84.1    28.1    82.1    29.5   -85.4    42.9    87.4
 14000    46.6   -76.6    38.2    84.1    28.2    82.1    29.4   -85.3    42.9    87.4
 14004    46.5   -76.8    38.3    84.1    28.3    82.2    29.4   -85.3    43.0    87.4
 14008    46.3   -77.0    38.4    84.1    28.4    82.3    29.3   -85.3    43.0    87.4
 14012    46.2   -77.1    38.4    84.1    28.5    82.3    29.3   -85.3    43.0    87.3
 14016    46.0   -77.3    38.5    84.1    28.5    82.4    29.2   -85.2    43.1    87.3
 14020    45.8   -77.5    38.6    84.1    28.6    82.5    29.1   -85.2    43.1    87.3
 14023    45.7   -77.6    38.6    84.1    28.7    82.5    29.1   -85.2    43.1    87.3
 14027    45.6   -77.7    38.7    84.1    28.8    82.6    29.0   -85.2    43.2    87.3
 14031    45.4   -77.9    38.8    84.1    28.9    82.6    29.0   -85.1    43.2    87.3
 14035    45.3   -78.0    38.9    84.1    29.0    82.7    28.9   -85.1    43.2    87.3
 14039    45.1   -78.2    38.9    84.0    29.1    82.8    28.9   -85.1    43.3    87.3
 14043    45.0   -78.3    39.0    84.0    29.2    82.8    28.8   -85.1    43.3    87.3
 14047    44.8   -78.4    39.1    84.0    29.3    82.9    28.7   -85.0    43.3    87.3
 14051    44.7   -78.5    39.1    84.0    29.3    82.9    28.7   -85.0    43.4    87.3
 14055    44.6   -78.6    39.2    84.0    29.4    83.0    28.6   -85.0    43.4    87.3
 14059    44.4   -78.7    39.3    84.0    29.5    83.0    28.5   -84.9    43.4    87.3
 14063    44.3   -78.8    39.4    84.0    29.6    83.1    28.5   -84.9    43.5    87.3
 14066    44.2   -78.9    39.4    84.0    29.7    83.1    28.4   -84.9    43.5    87.3
 14070    44.0   -79.0    39.5    84.0    29.8    83.2    28.4   -84.9    43.5    87.3
 14074    43.9   -79.1    39.6    84.0    29.8    83.2    28.3   -84.8    43.6    87.3
 14078    43.8   -79.2    39.7    84.0    29.9    83.3    28.2   -84.8    43.6    87.2
 14082    43.7   -79.3    39.7    84.0    30.0    83.3    28.2   -84.8    43.6    87.2
 14086    43.5   -79.4    39.8    84.0    30.1    83.4    28.1   -84.7    43.7    87.2
 14090    43.4   -79.5    39.9    83.9    30.2    83.4    28.0   -84.7    43.7    87.2
 14094    43.3   -79.6    39.9    83.9    30.2    83.4    28.0   -84.7    43.7    87.2
 14098    43.1   -79.6    40.0    83.9    30.3    83.5    27.9   -84.6    43.8    87.2
 14102    43.0   -79.7    40.1    83.9    30.4    83.5    27.9   -84.6    43.8    87.2
 14105    42.9   -79.8    40.2    83.9    30.5    83.6    27.8   -84.6    43.8    87.2
 14109    42.8   -79.9    40.2    83.9    30.6    83.6    27.7   -84.5    43.9    87.2
 14113    42.7   -79.9    40.3    83.9    30.6    83.6    27.7   -84.5    43.9    87.2
 14117    42.5   -80.0    40.4    83.9    30.7    83.7    27.6   -84.4    43.9    87.2
 14121    42.4   -80.0    40.5    83.8    30.8    83.7    27.5   -84.4    44.0    87.2
 14125    42.3   -80.1    40.5    83.8    30.9    83.8    27.5   -84.4    44.0    87.2
 14129    42.2   -80.2    40.6    83.8    30.9    83.8    27.4   -84.3    44.0    87.2
 14133    42.1   -80.2    40.7    83.8    31.0    83.8    27.3   -84.3    44.1    87.2
 14137    41.9   -80.3    40.8    83.8    31.1    83.9    27.3   -84.3    44.1    87.2
 14141    41.8   -80.3    40.8    83.8    31.2    83.9    27.2   -84.2    44.1    87.1
 14145    41.7   -80.4    40.9    83.8    31.2    83.9    27.1   -84.2    44.2    87.1
 14148    41.6   -80.4    41.0    83.7    31.3    84.0    27.0   -84.1    44.2    87.1
 14152    41.5   -80.5    41.1    83.7    31.4    84.0    27.0   -84.1    44.2    87.1
 14156    41.4   -80.5    41.1    83.7    31.4    84.0    26.9   -84.1    44.3    87.1
 14160    41.3   -80.5    41.2    83.7    31.5    84.1    26.8   -84.0    44.3    87.1
 14164    41.1   -80.6    41.3    83.7    31.6    84.1    26.8   -84.0    44.3    87.1
 14168    41.0   -80.6    41.4    83.6    31.7    84.1    26.7   -83.9    44.4    87.1
 14172    40.9   -80.7    41.4    83.6    31.7    84.2    26.6   -83.9    44.4    87.1
 14176    40.8   -80.7    41.5    83.6    31.8    84.2    26.5   -83.8    44.4    87.1
 14180    40.7   -80.7    41.6    83.6    31.9    84.2    26.5   -83.8    44.5    87.1
 14184    40.6   -80.8    41.7    83.6    31.9    84.2    26.4   -83.7    44.5    87.1
 14188    40.5   -80.8    41.8    83.5    32.0    84.3    26.3   -83.7    44.5    87.1
 14191    40.4   -80.8    41.8    83.5    32.1    84.3    26.2   -83.6    44.6    87.0
 14195    40.3   -80.8    41.9    83.5    32.1    84.3    26.2   -83.6    44.6    87.0
 14199    40.1   -80.9    42.0    83.5    32.2    84.3    26.1   -83.5    44.7    87.0
 14203    40.0   -80.9    42.1    83.4    32.3    84.4    26.0   -83.5    44.7    87.0
 14207    39.9   -80.9    42.1    83.4    32.3    84.4    25.9   -83.4    44.7    87.0
 14211    39.8   -80.9    42.2    83.4    32.4    84.4    25.8   -83.4    44.8    87.0
 14215    39.7   -80.9    42.3    83.4    32.5    84.4    25.8   -83.3    44.8    87.0
 14219    39.6   -81.0    42.4    83.3    32.5    84.5    25.7   -83.3    44.8    87.0
 14223    39.5   -81.0    42.5    83.3    32.6    84.5    25.6   -83.2    44.9    87.0
 14227    39.4   -81.0    42.5    83.3    32.7    84.5    25.5   -83.1    44.9    87.0
 14230    39.3   -81.0    42.6    83.2    32.7    84.5    25.4   -83.1    44.9    87.0
 14234    39.2   -81.0    42.7    83.2    32.8    84.6    25.4   -83.0    45.0    87.0
 14238    39.1   -81.0    42.8    83.2    32.9    84.6    25.3   -83.0    45.0    86.9
 14242    39.0   -81.0    42.9    83.1    32.9    84.6    25.2   -82.9    45.1    86.9
 14246    38.9   -81.0    43.0    83.1    33.0    84.6    25.1   -82.8    45.1    86.9
 14250    38.7   -81.1    43.0    83.1    33.1    84.6    25.0   -82.8    45.1    86.9
 14254    38.6   -81.1    43.1    83.0    33.1    84.7    24.9   -82.7    45.2    86.9
 14258    38.5   -81.1    43.2    83.0    33.2    84.7    24.8   -82.6    45.2    86.9
 14262    38.4   -81.1    43.3    83.0    33.3    84.7    24.8   -82.6    45.2    86.9
 14266    38.3   -81.1    43.4    82.9    33.3    84.7    24.7   -82.5    45.3    86.9
 14270    38.2   -81.1    43.5    82.9    33.4    84.7    24.6   -82.4    45.3    86.9
 14273    38.1   -81.1    43.5    82.9    33.5    84.8    24.5   -82.3    45.4    86.9
 14277    38.0   -81.1    43.6    82.8    33.5    84.8    24.4   -82.3    45.4    86.9
 14281    37.9   -81.1    43.7    82.8    33.6    84.8    24.3   -82.2    45.4    86.8
 14285    37.8   -81.0    43.8    82.7    33.6    84.8    24.2   -82.1    45.5    86.8
 14289    37.7   -81.0    43.9    82.7    33.7    84.8    24.1   -82.0    45.5    86.8
 14293    37.6   -81.0    44.0    82.6    33.8    84.8    24.0   -81.9    45.5    86.8
 14297    37.5   -81.0    44.1    82.6    33.8    84.9    23.9   -81.9    45.6    86.8
 14301    37.4   -81.0    44.1    82.6    33.9    84.9    23.8   -81.8    45.6    86.8
 14305    37.2   -81.0    44.2    82.5    33.9    84.9    23.7   -81.7    45.7    86.8
 14309    37.1   -81.0    44.3    82.5    34.0    84.9    23.6   -81.6    45.7    86.8
 14313    37.0   -81.0    44.4    82.4    34.1    84.9    23.5   -81.5    45.7    86.8
 14316    36.9   -80.9    44.5    82.4    34.1    84.9    23.4   -81.4    45.8    86.8
 14320    36.8   -80.9    44.6    82.3    34.2    85.0    23.3   -81.3    45.8    86.7
 14324    36.7   -80.9    44.7    82.3    34.3    85.0    23.2   -81.2    45.9    86.7
 14328    36.6   -80.9    44.8    82.2    34.3    85.0    23.1   -81.1    45.9    86.7
 14332    36.5   -80.9    44.9    82.2    34.4    85.0    23.0   -81.0    45.9    86.7
 14336    36.4   -80.8    45.0    82.1    34.4    85.0    22.9   -80.9    46.0    86.7
 14340    36.3   -80.8    45.1    82.0    34.5    85.0    22.8   -80.8    46.0    86.7
 14344    36.2   -80.8    45.2    82.0    34.6    85.0    22.7   -80.7    46.0    86.7
 14348    36.1   -80.8    45.3    81.9    34.6    85.1    22.6   -80.5    46.1    86.7
 14352    35.9   -80.7    45.4    81.9    34.7    85.1    22.5   -80.4    46.1    86.7
 14355    35.8   -80.7    45.5    81.8    34.7    85.1    22.3   -80.3    46.2    86.6
 14359    35.7   -80.7    45.5    81.7    34.8    85.1    22.2   -80.2    46.2    86.6
 14363    35.6   -80.6    45.6    81.7    34.8    85.1    22.1   -80.1    46.2    86.6
 14367    35.5   -80.6    45.7    81.6    34.9    85.1    22.0   -79.9    46.3    86.6
 14371    35.4   -80.5    45.8    81.5    35.0    85.1    21.9   -79.8    46.3    86.6
 14375    35.3   -80.5    45.9    81.4    35.0    85.1    21.8   -79.6    46.4    86.6
 14379    35.2   -80.5    46.0    81.4    35.1    85.1    21.6   -79.5    46.4    86.6
 14383    35.0   -80.4    46.2    81.3    35.1    85.2    21.5   -79.4    46.5    86.6
 14387    34.9   -80.4    46.3    81.2    35.2    85.2    21.4   -79.2    46.5    86.5
 14391    34.8   -80.3    46.4    81.1    35.3    85.2    21.3   -79.0    46.5    86.5
 14395    34.7   -80.3    46.5    81.1    35.3    85.2    21.1   -78.9    46.6    86.5
 14398    34.6   -80.2    46.6    81.0    35.4    85.2    21.0   -78.7    46.6    86.5
 14402    34.5   -80.2    46.7    80.9    35.4    85.2    20.9   -78.5    46.7    86.5
 14406    34.4   -80.1    46.8    80.8    35.5    85.2    20.7   -78.4    46.7    86.5
 14410    34.2   -80.0    46.9    80.7    35.5    85.2    20.6   -78.2    46.7    86.5
 14414    34.1   -80.0    47.0    80.6    35.6    85.2    20.5   -78.0    46.8    86.4
 14418    34.0   -79.9    47.1    80.5    35.7    85.2    20.3   -77.8    46.8    86.4
 14422    33.9   -79.9    47.2    80.4    35.7    85.2    20.2   -77.6    46.9    86.4
 14426    33.8   -79.8    47.3    80.3    35.8    85.3    20.0   -77.4    46.9    86.4
 14430    33.6   -79.7    47.5    80.2    35.8    85.3    19.9   -77.2    47.0    86.4
 14434    33.5   -79.6    47.6    80.1    35.9    85.3    19.7   -77.0    47.0    86.4
 14438    33.4   -79.6    47.7    80.0    35.9    85.3    19.6   -76.7    47.0    86.4
 14441    33.3   -79.5    47.8    79.9    36.0    85.3    19.4   -76.5    47.1    86.4
 14445    33.1   -79.4    47.9    79.8    36.1    85.3    19.3   -76.2    47.1    86.3
 14449    33.0   -79.3    48.1    79.7    36.1    85.3    19.1   -76.0    47.2    86.3
 14453    32.9   -79.2    48.2    79.5    36.2    85.3    18.9   -75.7    47.2    86.3
 14457    32.8   -79.1    48.3    79.4    36.2    85.3    18.8   -75.4    47.3    86.3
 14461    32.6   -79.1    48.4    79.3    36.3    85.3    18.6   -75.2    47.3    86.3
 14465    32.5   -79.0    48.5    79.2    36.3    85.3    18.4   -74.9    47.4    86.3
 14469    32.4   -78.9    48.7    79.0    36.4    85.3    18.3   -74.6    47.4    86.2
 14473    32.2   -78.8    48.8    78.9    36.4    85.3    18.1   -74.2    47.4    86.2
 14477    32.1   -78.6    48.9    78.7    36.5    85.3    17.9   -73.9    47.5    86.2
 14480    32.0   -78.5    49.1    78.6    36.6    85.3    17.7   -73.5    47.5    86.2
 14484    31.8   -78.4    49.2    78.4    36.6    85.4    17.5   -73.2    47.6    86.2
 14488    31.7   -78.3    49.3    78.3    36.7    85.4    17.3   -72.8    47.6    86.2
 14492    31.6   -78.2    49.5    78.1    36.7    85.4    17.2   -72.4    47.7    86.1
 14496    31.4   -78.1    49.6    77.9    36.8    85.4    17.0   -72.0    47.7    86.1
 14500    31.3   -77.9    49.8    77.8    36.8    85.4    16.7   -71.5    47.8    86.1
 14504    31.1   -77.8    49.9    77.6    36.9    85.4    16.5   -71.1    47.8    86.1
 14508    31.0   -77.6    50.0    77.4    36.9    85.4    16.3   -70.6    47.9    86.1
 14512    30.9   -77.5    50.2    77.2    37.0    85.4    16.1   -70.1    47.9    86.1
 14516    30.7   -77.3    50.3    77.0    37.0    85.4    15.9   -69.6    47.9    86.0
 14520    30.6   -77.2    50.5    76.8    37.1    85.4    15.7   -69.0    48.0    86.0
 14523    30.4   -77.0    50.6    76.6    37.2    85.4    15.4   -68.4    48.0    86.0
 14527    30.3   -76.9    50.8    76.3    37.2    85.4    15.2   -67.8    48.1    86.0
 14531    30.1   -76.7    51.0    76.1    37.3    85.4    15.0   -67.1    48.1    86.0
 14535    30.0   -76.5    51.1    75.9    37.3    85.4    14.7   -66.4    48.2    86.0
 14539    29.8   -76.3    51.3    75.6    37.4    85.4    14.5   -65.7    48.2    85.9
 14543    29.6   -76.1    51.5    75.4    37.4    85.4    14.2   -64.9    48.3    85.9
 14547    29.5   -75.9    51.6    75.1    37.5    85.4    13.9   -64.1    48.3    85.9
 14551    29.3   -75.7    51.8    74.8    37.5    85.4    13.7   -63.2    48.4    85.9
 14555    29.1   -75.5    52.0    74.5    37.6    85.4    13.4   -62.2    48.4    85.9
 14559    29.0   -75.2    52.1    74.2    37.7    85.4    13.1   -61.2    48.5    85.8
 14563    28.8   -75.0    52.3    73.9    37.7    85.4    12.8   -60.1    48.5    85.8
 14566    28.6   -74.8    52.5    73.6    37.8    85.4    12.5   -59.0    48.6    85.8
 14570    28.5   -74.5    52.7    73.2    37.8    85.4    12.2   -57.7    48.6    85.8
 14574    28.3   -74.2    52.9    72.9    37.9    85.4    11.9   -56.4    48.7    85.8
 14578    28.1   -73.9    53.1    72.5    37.9    85.4    11.6   -55.0    48.7    85.7
 14582    27.9   -73.6    53.3    72.1    38.0    85.4    11.2   -53.5    48.8    85.7
 14586    27.7   -73.3    53.5    71.7    38.0    85.4    10.9   -51.8    48.8    85.7
 14590    27.5   -73.0    53.7    71.3    38.1    85.4    10.6   -50.0    48.9    85.7
 14594    27.3   -72.7    53.9    70.8    38.1    85.4    10.2   -48.1    48.9    85.6
 14598    27.1   -72.3    54.1    70.3    38.2    85.4     9.9   -46.0    49.0    85.6
 14602    26.9   -72.0    54.3    69.8    38.3    85.4     9.6   -43.7    49.0    85.6
 14605    26.7   -71.6    54.6    69.3    38.3    85.4     9.2   -41.3    49.1    85.6
 14609    26.5   -71.2    54.8    68.7    38.4    85.4     8.9   -38.7    49.1    85.6
 14613    26.3   -70.7    55.0    68.1    38.4    85.4     8.6   -35.8    49.2    85.5
 14617    26.1   -70.3    55.3    67.5    38.5    85.4     8.2   -32.7    49.2    85.5
 14621    25.9   -69.8    55.5    66.9    38.5    85.4     7.9   -29.4    49.3    85.5
 14625    25.7   -69.3    55.8    66.2    38.6    85.4     7.7   -25.9    49.4    85.5
 14629    25.4   -68.8    56.0    65.4    38.6    85.4     7.4   -22.2    49.4    85.4
 14633    25.2   -68.3    56.3    64.7    38.7    85.4     7.2   -18.2    49.5    85.4
 14637    25.0   -67.7    56.5    63.8    38.7    85.4     7.0   -14.1    49.5    85.4
 14641    24.7   -67.1    56.8    63.0    38.8    85.4     6.9    -9.8    49.6    85.4
 14645    24.5   -66.4    57.1    62.0    38.9    85.4     6.8    -5.4    49.6    85.3
 14648    24.2   -65.7    57.4    61.0    38.9    85.4     6.8    -0.9    49.7    85.3
 14652    23.9   -65.0    57.7    59.9    39.0    85.4     6.8     3.6    49.7    85.3
 14656    23.7   -64.2    58.0    58.8    39.0    85.4     6.8     8.0    49.8    85.2
 14660    23.4   -63.4    58.3    57.6    39.1    85.4     7.0    12.4    49.9    85.2
 14664    23.1   -62.5    58.6    56.2    39.1    85.4     7.1    16.6    49.9    85.2
 14668    22.8   -61.6    58.9    54.8    39.2    85.4     7.3    20.6    50.0    85.2
 14672    22.6   -60.6    59.2    53.3    39.2    85.4     7.6    24.4    50.0    85.1
 14676    22.3   -59.5    59.6    51.6    39.3    85.4     7.8    28.0    50.1    85.1
 14680    22.0   -58.3    59.9    49.8    39.3    85.4     8.1    31.4    50.1    85.1
 14684    21.6   -57.1    60.2    47.9    39.4    85.4     8.4    34.5    50.2    85.0
 14688    21.3   -55.8    60.6    45.8    39.5    85.4     8.8    37.5    50.3    85.0
 14691    21.0   -54.3    60.9    43.6    39.5    85.3     9.1    40.2    50.3    85.0
 14695    20.7   -52.8    61.3    41.1    39.6    85.3     9.4    42.7    50.4    85.0
 14699    20.3   -51.1    61.6    38.5    39.6    85.3     9.8    45.0    50.4    84.9
 14703    20.0   -49.3    61.9    35.7    39.7    85.3    10.1    47.2    50.5    84.9
 14707    19.7   -47.4    62.2    32.6    39.7    85.3    10.5    49.1    50.6    84.9
 14711    19.3   -45.3    62.5    29.3    39.8    85.3    10.8    51.0    50.6    84.8
 14715    19.0   -43.0    62.8    25.8    39.8    85.3    11.1    52.7    50.7    84.8
 14719    18.6   -40.5    63.1    22.1    39.9    85.3    11.5    54.3    50.7    84.8
 14723    18.3   -37.9    63.3    18.1    40.0    85.3    11.8    55.7    50.8    84.7
 14727    18.0   -35.0    63.5    14.0    40.0    85.3    12.1    57.1    50.9    84.7
 14730    17.7   -31.9    63.6     9.7    40.1    85.3    12.4    58.4    50.9    84.6
 14734    17.4   -28.6    63.7     5.3    40.1    85.3    12.7    59.5    51.0    84.6
 14738    17.1   -25.1    63.7     0.9    40.2    85.3    13.0    60.6    51.1    84.6
 14742    16.9   -21.3    63.7    -3.6    40.2    85.3    13.3    61.7    51.1    84.5
 14746    16.6   -17.3    63.6    -8.0    40.3    85.3    13.6    62.6    51.2    84.5
 14750    16.5   -13.2    63.5   -12.3    40.3    85.3    13.8    63.6    51.2    84.5
 14754    16.3    -8.9    63.4   -16.5    40.4    85.2    14.1    64.4    51.3    84.4
 14758    16.3    -4.5    63.1   -20.5    40.5    85.2    14.4    65.2    51.4    84.4
 14762    16.2    -0.0    62.9   -24.3    40.5    85.2    14.6    66.0    51.4    84.3
 14766    16.3     4.4    62.6   -27.9    40.6    85.2    14.9    66.7    51.5    84.3
 14770    16.3     8.8    62.3   -31.3    40.6    85.2    15.1    67.3    51.6    84.3
 14773    16.5    13.1    62.0   -34.4    40.7    85.2    15.3    68.0    51.6    84.2
 14777    16.6    17.2    61.7   -37.4    40.7    85.2    15.6    68.6    51.7    84.2
 14781    16.9    21.2    61.4   -40.1    40.8    85.2    15.8    69.2    51.8    84.1
 14785    17.1    25.0    61.0   -42.6    40.9    85.2    16.0    69.7    51.9    84.1
 14789    17.4    28.5    60.7   -44.9    40.9    85.2    16.3    70.2    51.9    84.0
 14793    17.7    31.8    60.4   -47.0    41.0    85.2    16.5    70.7    52.0    84.0
 14797    18.0    34.9    60.0   -49.0    41.0    85.1    16.7    71.2    52.1    84.0
 14801    18.3    37.8    59.7   -50.8    41.1    85.1    16.9    71.6    52.1    83.9
 14805    18.7    40.4    59.3   -52.5    41.1    85.1    17.1    72.1    52.2    83.9
 14809    19.0    42.9    59.0   -54.1    41.2    85.1    17.3    72.5    52.3    83.8
 14813    19.3    45.1    58.7   -55.6    41.3    85.1    17.5    72.8    52.4    83.8
 14816    19.7    47.2    58.4   -56.9    41.3    85.1    17.7    73.2    52.4    83.7
 14820    20.0    49.2    58.1   -58.2    41.4    85.1    17.8    73.6    52.5    83.7
 14824    20.4    51.0    57.8   -59.3    41.4    85.1    18.0    73.9    52.6    83.6
 14828    20.7    52.6    57.5   -60.4    41.5    85.0    18.2    74.2    52.6    83.6
 14832    21.0    54.2    57.2   -61.5    41.5    85.0    18.4    74.6    52.7    83.5
 14836    21.3    55.6    56.9   -62.4    41.6    85.0    18.6    74.9    52.8    83.5
 14840    21.7    56.9    56.6   -63.3    41.7    85.0    18.7    75.2    52.9    83.4
 14844    22.0    58.2    56.4   -64.2    41.7    85.0    18.9    75.4    53.0    83.3
 14848    22.3    59.3    56.1   -65.0    41.8    85.0    19.1    75.7    53.0    83.3
 14852    22.6    60.4    55.8   -65.7    41.8    85.0    19.2    76.0    53.1    83.2
 14855    22.9    61.4    55.6   -66.4    41.9    85.0    19.4    76.2    53.2    83.2
 14859    23.1    62.3    55.3   -67.1    42.0    84.9    19.5    76.5    53.3    83.1
 14863    23.4    63.2    55.1   -67.7    42.0    84.9    19.7    76.7    53.4    83.0
 14867    23.7    64.0    54.9   -68.3    42.1    84.9    19.8    76.9    53.4    83.0
 14871    24.0    64.8    54.6   -68.9    42.1    84.9    20.0    77.1    53.5    82.9
 14875    24.2    65.5    54.4   -69.4    42.2    84.9    20.1    77.3    53.6    82.9
 14879    24.5    66.2    54.2   -70.0    42.3    84.9    20.3    77.5    53.7    82.8
 14883    24.7    66.9    54.0   -70.4    42.3    84.8    20.4    77.7    53.8    82.7
 14887    25.0    67.5    53.8   -70.9    42.4    84.8    20.5    77.9    53.9    82.6
 14891    25.2    68.1    53.6   -71.3    42.4    84.8    20.7    78.1    53.9    82.6
 14895    25.4    68.6    53.4   -71.8    42.5    84.8    20.8    78.3    54.0    82.5
 14898    25.7    69.1    53.2   -72.2    42.6    84.8    21.0    78.5    54.1    82.4
 14902    25.9    69.6    53.0   -72.5    42.6    84.8    21.1    78.6    54.2    82.4
 14906    26.1    70.1    52.8   -72.9    42.7    84.7    21.2    78.8    54.3    82.3
 14910    26.3    70.6    52.6   -73.3    42.7    84.7    21.3    78.9    54.4    82.2
 14914    26.5    71.0    52.4   -73.6    42.8    84.7    21.5    79.1    54.5    82.1
 14918    26.7    71.4    52.2   -73.9    42.9    84.7    21.6    79.3    54.6    82.0
 14922    26.9    71.8    52.0   -74.2    42.9    84.7    21.7    79.4    54.7    82.0
 14926    27.1    72.1    51.9   -74.5    43.0    84.6    21.8    79.5    54.8    81.9
 14930    27.3    72.5    51.7   -74.8    43.1    84.6    22.0    79.7    54.8    81.8
 14934    27.5    72.8    51.5   -75.1    43.1    84.6    22.1    79.8    54.9    81.7
 14938    27.7    73.1    51.3   -75.3    43.2    84.6    22.2    79.9    55.0    81.6
 14941    27.9    73.5    51.2   -75.6    43.2    84.6    22.3    80.1    55.1    81.5
 14945    28.1    73.7    51.0   -75.8    43.3    84.5    22.4    80.2    55.2    81.4
 14949    28.3    74.0    50.9   -76.1    43.4    84.5    22.5    80.3    55.3    81.3
 14953    28.5    74.3    50.7   -76.3    43.4    84.5    22.6    80.4    55.4    81.2
 14957    28.6    74.6    50.5   -76.5    43.5    84.5    22.8    80.5    55.5    81.1
 14961    28.8    74.8    50.4   -76.7    43.6    84.4    22.9    80.6    55.6    81.0
 14965    29.0    75.0    50.2   -76.9    43.6    84.4    23.0    80.8    55.7    80.9
 14969    29.1    75.3    50.1   -77.1    43.7    84.4    23.1    80.9    55.9    80.8
 14973    29.3    75.5    50.0   -77.3    43.8    84.4    23.2    81.0    56.0    80.7
 14977    29.5    75.7    49.8   -77.5    43.8    84.4    23.3    81.1    56.1    80.6
 14980    29.6    75.9    49.7   -77.7    43.9    84.3    23.4    81.2    56.2    80.4
 14984    29.8    76.1    49.5   -77.8    44.0    84.3    23.5    81.3    56.3    80.3
 14988    30.0    76.3    49.4   -78.0    44.0    84.3    23.6    81.4    56.4    80.2
 14992    30.1    76.5    49.3   -78.2    44.1    84.2    23.7    81.4    56.5    80.1
 14996    30.3    76.6    49.1   -78.3    44.2    84.2    23.8    81.5    56.6    79.9
 15000    30.4    76.8    49.0   -78.5    44.2    84.2    23.9    81.6    56.7    79.8
 15004    30.6    77.0    48.9   -78.6    44.3    84.2    24.0    81.7    56.9    79.7
 15008    30.7    77.1    48.7   -78.8    44.4    84.1    24.1    81.8    57.0    79.5
 15012    30.9    77.3    48.6   -78.9    44.4    84.1    24.2    81.9    57.1    79.4
 15016    31.0    77.4    48.5   -79.0    44.5    84.1    24.3    82.0    57.2    79.2
 15020    31.1    77.6    48.3   -79.2    44.6    84.0    24.4    82.0    57.3    79.1
 15023    31.3    77.7    48.2   -79.3    44.6    84.0    24.5    82.1    57.5    78.9
 15027    31.4    77.8    48.1   -79.4    44.7    84.0    24.5    82.2    57.6    78.8
 15031    31.6    78.0    48.0   -79.5    44.8    84.0    24.6    82.3    57.7    78.6
 15035    31.7    78.1    47.9   -79.7    44.9    83.9    24.7    82.3    57.9    78.4
 15039    31.8    78.2    47.7   -79.8    44.9    83.9    24.8    82.4    58.0    78.2
 15043    32.0    78.3    47.6   -79.9    45.0    83.9    24.9    82.5    58.1    78.0
 15047    32.1    78.4    47.5   -80.0    45.1    83.8    25.0    82.5    58.3    77.9
 15051    32.2    78.5    47.4   -80.1    45.1    83.8    25.1    82.6    58.4    77.7
 15055    32.4    78.6    47.3   -80.2    45.2    83.7    25.2    82.7    58.5    77.5
 15059    32.5    78.7    47.2   -80.3    45.3    83.7    25.2    82.7    58.7    77.2
 15063    32.6    78.8    47.0   -80.4    45.4    83.7    25.3    82.8    58.8    77.0
 15066    32.8    78.9    46.9   -80.5    45.4    83.6    25.4    82.9    59.0    76.8
 15070    32.9    79.0    46.8   -80.6    45.5    83.6    25.5    82.9    59.1    76.6
 15074    33.0    79.1    46.7   -80.7    45.6    83.6    25.6    83.0    59.3    76.3
 15078    33.1    79.2    46.6   -80.7    45.7    83.5    25.7    83.0    59.4    76.1
 15082    33.3    79.3    46.5   -80.8    45.7    83.5    25.7    83.1    59.6    75.8
 15086    33.4    79.3    46.4   -80.9    45.8    83.4    25.8    83.1    59.8    75.6
 15090    33.5    79.4    46.3   -81.0    45.9    83.4    25.9    83.2    59.9    75.3
 15094    33.6    79.5    46.2   -81.1    46.0    83.4    26.0    83.3    60.1    75.0
 15098    33.8    79.6    46.1   -81.1    46.0    83.3    26.1    83.3    60.3    74.7
 15102    33.9    79.6    46.0   -81.2    46.1    83.3    26.1    83.4    60.4    74.4
 15105    34.0    79.7    45.9   -81.3    46.2    83.2    26.2    83.4    60.6    74.1
 15109    34.1    79.7    45.8   -81.4    46.3    83.2    26.3    83.5    60.8    73.7
 15113    34.2    79.8    45.7   -81.4    46.4    83.1    26.4    83.5    61.0    73.4
 15117    34.4    79.9    45.6   -81.5    46.4    83.1    26.4    83.6    61.2    73.0
 15121    34.5    79.9    45.5   -81.6    46.5    83.0    26.5    83.6    61.3    72.6
 15125    34.6    80.0    45.4   -81.6    46.6    83.0    26.6    83.7    61.5    72.2
 15129    34.7    80.0    45.3   -81.7    46.7    82.9    26.7    83.7    61.7    71.8
 15133    34.8    80.1    45.2   -81.7    46.8    82.9    26.7    83.7    61.9    71.3
 15137    34.9    80.1    45.1   -81.8    46.9    82.8    26.8    83.8    62.1    70.9
 15141    35.0    80.2    45.0   -81.9    46.9    82.8    26.9    83.8    62.4    70.4
 15145    35.2    80.2    44.9   -81.9    47.0    82.7    26.9    83.9    62.6    69.9
 15148    35.3    80.3    44.8   -82.0    47.1    82.7    27.0    83.9    62.8    69.4
 15152    35.4    80.3    44.7   -82.0    47.2    82.6    27.1    84.0    63.0    68.8
 15156    35.5    80.3    44.6   -82.1    47.3    82.5    27.2    84.0    63.2    68.2
 15160    35.6    80.4    44.5   -82.1    47.4    82.5    27.2    84.0    63.5    67.6
 15164    35.7    80.4    44.5   -82.2    47.4    82.4    27.3    84.1    63.7    66.9
 15168    35.8    80.4    44.4   -82.2    47.5    82.4    27.4    84.1    64.0    66.2
 15172    35.9    80.5    44.3   -82.3    47.6    82.3    27.4    84.2    64.2    65.5
 15176    36.1    80.5    44.2   -82.3    47.7    82.2    27.5    84.2    64.5    64.7
 15180    36.2    80.5    44.1   -82.4    47.8    82.2    27.6    84.2    64.7    63.9
 15184    36.3    80.5    44.0   -82.4    47.9    82.1    27.6    84.3    65.0    63.0
 15188    36.4    80.6    43.9   -82.5    48.0    82.0    27.7    84.3    65.3    62.1
 15191    36.5    80.6    43.8   -82.5    48.1    82.0    27.8    84.3    65.5    61.1
 15195    36.6    80.6    43.7   -82.5    48.2    81.9    27.8    84.4    65.8    60.0
 15199    36.7    80.6    43.7   -82.6    48.3    81.8    27.9    84.4    66.1    58.8
 15203    36.8    80.7    43.6   -82.6    48.4    81.7    28.0    84.4    66.4    57.6
 15207    36.9    80.7    43.5   -82.7    48.5    81.7    28.0    84.5    66.7    56.3
 15211    37.0    80.7    43.4   -82.7    48.6    81.6    28.1    84.5    67.0    54.9
 15215    37.1    80.7    43.3   -82.7    48.7    81.5    28.2    84.5    67.3    53.4
 15219    37.2    80.7    43.2   -82.8    48.8    81.4    28.2    84.6    67.7    51.8
 15223    37.4    80.7    43.1   -82.8    48.8    81.3    28.3    84.6    68.0    50.0
 15227    37.5    80.7    43.1   -82.8    48.9    81.2    28.3    84.6    68.3    48.1
 15230    37.6    80.7    43.0   -82.9    49.1    81.2    28.4    84.7    68.7    46.1
 15234    37.7    80.7    42.9   -82.9    49.2    81.1    28.5    84.7    69.0    43.9
 15238    37.8    80.8    42.8   -82.9    49.3    81.0    28.5    84.7    69.3    41.5
 15242    37.9    80.8    42.7   -83.0    49.4    80.9    28.6    84.8    69.7    38.9
 15246    38.0    80.8    42.7   -83.0    49.5    80.8    28.6    84.8    70.0    36.2
 15250    38.1    80.8    42.6   -83.0    49.6    80.7    28.7    84.8    70.3    33.2
 15254    38.2    80.8    42.5   -83.1    49.7    80.6    28.8    84.8    70.6    30.0
 15258    38.3    80.8    42.4   -83.1    49.8    80.5    28.8    84.9    70.9    26.6
 15262    38.4    80.8    42.3   -83.1    49.9    80.4    28.9    84.9    71.1    23.0
 15266    38.5    80.8    42.3   -83.1    50.0    80.3    28.9    84.9    71.3    19.2
 15270    38.6    80.7    42.2   -83.2    50.1    80.1    29.0    84.9    71.5    15.1
 15273    38.7    80.7    42.1   -83.2    50.2    80.0    29.1    85.0    71.7    11.0
 15277    38.8    80.7    42.0   -83.2    50.3    79.9    29.1    85.0    71.8     6.7
 15281    39.0    80.7    41.9   -83.2    50.5    79.8    29.2    85.0    71.8     2.3
 15285    39.1    80.7    41.9   -83.3    50.6    79.7    29.2    85.0    71.8    -2.1
 15289    39.2    80.7    41.8   -83.3    50.7    79.5    29.3    85.1    71.8    -6.4
 15293    39.3    80.7    41.7   -83.3    50.8    79.4    29.4    85.1    71.7   -10.7
 15297    39.4    80.7    41.6   -83.3    50.9    79.3    29.4    85.1    71.5   -14.9
 15301    39.5    80.6    41.5   -83.3    51.1    79.1    29.5    85.1    71.3   -18.9
 15305    39.6    80.6    41.5   -83.4    51.2    79.0    29.5    85.2    71.1   -22.7
 15309    39.7    80.6    41.4   -83.4    51.3    78.8    29.6    85.2    70.9   -26.4
 15313    39.8    80.6    41.3   -83.4    51.4    78.7    29.6    85.2    70.6   -29.8
 15316    39.9    80.6    41.2   -83.4    51.6    78.5    29.7    85.2    70.3   -33.0
 15320    40.0    80.5    41.2   -83.4    51.7    78.4    29.7    85.3    70.0   -36.0
 15324    40.1    80.5    41.1   -83.5    51.8    78.2    29.8    85.3    69.7   -38.7
 15328    40.3    80.5    41.0   -83.5    52.0    78.0    29.9    85.3    69.3   -41.3
 15332    40.4    80.5    40.9   -83.5    52.1    77.8    29.9    85.3    69.0   -43.7
 15336    40.5    80.4    40.9   -83.5    52.2    77.7    30.0    85.3    68.7   -45.9
 15340    40.6    80.4    40.8   -83.5    52.4    77.5    30.0    85.4    68.3   -47.9
 15344    40.7    80.4    40.7   -83.5    52.5    77.3    30.1    85.4    68.0   -49.8
 15348    40.8    80.3    40.6   -83.6    52.7    77.1    30.1    85.4    67.7   -51.6
 15352    40.9    80.3    40.6   -83.6    52.8    76.9    30.2    85.4    67.4   -53.2
 15355    41.0    80.2    40.5   -83.6    53.0    76.6    30.2    85.4    67.0   -54.7
 15359    41.1    80.2    40.4   -83.6    53.1    76.4    30.3    85.5    66.7   -56.1
 15363    41.3    80.2    40.3   -83.6    53.3    76.2    30.3    85.5    66.4   -57.4
 15367    41.4    80.1    40.3   -83.6    53.4    75.9    30.4    85.5    66.1   -58.6
 15371    41.5    80.1    40.2   -83.6    53.6    75.7    30.4    85.5    65.8   -59.8
 15375    41.6    80.0    40.1   -83.6    53.7    75.4    30.5    85.5    65.5   -60.8
 15379    41.7    80.0    40.0   -83.7    53.9    75.2    30.5    85.6    65.3   -61.8
 15383    41.8    79.9    40.0   -83.7    54.1    74.9    30.6    85.6    65.0   -62.8
 15387    41.9    79.9    39.9   -83.7    54.2    74.6    30.6    85.6    64.7   -63.7
 15391    42.1    79.8    39.8   -83.7    54.4    74.3    30.7    85.6    64.5   -64.5
 15395    42.2    79.7    39.8   -83.7    54.6    74.0    30.7    85.6    64.2   -65.3
 15398    42.3    79.7    39.7   -83.7    54.8    73.6    30.8    85.6    64.0   -66.0
 15402    42.4    79.6    39.6   -83.7    55.0    73.3    30.8    85.7    63.7   -66.7
 15406    42.5    79.5    39.5   -83.7    55.1    72.9    30.9    85.7    63.5   -67.4
 15410    42.7    79.5    39.5   -83.7    55.3    72.6    30.9    85.7    63.2   -68.0
 15414    42.8    79.4    39.4   -83.7    55.5    72.2    31.0    85.7    63.0   -68.6
 15418    42.9    79.3    39.3   -83.7    55.7    71.8    31.0    85.7    62.8   -69.2
 15422    43.0    79.2    39.2   -83.7    55.9    71.3    31.1    85.7    62.6   -69.7
 15426    43.1    79.2    39.2   -83.7    56.1    70.9    31.1    85.8    62.4   -70.2
 15430    43.3    79.1    39.1   -83.7    56.3    70.4    31.2    85.8    62.1   -70.7
 15434    43.4    79.0    39.0   -83.8    56.5    69.9    31.2    85.8    61.9   -71.1
 15438    43.5    78.9    39.0   -83.8    56.8    69.4    31.3    85.8    61.7   -71.6
 15441    43.6    78.8    38.9   -83.8    57.0    68.9    31.3    85.8    61.5   -72.0
 15445    43.8    78.7    38.8   -83.8    57.2    68.3    31.4    85.8    61.3   -72.4
 15449    43.9    78.6    38.7   -83.8    57.4    67.7    31.4    85.9    61.2   -72.8
 15453    44.0    78.5    38.7   -83.8    57.7    67.1    31.5    85.9    61.0   -73.2
 15457    44.2    78.4    38.6   -83.8    57.9    66.4    31.5    85.9    60.8   -73.5
 15461    44.3    78.3    38.5   -83.8    58.2    65.7    31.6    85.9    60.6   -73.9
 15465    44.4    78.2    38.5   -83.8    58.4    64.9    31.6    85.9    60.4   -74.2
 15469    44.6    78.1    38.4   -83.8    58.7    64.1    31.7    85.9    60.3   -74.5
 15473    44.7    78.0    38.3   -83.8    58.9    63.3    31.7    85.9    60.1   -74.8
 15477    44.8    77.8    38.2   -83.8    59.2    62.4    31.8    85.9    59.9   -75.1
 15480    45.0    77.7    38.2   -83.8    59.5    61.4    31.8    86.0    59.8   -75.4
 15484    45.1    77.6    38.1   -83.8    59.8    60.4    31.9    86.0    59.6   -75.6
 15488    45.3    77.4    38.0   -83.8    60.0    59.3    31.9    86.0    59.4   -75.9
 15492    45.4    77.3    38.0   -83.8    60.3    58.1    31.9    86.0    59.3   -76.1
 15496    45.5    77.1    37.9   -83.8    60.6    56.9    32.0    86.0    59.1   -76.4
 15500    45.7    77.0    37.8   -83.8    60.9    55.5    32.0    86.0    59.0   -76.6
 15504    45.8    76.8    37.7   -83.8    61.3    54.1    32.1    86.0    58.8   -76.8
 15508    46.0    76.7    37.7   -83.8    61.6    52.5    32.1    86.0    58.7   -77.1
 15512    46.1    76.5    37.6   -83.7    61.9    50.9    32.2    86.1    58.6   -77.3
 15516    46.3    76.3    37.5   -83.7    62.2    49.1    32.2    86.1    58.4   -77.5
 15520    46.4    76.1    37.5   -83.7    62.6    47.1    32.3    86.1    58.3   -77.7
 15523    46.6    75.9    37.4   -83.7    62.9    45.0    32.3    86.1    58.1   -77.9
 15527    46.8    75.7    37.3   -83.7    63.2    42.8    32.4    86.1    58.0   -78.0
 15531    46.9    75.5    37.2   -83.7    63.5    40.3    32.4    86.1    57.9   -78.2
 15535    47.1    75.3    37.2   -83.7    63.9    37.7    32.4    86.1    57.7   -78.4
 15539    47.2    75.1    37.1   -83.7    64.2    34.9    32.5    86.1    57.6   -78.6
 15543    47.4    74.9    37.0   -83.7    64.5    31.8    32.5    86.2    57.5   -78.7
 15547    47.6    74.6    36.9   -83.7    64.8    28.6    32.6    86.2    57.4   -78.9
 15551    47.7    74.4    36.9   -83.7    65.0    25.1    32.6    86.2    57.2   -79.0
 15555    47.9    74.1    36.8   -83.7    65.3    21.4    32.7    86.2    57.1   -79.2
 15559    48.1    73.8    36.7   -83.7    65.5    17.6    32.7    86.2    57.0   -79.3
 15563    48.3    73.5    36.7   -83.7    65.7    13.5    32.8    86.2    56.9   -79.5
 15566    48.5    73.2    36.6   -83.6    65.8     9.4    32.8    86.2    56.7   -79.6
 15570    48.6    72.9    36.5   -83.6    65.9     5.1    32.8    86.2    56.6   -79.8
 15574    48.8    72.6    36.4   -83.6    65.9     0.7    32.9    86.2    56.5   -79.9
 15578    49.0    72.3    36.4   -83.6    65.9    -3.6    32.9    86.2    56.4   -80.0
 15582    49.2    71.9    36.3   -83.6    65.8    -7.9    33.0    86.3    56.3   -80.1
 15586    49.4    71.5    36.2   -83.6    65.7   -12.1    33.0    86.3    56.2   -80.3
 15590    49.6    71.2    36.1   -83.6    65.5   -16.2    33.1    86.3    56.1   -80.4
 15594    49.8    70.7    36.1   -83.6    65.3   -20.1    33.1    86.3    56.0   -80.5
 15598    50.0    70.3    36.0   -83.5    65.1   -23.9    33.1    86.3    55.9   -80.6
 15602    50.3    69.9    35.9   -83.5    64.9   -27.4    33.2    86.3    55.7   -80.7
 15605    50.5    69.4    35.8   -83.5    64.6   -30.7    33.2    86.3    55.6   -80.8
 15609    50.7    68.9    35.8   -83.5    64.3   -33.8    33.3    86.3    55.5   -80.9
 15613    50.9    68.4    35.7   -83.5    64.0   -36.7    33.3    86.3    55.4   -81.0
 15617    51.1    67.8    35.6   -83.5    63.6   -39.4    33.4    86.3    55.3   -81.1
 15621    51.4    67.2    35.5   -83.4    63.3   -41.9    33.4    86.3    55.2   -81.2
 15625    51.6    66.6    35.5   -83.4    63.0   -44.2    33.4    86.4    55.1   -81.3
 15629    51.9    66.0    35.4   -83.4    62.7   -46.3    33.5    86.4    55.0   -81.4
 15633    52.1    65.3    35.3   -83.4    62.3   -48.3    33.5    86.4    54.9   -81.5
 15637    52.4    64.5    35.2   -83.4    62.0   -50.2    33.6    86.4    54.8   -81.6
 15641    52.6    63.8    35.2   -83.3    61.7   -51.9    33.6    86.4    54.8   -81.7
 15645    52.9    62.9    35.1   -83.3    61.4   -53.4    33.6    86.4    54.7   -81.8
 15648    53.2    62.1    35.0   -83.3    61.0   -54.9    33.7    86.4    54.6   -81.8
 15652    53.4    61.1    34.9   -83.3    60.7   -56.3    33.7    86.4    54.5   -81.9
 15656    53.7    60.1    34.9   -83.3    60.4   -57.6    33.8    86.4    54.4   -82.0
 15660    54.0    59.1    34.8   -83.2    60.1   -58.8    33.8    86.4    54.3   -82.1
 15664    54.3    57.9    34.7   -83.2    59.8   -59.9    33.9    86.4    54.2   -82.2
 15668    54.6    56.7    34.6   -83.2    59.6   -60.9    33.9    86.4    54.1   -82.2
 15672    54.9    55.4    34.5   -83.2    59.3   -61.9    33.9    86.4    54.0   -82.3
 15676    55.2    54.0    34.5   -83.1    59.0   -62.8    34.0    86.5    53.9   -82.4
 15680    55.6    52.5    34.4   -83.1    58.7   -63.7    34.0    86.5    53.9   -82.5
 15684    55.9    50.8    34.3   -83.1    58.5   -64.5    34.1    86.5    53.8   -82.5
 15688    56.2    49.1    34.2   -83.1    58.2   -65.3    34.1    86.5    53.7   -82.6
 15691    56.5    47.2    34.2   -83.0    58.0   -66.0    34.1    86.5    53.6   -82.7
 15695    56.9    45.1    34.1   -83.0    57.7   -66.7    34.2    86.5    53.5   -82.7
 15699    57.2    42.9    34.0   -83.0    57.5   -67.3    34.2    86.5    53.4   -82.8
 15703    57.5    40.5    33.9   -82.9    57.3   -67.9    34.3    86.5    53.4   -82.8
 15707    57.9    38.0    33.8   -82.9    57.0   -68.5    34.3    86.5    53.3   -82.9
 15711    58.2    35.2    33.8   -82.9    56.8   -69.1    34.3    86.5    53.2   -83.0
 15715    58.5    32.2    33.7   -82.8    56.6   -69.6    34.4    86.5    53.1   -83.0
 15719    58.8    29.0    33.6   -82.8    56.4   -70.1    34.4    86.5    53.0   -83.1
 15723    59.0    25.6    33.5   -82.8    56.2   -70.6    34.5    86.5    53.0   -83.1
 15727    59.3    22.0    33.4   -82.7    56.0   -71.0    34.5    86.5    52.9   -83.2
 15730    59.5    18.2    33.3   -82.7    55.8   -71.4    34.5    86.5    52.8   -83.3
 15734    59.7    14.3    33.3   -82.7    55.6   -71.9    34.6    86.5    52.7   -83.3
 15738    59.8    10.1    33.2   -82.6    55.4   -72.3    34.6    86.6    52.6   -83.4
 15742    59.9     5.9    33.1   -82.6    55.2   -72.6    34.7    86.6    52.6   -83.4
 15746    59.9     1.6    33.0   -82.5    55.0   -73.0    34.7    86.6    52.5   -83.5
 15750    59.9    -2.7    32.9   -82.5    54.8   -73.3    34.7    86.6    52.4   -83.5
 15754    59.9    -7.0    32.8   -82.5    54.6   -73.7    34.8    86.6    52.4   -83.6
 15758    59.8   -11.2    32.7   -82.4    54.5   -74.0    34.8    86.6    52.3   -83.6
 15762    59.6   -15.3    32.7   -82.4    54.3   -74.3    34.9    86.6    52.2   -83.7
 15766    59.4   -19.2    32.6   -82.3    54.1   -74.6    34.9    86.6    52.1   -83.7
 15770    59.2   -22.9    32.5   -82.3    54.0   -74.9    34.9    86.6    52.1   -83.8
 15773    59.0   -26.5    32.4   -82.2    53.8   -75.2    35.0    86.6    52.0   -83.8
 15777    58.7   -29.8    32.3   -82.2    53.6   -75.4    35.0    86.6    51.9   -83.9
 15781    58.4   -32.9    32.2   -82.1    53.5   -75.7    35.0    86.6    51.9   -83.9
 15785    58.1   -35.8    32.1   -82.1    53.3   -75.9    35.1    86.6    51.8   -83.9
 15789    57.8   -38.6    32.0   -82.0    53.2   -76.1    35.1    86.6    51.7   -84.0
 15793    57.4   -41.1    32.0   -82.0    53.0   -76.4    35.2    86.6    51.6   -84.0
 15797    57.1   -43.4    31.9   -81.9    52.9   -76.6    35.2    86.6    51.6   -84.1
 15801    56.8   -45.6    31.8   -81.9    52.7   -76.8    35.2    86.6    51.5   -84.1
 15805    56.4   -47.6    31.7   -81.8    52.6   -77.0    35.3    86.6    51.4   -84.2
 15809    56.1   -49.4    31.6   -81.8    52.4   -77.2    35.3    86.6    51.4   -84.2
 15813    55.8   -51.1    31.5   -81.7    52.3   -77.4    35.4    86.7    51.3   -84.2
 15816    55.5   -52.7    31.4   -81.6    52.1   -77.6    35.4    86.7    51.2   -84.3
 15820    55.1   -54.2    31.3   -81.6    52.0   -77.8    35.4    86.7    51.2   -84.3
 15824    54.8   -55.6    31.2   -81.5    51.9   -77.9    35.5    86.7    51.1   -84.3
 15828    54.5   -56.9    31.1   -81.4    51.7   -78.1    35.5    86.7    51.1   -84.4
 15832    54.2   -58.1    31.0   -81.4    51.6   -78.3    35.5    86.7    51.0   -84.4
 15836    53.9   -59.2    30.9   -81.3    51.5   -78.4    35.6    86.7    50.9   -84.5
 15840    53.6   -60.2    30.8   -81.2    51.4   -78.6    35.6    86.7    50.9   -84.5
 15844    53.4   -61.2    30.7   -81.2    51.2   -78.7    35.7    86.7    50.8   -84.5
 15848    53.1   -62.1    30.6   -81.1    51.1   -78.9    35.7    86.7    50.7   -84.6
 15852    52.8   -63.0    30.5   -81.0    51.0   -79.0    35.7    86.7    50.7   -84.6
 15855    52.6   -63.8    30.4   -80.9    50.9   -79.2    35.8    86.7    50.6   -84.6
 15859    52.3   -64.6    30.3   -80.9    50.7   -79.3    35.8    86.7    50.6   -84.7
 15863    52.0   -65.3    30.2   -80.8    50.6   -79.4    35.8    86.7    50.5   -84.7
 15867    51.8   -66.0    30.1   -80.7    50.5   -79.6    35.9    86.7    50.4   -84.7
 15871    51.6   -66.6    30.0   -80.6    50.4   -79.7    35.9    86.7    50.4   -84.8
 15875    51.3   -67.2    29.9   -80.5    50.3   -79.8    36.0    86.7    50.3   -84.8
 15879    51.1   -67.8    29.8   -80.4    50.2   -79.9    36.0    86.7    50.3   -84.8
 15883    50.8   -68.3    29.7   -80.3    50.0   -80.0    36.0    86.7    50.2   -84.8
 15887    50.6   -68.9    29.6   -80.3    49.9   -80.1    36.1    86.7    50.1   -84.9
 15891    50.4   -69.3    29.5   -80.2    49.8   -80.3    36.1    86.7    50.1   -84.9
 15895    50.2   -69.8    29.3   -80.1    49.7   -80.4    36.1    86.7    50.0   -84.9
 15898    50.0   -70.3    29.2   -80.0    49.6   -80.5    36.2    86.7    50.0   -85.0
 15902    49.8   -70.7    29.1   -79.9    49.5   -80.6    36.2    86.7    49.9   -85.0
 15906    49.6   -71.1    29.0   -79.7    49.4   -80.7    36.3    86.7    49.9   -85.0
 15910    49.4   -71.5    28.9   -79.6    49.3   -80.8    36.3    86.7    49.8   -85.0
 15914    49.2   -71.8    28.8   -79.5    49.2   -80.8    36.3    86.7    49.7   -85.1
 15918    49.0   -72.2    28.7   -79.4    49.1   -80.9    36.4    86.7    49.7   -85.1
 15922    48.8   -72.5    28.5   -79.3    49.0   -81.0    36.4    86.7    49.6   -85.1
 15926    48.6   -72.8    28.4   -79.2    48.9   -81.1    36.4    86.7    49.6   -85.2
 15930    48.4   -73.1    28.3   -79.0    48.8   -81.2    36.5    86.7    49.5   -85.2
 15934    48.2   -73.4    28.2   -78.9    48.7   -81.3    36.5    86.8    49.5   -85.2
 15938    48.0   -73.7    28.0   -78.8    48.6   -81.4    36.6    86.8    49.4   -85.2
 15941    47.9   -74.0    27.9   -78.6    48.5   -81.4    36.6    86.8    49.4   -85.3
 15945    47.7   -74.2    27.8   -78.5    48.4   -81.5    36.6    86.8    49.3   -85.3
 15949    47.5   -74.5    27.7   -78.3    48.3   -81.6    36.7    86.8    49.3   -85.3
 15953    47.4   -74.7    27.5   -78.2    48.2   -81.7    36.7    86.8    49.2   -85.3
 15957    47.2   -75.0    27.4   -78.0    48.1   -81.7    36.7    86.8    49.1   -85.3
 15961    47.0   -75.2    27.3   -77.9    48.0   -81.8    36.8    86.8    49.1   -85.4
 15965    46.9   -75.4    27.1   -77.7    47.9   -81.9    36.8    86.8    49.0   -85.4
 15969    46.7   -75.6    27.0   -77.5    47.8   -81.9    36.8    86.8    49.0   -85.4
 15973    46.5   -75.8    26.9   -77.4    47.7   -82.0    36.9    86.8    48.9   -85.4
 15977    46.4   -76.0    26.7   -77.2    47.7   -82.1    36.9    86.8    48.9   -85.5
 15980    46.2   -76.2    26.6   -77.0    47.6   -82.1    37.0    86.8    48.8   -85.5
 15984    46.1   -76.3    26.4   -76.8    47.5   -82.2    37.0    86.8    48.8   -85.5
 15988    45.9   -76.5    26.3   -76.6    47.4   -82.3    37.0    86.8    48.7   -85.5
 15992    45.8   -76.7    26.1   -76.4    47.3   -82.3    37.1    86.8    48.7   -85.6
 15996    45.6   -76.8    26.0   -76.2    47.2   -82.4    37.1    86.8    48.6   -85.6
