; zcav2.txt
;
;   length (cm) =    8.76   5.85   4.43   2.94   2.26
;
;   f     |Z1|     Z1<    |Z2|     Z2<    |Z3|     Z3<    |Z4|     Z4<    |Z5|     Z5<    
     4   -33.4   125.7   -33.4   125.7   -33.4   125.7   -33.4   125.7   -33.4   125.7
     8   -34.2    -2.4   -34.2    -2.4   -34.2    -2.4   -34.2    -2.4   -34.2    -2.4
    12   -45.9   -47.6   -45.9   -47.6   -45.9   -47.6   -45.9   -47.6   -45.9   -47.6
    16   -36.1  -143.0   -36.1  -143.0   -36.1  -143.0   -36.1  -143.0   -36.1  -143.0
    20   -44.1    46.2   -44.1    46.2   -44.1    46.2   -44.1    46.2   -44.1    46.2
    23   -39.6  -172.0   -39.6  -172.0   -39.6  -172.0   -39.6  -172.0   -39.6  -172.0
    27   -50.7    66.5   -50.7    66.5   -50.7    66.5   -50.7    66.5   -50.7    66.5
    31   -37.4   102.6   -37.4   102.6   -37.4   102.6   -37.4   102.6   -37.4   102.6
    35   -37.0    33.0   -37.0    33.0   -37.0    33.0   -37.0    33.0   -37.0    33.0
    39   -30.5   -31.6   -30.5   -31.6   -30.5   -31.6   -30.5   -31.6   -30.5   -31.6
    43   -32.3  -132.2   -32.3  -132.2   -32.3  -132.2   -32.3  -132.2   -32.3  -132.2
    47   -45.7   129.2   -45.7   129.2   -45.7   129.2   -45.7   129.2   -45.7   129.2
    51   -33.2    23.0   -33.2    23.0   -33.2    23.0   -33.2    23.0   -33.2    23.0
    55   -24.3   -48.0   -24.3   -48.0   -24.3   -48.0   -24.3   -48.0   -24.3   -48.0
    59   -22.4   -85.3   -22.4   -85.3   -22.4   -85.3   -22.4   -85.3   -22.4   -85.3
    63   -23.2  -124.0   -23.2  -124.0   -23.2  -124.0   -23.2  -124.0   -23.2  -124.0
    66   -26.8  -127.7   -26.8  -127.7   -26.8  -127.7   -26.8  -127.7   -26.8  -127.7
    70   -26.6  -135.7   -26.6  -135.7   -26.6  -135.7   -26.6  -135.7   -26.6  -135.7
    74   -19.8  -108.4   -19.8  -108.4   -19.8  -108.4   -19.8  -108.4   -19.8  -108.4
    78   -17.2  -165.8   -17.2  -165.8   -17.2  -165.8   -17.2  -165.8   -17.2  -165.8
    82   -13.9   179.1   -13.9   179.1   -13.9   179.1   -13.9   179.1   -13.9   179.1
    86   -14.0   157.6   -14.0   157.6   -14.0   157.6   -14.0   157.6   -14.0   157.6
    90   -14.5   166.5   -14.5   166.5   -14.5   166.5   -14.5   166.5   -14.5   166.5
    94   -13.1   153.0   -13.1   153.0   -13.1   153.0   -13.1   153.0   -13.1   153.0
    98   -12.0   145.0   -12.0   145.0   -12.0   145.0   -12.0   145.0   -12.0   145.0
   102   -11.3   127.9   -11.3   127.9   -11.3   127.9   -11.3   127.9   -11.3   127.9
   105   -11.1   105.3   -11.1   105.3   -11.1   105.3   -11.1   105.3   -11.1   105.3
   109   -11.5    92.8   -11.5    92.8   -11.5    92.8   -11.5    92.8   -11.5    92.8
   113   -11.5    96.1   -11.5    96.1   -11.5    96.1   -11.5    96.1   -11.5    96.1
   117    -8.8    87.4    -8.8    87.4    -8.8    87.4    -8.8    87.4    -8.8    87.4
   121    -8.7    74.3    -8.7    74.3    -8.7    74.3    -8.7    74.3    -8.7    74.3
   125    -8.2    60.6    -8.2    60.6    -8.2    60.6    -8.2    60.6    -8.2    60.6
   129    -8.9    45.8    -8.9    45.8    -8.9    45.8    -8.9    45.8    -8.9    45.8
   133    -7.9    46.3    -7.9    46.3    -7.9    46.3    -7.9    46.3    -7.9    46.3
   137    -8.0    37.1    -8.0    37.1    -8.0    37.1    -8.0    37.1    -8.0    37.1
   141    -6.8    31.4    -6.8    31.4    -6.8    31.4    -6.8    31.4    -6.8    31.4
   145    -6.8    20.2    -6.8    20.2    -6.8    20.2    -6.8    20.2    -6.8    20.2
   148    -6.2     9.9    -6.2     9.9    -6.2     9.9    -6.2     9.9    -6.2     9.9
   152    -6.0     1.5    -6.0     1.5    -6.0     1.5    -6.0     1.5    -6.0     1.5
   156    -5.4    -3.2    -5.4    -3.2    -5.4    -3.2    -5.4    -3.2    -5.4    -3.2
   160    -6.2   -10.9    -6.2   -10.9    -6.2   -10.9    -6.2   -10.9    -6.2   -10.9
   164    -5.1   -13.4    -5.1   -13.4    -5.1   -13.4    -5.1   -13.4    -5.1   -13.4
   168    -4.5   -29.2    -4.5   -29.2    -4.5   -29.2    -4.5   -29.2    -4.5   -29.2
   172    -4.7   -35.8    -4.7   -35.8    -4.7   -35.8    -4.7   -35.8    -4.7   -35.8
   176    -4.7   -43.3    -4.7   -43.3    -4.7   -43.3    -4.7   -43.3    -4.7   -43.3
   180    -4.7   -43.9    -4.7   -43.9    -4.7   -43.9    -4.7   -43.9    -4.7   -43.9
   184    -3.5   -53.8    -3.5   -53.8    -3.5   -53.8    -3.5   -53.8    -3.5   -53.8
   188    -3.7   -61.5    -3.7   -61.5    -3.7   -61.5    -3.7   -61.5    -3.7   -61.5
   191    -3.5   -71.7    -3.5   -71.7    -3.5   -71.7    -3.5   -71.7    -3.5   -71.7
   195    -3.4   -77.3    -3.4   -77.3    -3.4   -77.3    -3.4   -77.3    -3.4   -77.3
   199    -3.5   -81.6    -3.5   -81.6    -3.5   -81.6    -3.5   -81.6    -3.5   -81.6
   203    -3.0   -87.1    -3.0   -87.1    -3.0   -87.1    -3.0   -87.1    -3.0   -87.1
   207    -2.8   -95.2    -2.8   -95.2    -2.8   -95.2    -2.8   -95.2    -2.8   -95.2
   211    -2.7  -102.9    -2.7  -102.9    -2.7  -102.9    -2.7  -102.9    -2.7  -102.9
   215    -2.7  -109.5    -2.7  -109.5    -2.7  -109.5    -2.7  -109.5    -2.7  -109.5
   219    -2.5  -114.0    -2.5  -114.0    -2.5  -114.0    -2.5  -114.0    -2.5  -114.0
   223    -2.4  -119.7    -2.4  -119.7    -2.4  -119.7    -2.4  -119.7    -2.4  -119.7
   227    -2.0  -127.8    -2.0  -127.8    -2.0  -127.8    -2.0  -127.8    -2.0  -127.8
   230    -2.0  -133.9    -2.0  -133.9    -2.0  -133.9    -2.0  -133.9    -2.0  -133.9
   234    -1.9  -140.2    -1.9  -140.2    -1.9  -140.2    -1.9  -140.2    -1.9  -140.2
   238    -1.9  -145.5    -1.9  -145.5    -1.9  -145.5    -1.9  -145.5    -1.9  -145.5
   242    -1.7  -152.3    -1.7  -152.3    -1.7  -152.3    -1.7  -152.3    -1.7  -152.3
   246    -1.4  -157.0    -1.4  -157.0    -1.4  -157.0    -1.4  -157.0    -1.4  -157.0
   250    -1.4  -164.1    -1.4  -164.1    -1.4  -164.1    -1.4  -164.1    -1.4  -164.1
   254    -1.2  -170.2    -1.2  -170.2    -1.2  -170.2    -1.2  -170.2    -1.2  -170.2
   258    -1.3  -176.3    -1.3  -176.3    -1.3  -176.3    -1.3  -176.3    -1.3  -176.3
   262    -1.3   178.2    -1.3   178.2    -1.3   178.2    -1.3   178.2    -1.3   178.2
   266    -0.9   173.3    -0.9   173.3    -0.9   173.3    -0.9   173.3    -0.9   173.3
   270    -0.9   165.9    -0.9   165.9    -0.9   165.9    -0.9   165.9    -0.9   165.9
   273    -0.8   160.4    -0.8   160.4    -0.8   160.4    -0.8   160.4    -0.8   160.4
   277    -0.7   154.6    -0.7   154.6    -0.7   154.6    -0.7   154.6    -0.7   154.6
   281    -0.6   150.1    -0.6   150.1    -0.6   150.1    -0.6   150.1    -0.6   150.1
   285    -0.5   144.4    -0.5   144.4    -0.5   144.4    -0.5   144.4    -0.5   144.4
   289    -0.4   138.6    -0.4   138.6    -0.4   138.6    -0.4   138.6    -0.4   138.6
   293    -0.2   132.2    -0.2   132.2    -0.2   132.2    -0.2   132.2    -0.2   132.2
   297    -0.3   127.6    -0.3   127.6    -0.3   127.6    -0.3   127.6    -0.3   127.6
   301    -0.0   122.1    -0.0   122.1    -0.0   122.1    -0.0   122.1    -0.0   122.1
   305    -0.1   116.9    -0.1   116.9    -0.1   116.9    -0.1   116.9    -0.1   116.9
   309     0.0   110.6     0.0   110.6     0.0   110.6     0.0   110.6     0.0   110.6
   313     0.1   105.6     0.1   105.6     0.1   105.6     0.1   105.6     0.1   105.6
   316     0.2    99.1     0.2    99.1     0.2    99.1     0.2    99.1     0.2    99.1
   320     0.1    94.2     0.1    94.2     0.1    94.2     0.1    94.2     0.1    94.2
   324     0.2    88.6     0.2    88.6     0.2    88.6     0.2    88.6     0.2    88.6
   328     0.3    83.0     0.3    83.0     0.3    83.0     0.3    83.0     0.3    83.0
   332     0.6    78.6     0.6    78.6     0.6    78.6     0.6    78.6     0.6    78.6
   336     0.6    72.7     0.6    72.7     0.6    72.7     0.6    72.7     0.6    72.7
   340     0.6    66.4     0.6    66.4     0.6    66.4     0.6    66.4     0.6    66.4
   344     0.5    62.2     0.5    62.2     0.5    62.2     0.5    62.2     0.5    62.2
   348     0.6    56.1     0.6    56.1     0.6    56.1     0.6    56.1     0.6    56.1
   352     0.8    51.2     0.8    51.2     0.8    51.2     0.8    51.2     0.8    51.2
   355     1.0    45.9     1.0    45.9     1.0    45.9     1.0    45.9     1.0    45.9
   359     0.8    40.4     0.8    40.4     0.8    40.4     0.8    40.4     0.8    40.4
   363     0.9    35.4     0.9    35.4     0.9    35.4     0.9    35.4     0.9    35.4
   367     1.0    30.7     1.0    30.7     1.0    30.7     1.0    30.7     1.0    30.7
   371     1.1    24.9     1.1    24.9     1.1    24.9     1.1    24.9     1.1    24.9
   375     1.1    19.5     1.1    19.5     1.1    19.5     1.1    19.5     1.1    19.5
   379     1.3    13.5     1.3    13.5     1.3    13.5     1.3    13.5     1.3    13.5
   383     1.1     8.5     1.1     8.5     1.1     8.5     1.1     8.5     1.1     8.5
   387     1.1     4.2     1.1     4.2     1.1     4.2     1.1     4.2     1.1     4.2
   391     1.3    -0.9     1.3    -0.9     1.3    -0.9     1.3    -0.9     1.3    -0.9
   395     1.4    -6.3     1.4    -6.3     1.4    -6.3     1.4    -6.3     1.4    -6.3
   398     1.5   -12.1     1.5   -12.1     1.5   -12.1     1.5   -12.1     1.5   -12.1
   402     1.6   -17.5     1.6   -17.5     1.6   -17.5     1.6   -17.5     1.6   -17.5
   406     1.4   -21.5     1.4   -21.5     1.4   -21.5     1.4   -21.5     1.4   -21.5
   410     1.7   -27.7     1.7   -27.7     1.7   -27.7     1.7   -27.7     1.7   -27.7
   414     1.7   -32.7     1.7   -32.7     1.7   -32.7     1.7   -32.7     1.7   -32.7
   418     1.7   -37.9     1.7   -37.9     1.7   -37.9     1.7   -37.9     1.7   -37.9
   422     1.6   -42.5     1.6   -42.5     1.6   -42.5     1.6   -42.5     1.6   -42.5
   426     1.8   -49.6     1.8   -49.6     1.8   -49.6     1.8   -49.6     1.8   -49.6
   430     1.6   -52.8     1.6   -52.8     1.6   -52.8     1.6   -52.8     1.6   -52.8
   434     1.9   -58.0     1.9   -58.0     1.9   -58.0     1.9   -58.0     1.9   -58.0
   438     1.8   -64.4     1.8   -64.4     1.8   -64.4     1.8   -64.4     1.8   -64.4
   441     1.9   -68.4     1.9   -68.4     1.9   -68.4     1.9   -68.4     1.9   -68.4
   445     1.9   -73.8     1.9   -73.8     1.9   -73.8     1.9   -73.8     1.9   -73.8
   449     2.0   -79.2     2.0   -79.2     2.0   -79.2     2.0   -79.2     2.0   -79.2
   453     2.0   -84.0     2.0   -84.0     2.0   -84.0     2.0   -84.0     2.0   -84.0
   457     2.1   -88.5     2.1   -88.5     2.1   -88.5     2.1   -88.5     2.1   -88.5
   461     2.2   -95.2     2.2   -95.2     2.2   -95.2     2.2   -95.2     2.2   -95.2
   465     2.1   -99.0     2.1   -99.0     2.1   -99.0     2.1   -99.0     2.1   -99.0
   469     2.3  -105.1     2.3  -105.1     2.3  -105.1     2.3  -105.1     2.3  -105.1
   473     2.2  -110.2     2.2  -110.2     2.2  -110.2     2.2  -110.2     2.2  -110.2
   477     2.3  -115.1     2.3  -115.1     2.3  -115.1     2.3  -115.1     2.3  -115.1
   480     2.2  -119.6     2.2  -119.6     2.2  -119.6     2.2  -119.6     2.2  -119.6
   484     2.5  -125.4     2.5  -125.4     2.5  -125.4     2.5  -125.4     2.5  -125.4
   488     2.3  -130.4     2.3  -130.4     2.3  -130.4     2.3  -130.4     2.3  -130.4
   492     2.5  -134.8     2.5  -134.8     2.5  -134.8     2.5  -134.8     2.5  -134.8
   496     2.4  -141.3     2.4  -141.3     2.4  -141.3     2.4  -141.3     2.4  -141.3
   500     2.4  -144.9     2.4  -144.9     2.4  -144.9     2.4  -144.9     2.4  -144.9
   504     2.5  -150.4     2.5  -150.4     2.5  -150.4     2.5  -150.4     2.5  -150.4
   508     2.5  -155.6     2.5  -155.6     2.5  -155.6     2.5  -155.6     2.5  -155.6
   512     2.5  -161.3     2.5  -161.3     2.5  -161.3     2.5  -161.3     2.5  -161.3
   516     2.5  -165.2     2.5  -165.2     2.5  -165.2     2.5  -165.2     2.5  -165.2
   520     2.6  -171.7     2.6  -171.7     2.6  -171.7     2.6  -171.7     2.6  -171.7
   523     2.5  -175.9     2.5  -175.9     2.5  -175.9     2.5  -175.9     2.5  -175.9
   527     2.6   180.0     2.6   180.0     2.6   180.0     2.6   180.0     2.6   180.0
   531     2.6   173.4     2.6   173.4     2.6   173.4     2.6   173.4     2.6   173.4
   535     2.6   168.7     2.6   168.7     2.6   168.7     2.6   168.7     2.6   168.7
   539     2.6   164.0     2.6   164.0     2.6   164.0     2.6   164.0     2.6   164.0
   543     2.6   158.9     2.6   158.9     2.6   158.9     2.6   158.9     2.6   158.9
   547     2.6   154.0     2.6   154.0     2.6   154.0     2.6   154.0     2.6   154.0
   551     2.6   149.0     2.6   149.0     2.6   149.0     2.6   149.0     2.6   149.0
   555     2.7   143.0     2.7   143.0     2.7   143.0     2.7   143.0     2.7   143.0
   559     2.6   138.0     2.6   138.0     2.6   138.0     2.6   138.0     2.6   138.0
   563     2.7   133.4     2.7   133.4     2.7   133.4     2.7   133.4     2.7   133.4
   566     2.6   128.1     2.6   128.1     2.6   128.1     2.6   128.1     2.6   128.1
   570     2.7   123.3     2.7   123.3     2.7   123.3     2.7   123.3     2.7   123.3
   574     2.7   117.7     2.7   117.7     2.7   117.7     2.7   117.7     2.7   117.7
   578     2.7   112.5     2.7   112.5     2.7   112.5     2.7   112.5     2.7   112.5
   582     2.7   107.6     2.7   107.6     2.7   107.6     2.7   107.6     2.7   107.6
   586     2.7   102.8     2.7   102.8     2.7   102.8     2.7   102.8     2.7   102.8
   590     2.7    97.1     2.7    97.1     2.7    97.1     2.7    97.1     2.7    97.1
   594     2.7    92.6     2.7    92.6     2.7    92.6     2.7    92.6     2.7    92.6
   598     2.6    86.9     2.6    86.9     2.6    86.9     2.6    86.9     2.6    86.9
   602     2.7    82.4     2.7    82.4     2.7    82.4     2.7    82.4     2.7    82.4
   605     2.7    77.2     2.7    77.2     2.7    77.2     2.7    77.2     2.7    77.2
   609     2.6    72.3     2.6    72.3     2.6    72.3     2.6    72.3     2.6    72.3
   613     2.7    67.2     2.7    67.2     2.7    67.2     2.7    67.2     2.7    67.2
   617     2.6    62.1     2.6    62.1     2.6    62.1     2.6    62.1     2.6    62.1
   621     2.6    57.1     2.6    57.1     2.6    57.1     2.6    57.1     2.6    57.1
   625     2.6    52.3     2.6    52.3     2.6    52.3     2.6    52.3     2.6    52.3
   629     2.6    47.2     2.6    47.2     2.6    47.2     2.6    47.2     2.6    47.2
   633     2.6    42.1     2.6    42.1     2.6    42.1     2.6    42.1     2.6    42.1
   637     2.6    37.0     2.6    37.0     2.6    37.0     2.6    37.0     2.6    37.0
   641     2.6    32.3     2.6    32.3     2.6    32.3     2.6    32.3     2.6    32.3
   645     2.5    27.7     2.5    27.7     2.5    27.7     2.5    27.7     2.5    27.7
   648     2.5    22.2     2.5    22.2     2.5    22.2     2.5    22.2     2.5    22.2
   652     2.5    17.7     2.5    17.7     2.5    17.7     2.5    17.7     2.5    17.7
   656     2.4    12.5     2.4    12.5     2.4    12.5     2.4    12.5     2.4    12.5
   660     2.3     7.8     2.3     7.8     2.3     7.8     2.3     7.8     2.3     7.8
   664     2.5     2.9     2.5     2.9     2.5     2.9     2.5     2.9     2.5     2.9
   668     2.3    -2.1     2.3    -2.1     2.3    -2.1     2.3    -2.1     2.3    -2.1
   672     2.3    -7.5     2.3    -7.5     2.3    -7.5     2.3    -7.5     2.3    -7.5
   676     2.3   -12.5     2.3   -12.5     2.3   -12.5     2.3   -12.5     2.3   -12.5
   680     2.2   -16.8     2.2   -16.8     2.2   -16.8     2.2   -16.8     2.2   -16.8
   684     2.3   -22.5     2.3   -22.5     2.3   -22.5     2.3   -22.5     2.3   -22.5
   688     2.2   -26.8     2.2   -26.8     2.2   -26.8     2.2   -26.8     2.2   -26.8
   691     2.1   -32.2     2.1   -32.2     2.1   -32.2     2.1   -32.2     2.1   -32.2
   695     2.1   -37.5     2.1   -37.5     2.1   -37.5     2.1   -37.5     2.1   -37.5
   699     2.1   -42.3     2.1   -42.3     2.1   -42.3     2.1   -42.3     2.1   -42.3
   703     2.0   -46.9     2.0   -46.9     2.0   -46.9     2.0   -46.9     2.0   -46.9
   707     2.1   -51.9     2.1   -51.9     2.1   -51.9     2.1   -51.9     2.1   -51.9
   711     2.0   -56.9     2.0   -56.9     2.0   -56.9     2.0   -56.9     2.0   -56.9
   715     1.9   -61.6     1.9   -61.6     1.9   -61.6     1.9   -61.6     1.9   -61.6
   719     2.0   -67.2     2.0   -67.2     2.0   -67.2     2.0   -67.2     2.0   -67.2
   723     1.9   -72.2     1.9   -72.2     1.9   -72.2     1.9   -72.2     1.9   -72.2
   727     1.7   -76.6     1.7   -76.6     1.7   -76.6     1.7   -76.6     1.7   -76.6
   730     1.7   -81.3     1.7   -81.3     1.7   -81.3     1.7   -81.3     1.7   -81.3
   734     1.7   -86.2     1.7   -86.2     1.7   -86.2     1.7   -86.2     1.7   -86.2
   738     1.6   -91.4     1.6   -91.4     1.6   -91.4     1.6   -91.4     1.6   -91.4
   742     1.7   -96.2     1.7   -96.2     1.7   -96.2     1.7   -96.2     1.7   -96.2
   746     1.5  -101.1     1.5  -101.1     1.5  -101.1     1.5  -101.1     1.5  -101.1
   750     1.4  -106.3     1.4  -106.3     1.4  -106.3     1.4  -106.3     1.4  -106.3
   754     1.4  -110.5     1.4  -110.5     1.4  -110.5     1.4  -110.5     1.4  -110.5
   758     1.4  -115.3     1.4  -115.3     1.4  -115.3     1.4  -115.3     1.4  -115.3
   762     1.4  -120.6     1.4  -120.6     1.4  -120.6     1.4  -120.6     1.4  -120.6
   766     1.3  -125.4     1.3  -125.4     1.3  -125.4     1.3  -125.4     1.3  -125.4
   770     1.2  -129.2     1.2  -129.2     1.2  -129.2     1.2  -129.2     1.2  -129.2
   773     1.2  -134.8     1.2  -134.8     1.2  -134.8     1.2  -134.8     1.2  -134.8
   777     1.1  -139.6     1.1  -139.6     1.1  -139.6     1.1  -139.6     1.1  -139.6
   781     1.1  -143.8     1.1  -143.8     1.1  -143.8     1.1  -143.8     1.1  -143.8
   785     1.0  -148.8     1.0  -148.8     1.0  -148.8     1.0  -148.8     1.0  -148.8
   789     1.0  -153.8     1.0  -153.8     1.0  -153.8     1.0  -153.8     1.0  -153.8
   793     0.9  -158.7     0.9  -158.7     0.9  -158.7     0.9  -158.7     0.9  -158.7
   797     0.8  -163.1     0.8  -163.1     0.8  -163.1     0.8  -163.1     0.8  -163.1
   801     0.8  -168.1     0.8  -168.1     0.8  -168.1     0.8  -168.1     0.8  -168.1
   805     0.5  -172.8     0.5  -172.8     0.5  -172.8     0.5  -172.8     0.5  -172.8
   809     0.6  -176.9     0.6  -176.9     0.6  -176.9     0.6  -176.9     0.6  -176.9
   813     0.5   177.2     0.5   177.2     0.5   177.2     0.5   177.2     0.5   177.2
   816     0.4   173.9     0.4   173.9     0.4   173.9     0.4   173.9     0.4   173.9
   820     0.4   168.6     0.4   168.6     0.4   168.6     0.4   168.6     0.4   168.6
   824     0.4   163.8     0.4   163.8     0.4   163.8     0.4   163.8     0.4   163.8
   828     0.2   158.4     0.2   158.4     0.2   158.4     0.2   158.4     0.2   158.4
   832     0.2   154.4     0.2   154.4     0.2   154.4     0.2   154.4     0.2   154.4
   836     0.2   149.8     0.2   149.8     0.2   149.8     0.2   149.8     0.2   149.8
   840     0.0   144.4     0.0   144.4     0.0   144.4     0.0   144.4     0.0   144.4
   844     0.0   140.3     0.0   140.3     0.0   140.3     0.0   140.3     0.0   140.3
   848    -0.1   134.8    -0.1   134.8    -0.1   134.8    -0.1   134.8    -0.1   134.8
   852    -0.2   130.7    -0.2   130.7    -0.2   130.7    -0.2   130.7    -0.2   130.7
   855    -0.2   125.7    -0.2   125.7    -0.2   125.7    -0.2   125.7    -0.2   125.7
   859    -0.3   121.6    -0.3   121.6    -0.3   121.6    -0.3   121.6    -0.3   121.6
   863    -0.3   115.9    -0.3   115.9    -0.3   115.9    -0.3   115.9    -0.3   115.9
   867    -0.5   112.2    -0.5   112.2    -0.5   112.2    -0.5   112.2    -0.5   112.2
   871    -0.5   108.0    -0.5   108.0    -0.5   108.0    -0.5   108.0    -0.5   108.0
   875    -0.6   102.4    -0.6   102.4    -0.6   102.4    -0.6   102.4    -0.6   102.4
   879    -0.5    98.6    -0.5    98.6    -0.5    98.6    -0.5    98.6    -0.5    98.6
   883    -0.8    93.6    -0.8    93.6    -0.8    93.6    -0.8    93.6    -0.8    93.6
   887    -0.7    89.5    -0.7    89.5    -0.7    89.5    -0.7    89.5    -0.7    89.5
   891    -0.8    84.4    -0.8    84.4    -0.8    84.4    -0.8    84.4    -0.8    84.4
   895    -1.0    79.9    -1.0    79.9    -1.0    79.9    -1.0    79.9    -1.0    79.9
   898    -0.9    75.3    -0.9    75.3    -0.9    75.3    -0.9    75.3    -0.9    75.3
   902    -1.1    70.9    -1.1    70.9    -1.1    70.9    -1.1    70.9    -1.1    70.9
   906    -1.2    65.8    -1.2    65.8    -1.2    65.8    -1.2    65.8    -1.2    65.8
   910    -1.2    61.8    -1.2    61.8    -1.2    61.8    -1.2    61.8    -1.2    61.8
   914    -1.3    57.4    -1.3    57.4    -1.3    57.4    -1.3    57.4    -1.3    57.4
   918    -1.4    51.8    -1.4    51.8    -1.4    51.8    -1.4    51.8    -1.4    51.8
   922    -1.5    48.4    -1.5    48.4    -1.5    48.4    -1.5    48.4    -1.5    48.4
   926    -1.5    43.4    -1.5    43.4    -1.5    43.4    -1.5    43.4    -1.5    43.4
   930    -1.6    38.6    -1.6    38.6    -1.6    38.6    -1.6    38.6    -1.6    38.6
   934    -1.7    34.2    -1.7    34.2    -1.7    34.2    -1.7    34.2    -1.7    34.2
   938    -1.8    30.1    -1.8    30.1    -1.8    30.1    -1.8    30.1    -1.8    30.1
   941    -1.8    24.5    -1.8    24.5    -1.8    24.5    -1.8    24.5    -1.8    24.5
   945    -2.0    21.0    -2.0    21.0    -2.0    21.0    -2.0    21.0    -2.0    21.0
   949    -2.0    15.8    -2.0    15.8    -2.0    15.8    -2.0    15.8    -2.0    15.8
   953    -2.1    11.2    -2.1    11.2    -2.1    11.2    -2.1    11.2    -2.1    11.2
   957    -2.2     7.1    -2.2     7.1    -2.2     7.1    -2.2     7.1    -2.2     7.1
   961    -2.1     2.1    -2.1     2.1    -2.1     2.1    -2.1     2.1    -2.1     2.1
   965    -2.3    -2.7    -2.3    -2.7    -2.3    -2.7    -2.3    -2.7    -2.3    -2.7
   969    -2.3    -6.7    -2.3    -6.7    -2.3    -6.7    -2.3    -6.7    -2.3    -6.7
   973    -2.5   -10.8    -2.5   -10.8    -2.5   -10.8    -2.5   -10.8    -2.5   -10.8
   977    -2.5   -15.6    -2.5   -15.6    -2.5   -15.6    -2.5   -15.6    -2.5   -15.6
   980    -2.6   -20.0    -2.6   -20.0    -2.6   -20.0    -2.6   -20.0    -2.6   -20.0
   984    -2.6   -24.3    -2.6   -24.3    -2.6   -24.3    -2.6   -24.3    -2.6   -24.3
   988    -2.7   -29.1    -2.7   -29.1    -2.7   -29.1    -2.7   -29.1    -2.7   -29.1
   992    -2.9   -33.5    -2.9   -33.5    -2.9   -33.5    -2.9   -33.5    -2.9   -33.5
   996    -2.9   -37.4    -2.9   -37.4    -2.9   -37.4    -2.9   -37.4    -2.9   -37.4
  1000    -2.8   -42.5    -2.8   -42.5    -2.8   -42.5    -2.8   -42.5    -2.8   -42.5
  1004    -3.2   -46.6    -3.2   -46.6    -3.2   -46.6    -3.2   -46.6    -3.2   -46.6
  1008    -3.1   -50.8    -3.1   -50.8    -3.1   -50.8    -3.1   -50.8    -3.1   -50.8
  1012    -3.4   -55.5    -3.4   -55.5    -3.4   -55.5    -3.4   -55.5    -3.4   -55.5
  1016    -3.3   -60.3    -3.3   -60.3    -3.3   -60.3    -3.3   -60.3    -3.3   -60.3
  1020    -3.4   -64.4    -3.4   -64.4    -3.4   -64.4    -3.4   -64.4    -3.4   -64.4
  1023    -3.5   -68.0    -3.5   -68.0    -3.5   -68.0    -3.5   -68.0    -3.5   -68.0
  1027    -3.6   -73.8    -3.6   -73.8    -3.6   -73.8    -3.6   -73.8    -3.6   -73.8
  1031    -3.6   -77.8    -3.6   -77.8    -3.6   -77.8    -3.6   -77.8    -3.6   -77.8
  1035    -3.9   -82.7    -3.9   -82.7    -3.9   -82.7    -3.9   -82.7    -3.9   -82.7
  1039    -4.0   -87.3    -4.0   -87.3    -4.0   -87.3    -4.0   -87.3    -4.0   -87.3
  1043    -3.9   -90.7    -3.9   -90.7    -3.9   -90.7    -3.9   -90.7    -3.9   -90.7
  1047    -4.1   -95.8    -4.1   -95.8    -4.1   -95.8    -4.1   -95.8    -4.1   -95.8
  1051    -3.9  -100.0    -3.9  -100.0    -3.9  -100.0    -3.9  -100.0    -3.9  -100.0
  1055    -4.3  -104.4    -4.3  -104.4    -4.3  -104.4    -4.3  -104.4    -4.3  -104.4
  1059    -4.4  -108.8    -4.4  -108.8    -4.4  -108.8    -4.4  -108.8    -4.4  -108.8
  1063    -4.4  -112.7    -4.4  -112.7    -4.4  -112.7    -4.4  -112.7    -4.4  -112.7
  1066    -4.4  -117.3    -4.4  -117.3    -4.4  -117.3    -4.4  -117.3    -4.4  -117.3
  1070    -4.5  -122.7    -4.5  -122.7    -4.5  -122.7    -4.5  -122.7    -4.5  -122.7
  1074    -4.7  -126.2    -4.7  -126.2    -4.7  -126.2    -4.7  -126.2    -4.7  -126.2
  1078    -4.8  -130.5    -4.8  -130.5    -4.8  -130.5    -4.8  -130.5    -4.8  -130.5
  1082    -4.7  -135.6    -4.7  -135.6    -4.7  -135.6    -4.7  -135.6    -4.7  -135.6
  1086    -5.0  -139.3    -5.0  -139.3    -5.0  -139.3    -5.0  -139.3    -5.0  -139.3
  1090    -4.9  -143.1    -4.9  -143.1    -4.9  -143.1    -4.9  -143.1    -4.9  -143.1
  1094    -5.1  -148.6    -5.1  -148.6    -5.1  -148.6    -5.1  -148.6    -5.1  -148.6
  1098    -5.3  -152.1    -5.3  -152.1    -5.3  -152.1    -5.3  -152.1    -5.3  -152.1
  1102    -5.2  -157.2    -5.2  -157.2    -5.2  -157.2    -5.2  -157.2    -5.2  -157.2
  1105    -5.3  -160.9    -5.3  -160.9    -5.3  -160.9    -5.3  -160.9    -5.3  -160.9
  1109    -5.4  -166.5    -5.4  -166.5    -5.4  -166.5    -5.4  -166.5    -5.4  -166.5
  1113    -5.6  -169.9    -5.6  -169.9    -5.6  -169.9    -5.6  -169.9    -5.6  -169.9
  1117    -5.8  -173.7    -5.8  -173.7    -5.8  -173.7    -5.8  -173.7    -5.8  -173.7
  1121    -5.7  -179.6    -5.7  -179.6    -5.7  -179.6    -5.7  -179.6    -5.7  -179.6
  1125    -5.9   176.5    -5.9   176.5    -5.9   176.5    -5.9   176.5    -5.9   176.5
  1129    -5.9   173.6    -5.9   173.6    -5.9   173.6    -5.9   173.6    -5.9   173.6
  1133    -6.0   166.3    -6.0   166.3    -6.0   166.3    -6.0   166.3    -6.0   166.3
  1137    -6.3   163.7    -6.3   163.7    -6.3   163.7    -6.3   163.7    -6.3   163.7
  1141    -6.2   158.5    -6.2   158.5    -6.2   158.5    -6.2   158.5    -6.2   158.5
  1145    -6.5   154.8    -6.5   154.8    -6.5   154.8    -6.5   154.8    -6.5   154.8
  1148    -6.4   149.4    -6.4   149.4    -6.4   149.4    -6.4   149.4    -6.4   149.4
  1152    -6.7   145.8    -6.7   145.8    -6.7   145.8    -6.7   145.8    -6.7   145.8
  1156    -6.6   141.7    -6.6   141.7    -6.6   141.7    -6.6   141.7    -6.6   141.7
  1160    -6.8   136.5    -6.8   136.5    -6.8   136.5    -6.8   136.5    -6.8   136.5
  1164    -7.0   133.8    -7.0   133.8    -7.0   133.8    -7.0   133.8    -7.0   133.8
  1168    -6.9   128.6    -6.9   128.6    -6.9   128.6    -6.9   128.6    -6.9   128.6
  1172    -7.2   125.8    -7.2   125.8    -7.2   125.8    -7.2   125.8    -7.2   125.8
  1176    -7.2   120.4    -7.2   120.4    -7.2   120.4    -7.2   120.4    -7.2   120.4
  1180    -7.2   115.9    -7.2   115.9    -7.2   115.9    -7.2   115.9    -7.2   115.9
  1184    -7.5   112.1    -7.5   112.1    -7.5   112.1    -7.5   112.1    -7.5   112.1
  1188    -7.7   107.3    -7.7   107.3    -7.7   107.3    -7.7   107.3    -7.7   107.3
  1191    -7.6   104.4    -7.6   104.4    -7.6   104.4    -7.6   104.4    -7.6   104.4
  1195    -7.9    98.3    -7.9    98.3    -7.9    98.3    -7.9    98.3    -7.9    98.3
  1199    -8.0    94.6    -8.0    94.6    -8.0    94.6    -8.0    94.6    -8.0    94.6
  1203    -8.0    90.3    -8.0    90.3    -8.0    90.3    -8.0    90.3    -8.0    90.3
  1207    -8.3    85.4    -8.3    85.4    -8.3    85.4    -8.3    85.4    -8.3    85.4
  1211    -8.3    81.9    -8.3    81.9    -8.3    81.9    -8.3    81.9    -8.3    81.9
  1215    -8.4    77.2    -8.4    77.2    -8.4    77.2    -8.4    77.2    -8.4    77.2
  1219    -8.4    71.8    -8.4    71.8    -8.4    71.8    -8.4    71.8    -8.4    71.8
  1223    -8.7    68.3    -8.7    68.3    -8.7    68.3    -8.7    68.3    -8.7    68.3
  1227    -8.8    64.2    -8.8    64.2    -8.8    64.2    -8.8    64.2    -8.8    64.2
  1230    -9.0    59.4    -9.0    59.4    -9.0    59.4    -9.0    59.4    -9.0    59.4
  1234    -9.1    56.4    -9.1    56.4    -9.1    56.4    -9.1    56.4    -9.1    56.4
  1238    -9.3    51.7    -9.3    51.7    -9.3    51.7    -9.3    51.7    -9.3    51.7
  1242    -9.2    48.6    -9.2    48.6    -9.2    48.6    -9.2    48.6    -9.2    48.6
  1246    -9.5    43.6    -9.5    43.6    -9.5    43.6    -9.5    43.6    -9.5    43.6
  1250    -9.8    40.4    -9.8    40.4    -9.8    40.4    -9.8    40.4    -9.8    40.4
  1254    -9.9    34.7    -9.9    34.7    -9.9    34.7    -9.9    34.7    -9.9    34.7
  1258   -10.0    30.9   -10.0    30.9   -10.0    30.9   -10.0    30.9   -10.0    30.9
  1262   -10.3    25.7   -10.3    25.7   -10.3    25.7   -10.3    25.7   -10.3    25.7
  1266   -10.3    22.5   -10.3    22.5   -10.3    22.5   -10.3    22.5   -10.3    22.5
  1270   -10.5    17.7   -10.5    17.7   -10.5    17.7   -10.5    17.7   -10.5    17.7
  1273   -10.6    12.9   -10.6    12.9   -10.6    12.9   -10.6    12.9   -10.6    12.9
  1277   -10.7     9.5   -10.7     9.5   -10.7     9.5   -10.7     9.5   -10.7     9.5
  1281   -10.7     4.1   -10.7     4.1   -10.7     4.1   -10.7     4.1   -10.7     4.1
  1285   -11.1     0.1   -11.1     0.1   -11.1     0.1   -11.1     0.1   -11.1     0.1
  1289   -11.3    -2.4   -11.3    -2.4   -11.3    -2.4   -11.3    -2.4   -11.3    -2.4
  1293   -11.5    -7.1   -11.5    -7.1   -11.5    -7.1   -11.5    -7.1   -11.5    -7.1
  1297   -11.9   -14.2   -11.9   -14.2   -11.9   -14.2   -11.9   -14.2   -11.9   -14.2
  1301   -11.8   -15.6   -11.8   -15.6   -11.8   -15.6   -11.8   -15.6   -11.8   -15.6
  1305   -12.0   -19.7   -12.0   -19.7   -12.0   -19.7   -12.0   -19.7   -12.0   -19.7
  1309   -12.5   -25.8   -12.5   -25.8   -12.5   -25.8   -12.5   -25.8   -12.5   -25.8
  1313   -12.4   -30.0   -12.4   -30.0   -12.4   -30.0   -12.4   -30.0   -12.4   -30.0
  1316   -12.8   -34.7   -12.8   -34.7   -12.8   -34.7   -12.8   -34.7   -12.8   -34.7
  1320   -12.8   -36.9   -12.8   -36.9   -12.8   -36.9   -12.8   -36.9   -12.8   -36.9
  1324   -13.2   -41.2   -13.2   -41.2   -13.2   -41.2   -13.2   -41.2   -13.2   -41.2
  1328   -13.3   -43.7   -13.3   -43.7   -13.3   -43.7   -13.3   -43.7   -13.3   -43.7
  1332   -13.8   -48.2   -13.8   -48.2   -13.8   -48.2   -13.8   -48.2   -13.8   -48.2
  1336   -13.8   -52.7   -13.8   -52.7   -13.8   -52.7   -13.8   -52.7   -13.8   -52.7
  1340   -14.2   -57.9   -14.2   -57.9   -14.2   -57.9   -14.2   -57.9   -14.2   -57.9
  1344   -14.6   -62.1   -14.6   -62.1   -14.6   -62.1   -14.6   -62.1   -14.6   -62.1
  1348   -14.7   -66.6   -14.7   -66.6   -14.7   -66.6   -14.7   -66.6   -14.7   -66.6
  1352   -15.2   -70.8   -15.2   -70.8   -15.2   -70.8   -15.2   -70.8   -15.2   -70.8
  1355   -15.2   -73.0   -15.2   -73.0   -15.2   -73.0   -15.2   -73.0   -15.2   -73.0
  1359   -15.9   -79.1   -15.9   -79.1   -15.9   -79.1   -15.9   -79.1   -15.9   -79.1
  1363   -15.7   -78.7   -15.7   -78.7   -15.7   -78.7   -15.7   -78.7   -15.7   -78.7
  1367   -16.2   -86.8   -16.2   -86.8   -16.2   -86.8   -16.2   -86.8   -16.2   -86.8
  1371   -16.8   -86.2   -16.8   -86.2   -16.8   -86.2   -16.8   -86.2   -16.8   -86.2
  1375   -16.4   -91.4   -16.4   -91.4   -16.4   -91.4   -16.4   -91.4   -16.4   -91.4
  1379   -17.2   -93.5   -17.2   -93.5   -17.2   -93.5   -17.2   -93.5   -17.2   -93.5
  1383   -17.3  -100.2   -17.3  -100.2   -17.3  -100.2   -17.3  -100.2   -17.3  -100.2
  1387   -17.9  -108.3   -17.9  -108.3   -17.9  -108.3   -17.9  -108.3   -17.9  -108.3
  1391   -19.0  -109.5   -19.0  -109.5   -19.0  -109.5   -19.0  -109.5   -19.0  -109.5
  1395   -18.7  -109.1   -18.7  -109.1   -18.7  -109.1   -18.7  -109.1   -18.7  -109.1
  1398   -19.8  -113.5   -19.8  -113.5   -19.8  -113.5   -19.8  -113.5   -19.8  -113.5
  1402   -20.3  -114.6   -20.3  -114.6   -20.3  -114.6   -20.3  -114.6   -20.3  -114.6
  1406   -19.8  -119.5   -19.8  -119.5   -19.8  -119.5   -19.8  -119.5   -19.8  -119.5
  1410   -21.3  -125.7   -21.3  -125.7   -21.3  -125.7   -21.3  -125.7   -21.3  -125.7
  1414   -22.0  -132.2   -22.0  -132.2   -22.0  -132.2   -22.0  -132.2   -22.0  -132.2
  1418   -22.1  -127.0   -22.1  -127.0   -22.1  -127.0   -22.1  -127.0   -22.1  -127.0
  1422   -23.9  -136.9   -23.9  -136.9   -23.9  -136.9   -23.9  -136.9   -23.9  -136.9
  1426   -24.3  -135.8   -24.3  -135.8   -24.3  -135.8   -24.3  -135.8   -24.3  -135.8
  1430   -23.9  -132.8   -23.9  -132.8   -23.9  -132.8   -23.9  -132.8   -23.9  -132.8
  1434   -27.0  -129.7   -27.0  -129.7   -27.0  -129.7   -27.0  -129.7   -27.0  -129.7
  1438   -26.4  -138.1   -26.4  -138.1   -26.4  -138.1   -26.4  -138.1   -26.4  -138.1
  1441   -27.7  -144.6   -27.7  -144.6   -27.7  -144.6   -27.7  -144.6   -27.7  -144.6
  1445   -28.2  -130.6   -28.2  -130.6   -28.2  -130.6   -28.2  -130.6   -28.2  -130.6
  1449   -30.3  -132.0   -30.3  -132.0   -30.3  -132.0   -30.3  -132.0   -30.3  -132.0
  1453   -28.9  -106.2   -28.9  -106.2   -28.9  -106.2   -28.9  -106.2   -28.9  -106.2
  1457   -30.0  -110.9   -30.0  -110.9   -30.0  -110.9   -30.0  -110.9   -30.0  -110.9
  1461   -30.8   -97.0   -30.8   -97.0   -30.8   -97.0   -30.8   -97.0   -30.8   -97.0
  1465   -30.2   -93.1   -30.2   -93.1   -30.2   -93.1   -30.2   -93.1   -30.2   -93.1
  1469   -28.8   -85.1   -28.8   -85.1   -28.8   -85.1   -28.8   -85.1   -28.8   -85.1
  1473   -28.2   -87.9   -28.2   -87.9   -28.2   -87.9   -28.2   -87.9   -28.2   -87.9
  1477   -26.0   -85.2   -26.0   -85.2   -26.0   -85.2   -26.0   -85.2   -26.0   -85.2
  1480   -27.0   -82.7   -27.0   -82.7   -27.0   -82.7   -27.0   -82.7   -27.0   -82.7
  1484   -26.8   -78.9   -26.8   -78.9   -26.8   -78.9   -26.8   -78.9   -26.8   -78.9
  1488   -24.3   -75.2   -24.3   -75.2   -24.3   -75.2   -24.3   -75.2   -24.3   -75.2
  1492   -22.7   -77.2   -22.7   -77.2   -22.7   -77.2   -22.7   -77.2   -22.7   -77.2
  1496   -23.6   -82.2   -23.6   -82.2   -23.6   -82.2   -23.6   -82.2   -23.6   -82.2
  1500   -21.3   -84.8   -21.3   -84.8   -21.3   -84.8   -21.3   -84.8   -21.3   -84.8
  1504   -21.8   -87.8   -21.8   -87.8   -21.8   -87.8   -21.8   -87.8   -21.8   -87.8
  1508   -20.0   -89.4   -20.0   -89.4   -20.0   -89.4   -20.0   -89.4   -20.0   -89.4
  1512   -18.7   -91.4   -18.7   -91.4   -18.7   -91.4   -18.7   -91.4   -18.7   -91.4
  1516   -19.1   -93.1   -19.1   -93.1   -19.1   -93.1   -19.1   -93.1   -19.1   -93.1
  1520   -18.0   -97.0   -18.0   -97.0   -18.0   -97.0   -18.0   -97.0   -18.0   -97.0
  1523   -18.0  -101.5   -18.0  -101.5   -18.0  -101.5   -18.0  -101.5   -18.0  -101.5
  1527   -17.6  -106.5   -17.6  -106.5   -17.6  -106.5   -17.6  -106.5   -17.6  -106.5
  1531   -16.3  -108.8   -16.3  -108.8   -16.3  -108.8   -16.3  -108.8   -16.3  -108.8
  1535   -16.2  -110.4   -16.2  -110.4   -16.2  -110.4   -16.2  -110.4   -16.2  -110.4
  1539   -16.0  -113.0   -16.0  -113.0   -16.0  -113.0   -16.0  -113.0   -16.0  -113.0
  1543   -15.4  -117.9   -15.4  -117.9   -15.4  -117.9   -15.4  -117.9   -15.4  -117.9
  1547   -14.9  -124.1   -14.9  -124.1   -14.9  -124.1   -14.9  -124.1   -14.9  -124.1
  1551   -14.5  -129.4   -14.5  -129.4   -14.5  -129.4   -14.5  -129.4   -14.5  -129.4
  1555   -14.3  -132.7   -14.3  -132.7   -14.3  -132.7   -14.3  -132.7   -14.3  -132.7
  1559   -14.2  -138.5   -14.2  -138.5   -14.2  -138.5   -14.2  -138.5   -14.2  -138.5
  1563   -13.3  -141.1   -13.3  -141.1   -13.3  -141.1   -13.3  -141.1   -13.3  -141.1
  1566   -13.0  -145.2   -13.0  -145.2   -13.0  -145.2   -13.0  -145.2   -13.0  -145.2
  1570   -12.8  -149.2   -12.8  -149.2   -12.8  -149.2   -12.8  -149.2   -12.8  -149.2
  1574   -12.3  -152.7   -12.3  -152.7   -12.3  -152.7   -12.3  -152.7   -12.3  -152.7
  1578   -12.4  -157.4   -12.4  -157.4   -12.4  -157.4   -12.4  -157.4   -12.4  -157.4
  1582   -11.6  -162.5   -11.6  -162.5   -11.6  -162.5   -11.6  -162.5   -11.6  -162.5
  1586   -11.5  -164.1   -11.5  -164.1   -11.5  -164.1   -11.5  -164.1   -11.5  -164.1
  1590   -11.1  -170.8   -11.1  -170.8   -11.1  -170.8   -11.1  -170.8   -11.1  -170.8
  1594   -10.8  -171.8   -10.8  -171.8   -10.8  -171.8   -10.8  -171.8   -10.8  -171.8
  1598   -10.6  -177.9   -10.6  -177.9   -10.6  -177.9   -10.6  -177.9   -10.6  -177.9
  1602   -10.2   178.1   -10.2   178.1   -10.2   178.1   -10.2   178.1   -10.2   178.1
  1605   -10.0   174.4   -10.0   174.4   -10.0   174.4   -10.0   174.4   -10.0   174.4
  1609    -9.9   168.6    -9.9   168.6    -9.9   168.6    -9.9   168.6    -9.9   168.6
  1613    -9.6   166.3    -9.6   166.3    -9.6   166.3    -9.6   166.3    -9.6   166.3
  1617    -9.4   160.0    -9.4   160.0    -9.4   160.0    -9.4   160.0    -9.4   160.0
  1621    -8.9   157.5    -8.9   157.5    -8.9   157.5    -8.9   157.5    -8.9   157.5
  1625    -8.8   151.7    -8.8   151.7    -8.8   151.7    -8.8   151.7    -8.8   151.7
  1629    -8.4   148.3    -8.4   148.3    -8.4   148.3    -8.4   148.3    -8.4   148.3
  1633    -8.5   143.9    -8.5   143.9    -8.5   143.9    -8.5   143.9    -8.5   143.9
  1637    -8.1   140.3    -8.1   140.3    -8.1   140.3    -8.1   140.3    -8.1   140.3
  1641    -7.7   135.8    -7.7   135.8    -7.7   135.8    -7.7   135.8    -7.7   135.8
  1645    -7.6   131.2    -7.6   131.2    -7.6   131.2    -7.6   131.2    -7.6   131.2
  1648    -7.4   125.8    -7.4   125.8    -7.4   125.8    -7.4   125.8    -7.4   125.8
  1652    -7.2   122.0    -7.2   122.0    -7.2   122.0    -7.2   122.0    -7.2   122.0
  1656    -6.9   118.4    -6.9   118.4    -6.9   118.4    -6.9   118.4    -6.9   118.4
  1660    -6.7   113.9    -6.7   113.9    -6.7   113.9    -6.7   113.9    -6.7   113.9
  1664    -6.5   109.4    -6.5   109.4    -6.5   109.4    -6.5   109.4    -6.5   109.4
  1668    -6.4   104.9    -6.4   104.9    -6.4   104.9    -6.4   104.9    -6.4   104.9
  1672    -6.2   100.5    -6.2   100.5    -6.2   100.5    -6.2   100.5    -6.2   100.5
  1676    -5.8    96.6    -5.8    96.6    -5.8    96.6    -5.8    96.6    -5.8    96.6
  1680    -5.7    91.9    -5.7    91.9    -5.7    91.9    -5.7    91.9    -5.7    91.9
  1684    -5.5    87.8    -5.5    87.8    -5.5    87.8    -5.5    87.8    -5.5    87.8
  1688    -5.3    83.4    -5.3    83.4    -5.3    83.4    -5.3    83.4    -5.3    83.4
  1691    -5.2    78.1    -5.2    78.1    -5.2    78.1    -5.2    78.1    -5.2    78.1
  1695    -5.0    73.9    -5.0    73.9    -5.0    73.9    -5.0    73.9    -5.0    73.9
  1699    -4.7    70.0    -4.7    70.0    -4.7    70.0    -4.7    70.0    -4.7    70.0
  1703    -4.6    65.7    -4.6    65.7    -4.6    65.7    -4.6    65.7    -4.6    65.7
  1707    -4.5    61.0    -4.5    61.0    -4.5    61.0    -4.5    61.0    -4.5    61.0
  1711    -4.3    56.4    -4.3    56.4    -4.3    56.4    -4.3    56.4    -4.3    56.4
  1715    -4.1    51.8    -4.1    51.8    -4.1    51.8    -4.1    51.8    -4.1    51.8
  1719    -3.9    48.4    -3.9    48.4    -3.9    48.4    -3.9    48.4    -3.9    48.4
  1723    -3.8    43.2    -3.8    43.2    -3.8    43.2    -3.8    43.2    -3.8    43.2
  1727    -3.5    38.9    -3.5    38.9    -3.5    38.9    -3.5    38.9    -3.5    38.9
  1730    -3.5    34.5    -3.5    34.5    -3.5    34.5    -3.5    34.5    -3.5    34.5
  1734    -3.2    30.4    -3.2    30.4    -3.2    30.4    -3.2    30.4    -3.2    30.4
  1738    -3.2    25.6    -3.2    25.6    -3.2    25.6    -3.2    25.6    -3.2    25.6
  1742    -3.0    21.4    -3.0    21.4    -3.0    21.4    -3.0    21.4    -3.0    21.4
  1746    -2.8    17.2    -2.8    17.2    -2.8    17.2    -2.8    17.2    -2.8    17.2
  1750    -2.6    12.9    -2.6    12.9    -2.6    12.9    -2.6    12.9    -2.6    12.9
  1754    -2.5     8.2    -2.5     8.2    -2.5     8.2    -2.5     8.2    -2.5     8.2
  1758    -2.4     4.2    -2.4     4.2    -2.4     4.2    -2.4     4.2    -2.4     4.2
  1762    -2.2    -0.2    -2.2    -0.2    -2.2    -0.2    -2.2    -0.2    -2.2    -0.2
  1766    -2.1    -4.0    -2.1    -4.0    -2.1    -4.0    -2.1    -4.0    -2.1    -4.0
  1770    -1.8    -8.8    -1.8    -8.8    -1.8    -8.8    -1.8    -8.8    -1.8    -8.8
  1773    -1.9   -13.0    -1.9   -13.0    -1.9   -13.0    -1.9   -13.0    -1.9   -13.0
  1777    -1.6   -18.1    -1.6   -18.1    -1.6   -18.1    -1.6   -18.1    -1.6   -18.1
  1781    -1.5   -22.1    -1.5   -22.1    -1.5   -22.1    -1.5   -22.1    -1.5   -22.1
  1785    -1.3   -26.1    -1.3   -26.1    -1.3   -26.1    -1.3   -26.1    -1.3   -26.1
  1789    -1.3   -31.0    -1.3   -31.0    -1.3   -31.0    -1.3   -31.0    -1.3   -31.0
  1793    -1.1   -34.8    -1.1   -34.8    -1.1   -34.8    -1.1   -34.8    -1.1   -34.8
  1797    -1.0   -39.5    -1.0   -39.5    -1.0   -39.5    -1.0   -39.5    -1.0   -39.5
  1801    -0.8   -43.3    -0.8   -43.3    -0.8   -43.3    -0.8   -43.3    -0.8   -43.3
  1805    -0.6   -47.4    -0.6   -47.4    -0.6   -47.4    -0.6   -47.4    -0.6   -47.4
  1809    -0.5   -52.7    -0.5   -52.7    -0.5   -52.7    -0.5   -52.7    -0.5   -52.7
  1813    -0.3   -56.6    -0.3   -56.6    -0.3   -56.6    -0.3   -56.6    -0.3   -56.6
  1816    -0.1   -60.5    -0.1   -60.5    -0.1   -60.5    -0.1   -60.5    -0.1   -60.5
  1820    -0.0   -65.6    -0.0   -65.6    -0.0   -65.6    -0.0   -65.6    -0.0   -65.6
  1824     0.0   -69.5     0.0   -69.5     0.0   -69.5     0.0   -69.5     0.0   -69.5
  1828     0.2   -74.2     0.2   -74.2     0.2   -74.2     0.2   -74.2     0.2   -74.2
  1832     0.4   -78.5     0.4   -78.5     0.4   -78.5     0.4   -78.5     0.4   -78.5
  1836     0.6   -82.8     0.6   -82.8     0.6   -82.8     0.6   -82.8     0.6   -82.8
  1840     0.6   -87.8     0.6   -87.8     0.6   -87.8     0.6   -87.8     0.6   -87.8
  1844     0.8   -92.2     0.8   -92.2     0.8   -92.2     0.8   -92.2     0.8   -92.2
  1848     1.0   -96.1     1.0   -96.1     1.0   -96.1     1.0   -96.1     1.0   -96.1
  1852     1.1  -100.7     1.1  -100.7     1.1  -100.7     1.1  -100.7     1.1  -100.7
  1855     1.2  -105.1     1.2  -105.1     1.2  -105.1     1.2  -105.1     1.2  -105.1
  1859     1.4  -109.5     1.4  -109.5     1.4  -109.5     1.4  -109.5     1.4  -109.5
  1863     1.5  -113.3     1.5  -113.3     1.5  -113.3     1.5  -113.3     1.5  -113.3
  1867     1.7  -118.2     1.7  -118.2     1.7  -118.2     1.7  -118.2     1.7  -118.2
  1871     1.7  -122.4     1.7  -122.4     1.7  -122.4     1.7  -122.4     1.7  -122.4
  1875     1.9  -127.4     1.9  -127.4     1.9  -127.4     1.9  -127.4     1.9  -127.4
  1879     2.1  -131.5     2.1  -131.5     2.1  -131.5     2.1  -131.5     2.1  -131.5
  1883     2.2  -136.3     2.2  -136.3     2.2  -136.3     2.2  -136.3     2.2  -136.3
  1887     2.3  -140.5     2.3  -140.5     2.3  -140.5     2.3  -140.5     2.3  -140.5
  1891     2.5  -145.5     2.5  -145.5     2.5  -145.5     2.5  -145.5     2.5  -145.5
  1895     2.6  -149.6     2.6  -149.6     2.6  -149.6     2.6  -149.6     2.6  -149.6
  1898     2.8  -154.0     2.8  -154.0     2.8  -154.0     2.8  -154.0     2.8  -154.0
  1902     2.9  -158.6     2.9  -158.6     2.9  -158.6     2.9  -158.6     2.9  -158.6
  1906     3.0  -163.2     3.0  -163.2     3.0  -163.2     3.0  -163.2     3.0  -163.2
  1910     3.1  -167.4     3.1  -167.4     3.1  -167.4     3.1  -167.4     3.1  -167.4
  1914     3.3  -172.3     3.3  -172.3     3.3  -172.3     3.3  -172.3     3.3  -172.3
  1918     3.4  -176.6     3.4  -176.6     3.4  -176.6     3.4  -176.6     3.4  -176.6
  1922     3.5   179.1     3.5   179.1     3.5   179.1     3.5   179.1     3.5   179.1
  1926     3.6   174.5     3.6   174.5     3.6   174.5     3.6   174.5     3.6   174.5
  1930     3.7   169.8     3.7   169.8     3.7   169.8     3.7   169.8     3.7   169.8
  1934     3.8   165.5     3.8   165.5     3.8   165.5     3.8   165.5     3.8   165.5
  1938     4.0   160.7     4.0   160.7     4.0   160.7     4.0   160.7     4.0   160.7
  1941     4.1   156.4     4.1   156.4     4.1   156.4     4.1   156.4     4.1   156.4
  1945     4.3   151.8     4.3   151.8     4.3   151.8     4.3   151.8     4.3   151.8
  1949     4.4   147.2     4.4   147.2     4.4   147.2     4.4   147.2     4.4   147.2
  1953     4.5   143.0     4.5   143.0     4.5   143.0     4.5   143.0     4.5   143.0
  1957     4.6   138.6     4.6   138.6     4.6   138.6     4.6   138.6     4.6   138.6
  1961     4.7   133.9     4.7   133.9     4.7   133.9     4.7   133.9     4.7   133.9
  1965     4.8   129.3     4.8   129.3     4.8   129.3     4.8   129.3     4.8   129.3
  1969     4.9   124.5     4.9   124.5     4.9   124.5     4.9   124.5     4.9   124.5
  1973     5.0   120.1     5.0   120.1     5.0   120.1     5.0   120.1     5.0   120.1
  1977     5.2   115.5     5.2   115.5     5.2   115.5     5.2   115.5     5.2   115.5
  1980     5.3   111.0     5.3   111.0     5.3   111.0     5.3   111.0     5.3   111.0
  1984     5.4   106.3     5.4   106.3     5.4   106.3     5.4   106.3     5.4   106.3
  1988     5.5   101.9     5.5   101.9     5.5   101.9     5.5   101.9     5.5   101.9
  1992     5.7    97.5     5.7    97.5     5.7    97.5     5.7    97.5     5.7    97.5
  1996     5.7    92.9     5.7    92.9     5.7    92.9     5.7    92.9     5.7    92.9
  2000     5.9    88.2     5.9    88.2     5.9    88.2     5.9    88.2     5.9    88.2
  2004     6.0    83.8     6.0    83.8     6.0    83.8     6.0    83.8     6.0    83.8
  2008     6.1    79.4     6.1    79.4     6.1    79.4     6.1    79.4     6.1    79.4
  2012     6.2    75.0     6.2    75.0     6.2    75.0     6.2    75.0     6.2    75.0
  2016     6.3    70.1     6.3    70.1     6.3    70.1     6.3    70.1     6.3    70.1
  2020     6.4    65.5     6.4    65.5     6.4    65.5     6.4    65.5     6.4    65.5
  2023     6.5    61.0     6.5    61.0     6.5    61.0     6.5    61.0     6.5    61.0
  2027     6.6    56.7     6.6    56.7     6.6    56.7     6.6    56.7     6.6    56.7
  2031     6.7    52.0     6.7    52.0     6.7    52.0     6.7    52.0     6.7    52.0
  2035     6.8    47.4     6.8    47.4     6.8    47.4     6.8    47.4     6.8    47.4
  2039     6.9    42.7     6.9    42.7     6.9    42.7     6.9    42.7     6.9    42.7
  2043     7.0    38.2     7.0    38.2     7.0    38.2     7.0    38.2     7.0    38.2
  2047     7.1    33.7     7.1    33.7     7.1    33.7     7.1    33.7     7.1    33.7
  2051     7.2    29.2     7.2    29.2     7.2    29.2     7.2    29.2     7.2    29.2
  2055     7.3    24.6     7.3    24.6     7.3    24.6     7.3    24.6     7.3    24.6
  2059     7.4    20.1     7.4    20.1     7.4    20.1     7.4    20.1     7.4    20.1
  2063     7.4    15.4     7.4    15.4     7.4    15.4     7.4    15.4     7.4    15.4
  2066     7.6    11.0     7.6    11.0     7.6    11.0     7.6    11.0     7.6    11.0
  2070     7.7     6.2     7.7     6.2     7.7     6.2     7.7     6.2     7.7     6.2
  2074     7.8     1.8     7.8     1.8     7.8     1.8     7.8     1.8     7.8     1.8
  2078     7.9    -2.9     7.9    -2.9     7.9    -2.9     7.9    -2.9     7.9    -2.9
  2082     8.0    -7.5     8.0    -7.5     8.0    -7.5     8.0    -7.5     8.0    -7.5
  2086     8.1   -11.9     8.1   -11.9     8.1   -11.9     8.1   -11.9     8.1   -11.9
  2090     8.2   -16.6     8.2   -16.6     8.2   -16.6     8.2   -16.6     8.2   -16.6
  2094     8.3   -21.1     8.3   -21.1     8.3   -21.1     8.3   -21.1     8.3   -21.1
  2098     8.4   -25.5     8.4   -25.5     8.4   -25.5     8.4   -25.5     8.4   -25.5
  2102     8.5   -30.2     8.5   -30.2     8.5   -30.2     8.5   -30.2     8.5   -30.2
  2105     8.5   -34.7     8.5   -34.7     8.5   -34.7     8.5   -34.7     8.5   -34.7
  2109     8.6   -39.5     8.6   -39.5     8.6   -39.5     8.6   -39.5     8.6   -39.5
  2113     8.7   -44.0     8.7   -44.0     8.7   -44.0     8.7   -44.0     8.7   -44.0
  2117     8.8   -48.6     8.8   -48.6     8.8   -48.6     8.8   -48.6     8.8   -48.6
  2121     8.9   -53.3     8.9   -53.3     8.9   -53.3     8.9   -53.3     8.9   -53.3
  2125     9.0   -57.9     9.0   -57.9     9.0   -57.9     9.0   -57.9     9.0   -57.9
  2129     9.1   -62.2     9.1   -62.2     9.1   -62.2     9.1   -62.2     9.1   -62.2
  2133     9.2   -66.8     9.2   -66.8     9.2   -66.8     9.2   -66.8     9.2   -66.8
  2137     9.3   -71.4     9.3   -71.4     9.3   -71.4     9.3   -71.4     9.3   -71.4
  2141     9.3   -75.9     9.3   -75.9     9.3   -75.9     9.3   -75.9     9.3   -75.9
  2145     9.4   -80.4     9.4   -80.4     9.4   -80.4     9.4   -80.4     9.4   -80.4
  2148     9.5   -85.2     9.5   -85.2     9.5   -85.2     9.5   -85.2     9.5   -85.2
  2152     9.6   -89.7     9.6   -89.7     9.6   -89.7     9.6   -89.7     9.6   -89.7
  2156     9.7   -94.4     9.7   -94.4     9.7   -94.4     9.7   -94.4     9.7   -94.4
  2160     9.7   -98.8     9.7   -98.8     9.7   -98.8     9.7   -98.8     9.7   -98.8
  2164     9.8  -103.6     9.8  -103.6     9.8  -103.6     9.8  -103.6     9.8  -103.6
  2168     9.9  -108.1     9.9  -108.1     9.9  -108.1     9.9  -108.1     9.9  -108.1
  2172    10.0  -112.7    10.0  -112.7    10.0  -112.7    10.0  -112.7    10.0  -112.7
  2176    10.1  -117.2    10.1  -117.2    10.1  -117.2    10.1  -117.2    10.1  -117.2
  2180    10.2  -121.8    10.2  -121.8    10.2  -121.8    10.2  -121.8    10.2  -121.8
  2184    10.3  -126.2    10.3  -126.2    10.3  -126.2    10.3  -126.2    10.3  -126.2
  2188    10.3  -130.8    10.3  -130.8    10.3  -130.8    10.3  -130.8    10.3  -130.8
  2191    10.4  -135.3    10.4  -135.3    10.4  -135.3    10.4  -135.3    10.4  -135.3
  2195    10.5  -140.0    10.5  -140.0    10.5  -140.0    10.5  -140.0    10.5  -140.0
  2199    10.6  -144.7    10.6  -144.7    10.6  -144.7    10.6  -144.7    10.6  -144.7
  2203    10.6  -149.0    10.6  -149.0    10.6  -149.0    10.6  -149.0    10.6  -149.0
  2207    10.7  -153.8    10.7  -153.8    10.7  -153.8    10.7  -153.8    10.7  -153.8
  2211    10.8  -158.4    10.8  -158.4    10.8  -158.4    10.8  -158.4    10.8  -158.4
  2215    10.9  -163.0    10.9  -163.0    10.9  -163.0    10.9  -163.0    10.9  -163.0
  2219    11.0  -167.4    11.0  -167.4    11.0  -167.4    11.0  -167.4    11.0  -167.4
  2223    11.1  -172.1    11.1  -172.1    11.1  -172.1    11.1  -172.1    11.1  -172.1
  2227    11.1  -176.6    11.1  -176.6    11.1  -176.6    11.1  -176.6    11.1  -176.6
  2230    11.2   179.0    11.2   179.0    11.2   179.0    11.2   179.0    11.2   179.0
  2234    11.3   174.5    11.3   174.5    11.3   174.5    11.3   174.5    11.3   174.5
  2238    11.4   169.9    11.4   169.9    11.4   169.9    11.4   169.9    11.4   169.9
  2242    11.4   165.2    11.4   165.2    11.4   165.2    11.4   165.2    11.4   165.2
  2246    11.5   160.7    11.5   160.7    11.5   160.7    11.5   160.7    11.5   160.7
  2250    11.6   156.1    11.6   156.1    11.6   156.1    11.6   156.1    11.6   156.1
  2254    11.7   151.5    11.7   151.5    11.7   151.5    11.7   151.5    11.7   151.5
  2258    11.7   147.1    11.7   147.1    11.7   147.1    11.7   147.1    11.7   147.1
  2262    11.8   142.4    11.8   142.4    11.8   142.4    11.8   142.4    11.8   142.4
  2266    11.9   138.0    11.9   138.0    11.9   138.0    11.9   138.0    11.9   138.0
  2270    12.0   133.5    12.0   133.5    12.0   133.5    12.0   133.5    12.0   133.5
  2273    12.0   128.8    12.0   128.8    12.0   128.8    12.0   128.8    12.0   128.8
  2277    12.1   124.4    12.1   124.4    12.1   124.4    12.1   124.4    12.1   124.4
  2281    12.2   119.9    12.2   119.9    12.2   119.9    12.2   119.9    12.2   119.9
  2285    12.2   115.2    12.2   115.2    12.2   115.2    12.2   115.2    12.2   115.2
  2289    12.3   110.6    12.3   110.6    12.3   110.6    12.3   110.6    12.3   110.6
  2293    12.4   106.2    12.4   106.2    12.4   106.2    12.4   106.2    12.4   106.2
  2297    12.5   101.5    12.5   101.5    12.5   101.5    12.5   101.5    12.5   101.5
  2301    12.6    97.0    12.6    97.0    12.6    97.0    12.6    97.0    12.6    97.0
  2305    12.7    92.6    12.7    92.6    12.7    92.6    12.7    92.6    12.7    92.6
  2309    12.7    88.1    12.7    88.1    12.7    88.1    12.7    88.1    12.7    88.1
  2313    12.8    83.6    12.8    83.6    12.8    83.6    12.8    83.6    12.8    83.6
  2316    12.9    79.0    12.9    79.0    12.9    79.0    12.9    79.0    12.9    79.0
  2320    12.9    74.5    12.9    74.5    12.9    74.5    12.9    74.5    12.9    74.5
  2324    13.0    69.8    13.0    69.8    13.0    69.8    13.0    69.8    13.0    69.8
  2328    13.1    65.3    13.1    65.3    13.1    65.3    13.1    65.3    13.1    65.3
  2332    13.2    60.8    13.2    60.8    13.2    60.8    13.2    60.8    13.2    60.8
  2336    13.3    56.2    13.3    56.2    13.3    56.2    13.3    56.2    13.3    56.2
  2340    13.3    51.7    13.3    51.7    13.3    51.7    13.3    51.7    13.3    51.7
  2344    13.4    47.2    13.4    47.2    13.4    47.2    13.4    47.2    13.4    47.2
  2348    13.5    42.8    13.5    42.8    13.5    42.8    13.5    42.8    13.5    42.8
  2352    13.6    38.3    13.6    38.3    13.6    38.3    13.6    38.3    13.6    38.3
  2355    13.6    33.8    13.6    33.8    13.6    33.8    13.6    33.8    13.6    33.8
  2359    13.7    29.3    13.7    29.3    13.7    29.3    13.7    29.3    13.7    29.3
  2363    13.8    24.7    13.8    24.7    13.8    24.7    13.8    24.7    13.8    24.7
  2367    13.8    20.1    13.8    20.1    13.8    20.1    13.8    20.1    13.8    20.1
  2371    13.9    15.5    13.9    15.5    13.9    15.5    13.9    15.5    13.9    15.5
  2375    14.0    11.1    14.0    11.1    14.0    11.1    14.0    11.1    14.0    11.1
  2379    14.1     6.5    14.1     6.5    14.1     6.5    14.1     6.5    14.1     6.5
  2383    14.1     2.1    14.1     2.1    14.1     2.1    14.1     2.1    14.1     2.1
  2387    14.2    -2.4    14.2    -2.4    14.2    -2.4    14.2    -2.4    14.2    -2.4
  2391    14.3    -6.8    14.3    -6.8    14.3    -6.8    14.3    -6.8    14.3    -6.8
  2395    14.4   -11.4    14.4   -11.4    14.4   -11.4    14.4   -11.4    14.4   -11.4
  2398    14.4   -15.8    14.4   -15.8    14.4   -15.8    14.4   -15.8    14.4   -15.8
  2402    14.5   -20.4    14.5   -20.4    14.5   -20.4    14.5   -20.4    14.5   -20.4
  2406    14.6   -25.0    14.6   -25.0    14.6   -25.0    14.6   -25.0    14.6   -25.0
  2410    14.7   -29.4    14.7   -29.4    14.7   -29.4    14.7   -29.4    14.7   -29.4
  2414    14.8   -34.0    14.8   -34.0    14.8   -34.0    14.8   -34.0    14.8   -34.0
  2418    14.8   -38.5    14.8   -38.5    14.8   -38.5    14.8   -38.5    14.8   -38.5
  2422    14.9   -43.0    14.9   -43.0    14.9   -43.0    14.9   -43.0    14.9   -43.0
  2426    15.0   -47.5    15.0   -47.5    15.0   -47.5    15.0   -47.5    15.0   -47.5
  2430    15.1   -51.9    15.1   -51.9    15.1   -51.9    15.1   -51.9    15.1   -51.9
  2434    15.1   -56.4    15.1   -56.4    15.1   -56.4    15.1   -56.4    15.1   -56.4
  2438    15.2   -60.9    15.2   -60.9    15.2   -60.9    15.2   -60.9    15.2   -60.9
  2441    15.3   -65.5    15.3   -65.5    15.3   -65.5    15.3   -65.5    15.3   -65.5
  2445    15.4   -70.0    15.4   -70.0    15.4   -70.0    15.4   -70.0    15.4   -70.0
  2449    15.5   -74.6    15.5   -74.6    15.5   -74.6    15.5   -74.6    15.5   -74.6
  2453    15.5   -79.1    15.5   -79.1    15.5   -79.1    15.5   -79.1    15.5   -79.1
  2457    15.6   -83.7    15.6   -83.7    15.6   -83.7    15.6   -83.7    15.6   -83.7
  2461    15.7   -88.0    15.7   -88.0    15.7   -88.0    15.7   -88.0    15.7   -88.0
  2465    15.8   -92.5    15.8   -92.5    15.8   -92.5    15.8   -92.5    15.8   -92.5
  2469    15.9   -96.9    15.9   -96.9    15.9   -96.9    15.9   -96.9    15.9   -96.9
  2473    16.0  -101.4    16.0  -101.4    16.0  -101.4    16.0  -101.4    16.0  -101.4
  2477    16.0  -105.9    16.0  -105.9    16.0  -105.9    16.0  -105.9    16.0  -105.9
  2480    16.1  -110.5    16.1  -110.5    16.1  -110.5    16.1  -110.5    16.1  -110.5
  2484    16.2  -115.1    16.2  -115.1    16.2  -115.1    16.2  -115.1    16.2  -115.1
  2488    16.3  -119.6    16.3  -119.6    16.3  -119.6    16.3  -119.6    16.3  -119.6
  2492    16.4  -124.1    16.4  -124.1    16.4  -124.1    16.4  -124.1    16.4  -124.1
  2496    16.5  -128.6    16.5  -128.6    16.5  -128.6    16.5  -128.6    16.5  -128.6
  2500    16.6  -133.1    16.6  -133.1    16.6  -133.1    16.6  -133.1    16.6  -133.1
  2504    16.6  -137.5    16.6  -137.5    16.6  -137.5    16.6  -137.5    16.6  -137.5
  2508    16.7  -142.0    16.7  -142.0    16.7  -142.0    16.7  -142.0    16.7  -142.0
  2512    16.8  -146.5    16.8  -146.5    16.8  -146.5    16.8  -146.5    16.8  -146.5
  2516    16.9  -151.1    16.9  -151.1    16.9  -151.1    16.9  -151.1    16.9  -151.1
  2520    17.0  -155.6    17.0  -155.6    17.0  -155.6    17.0  -155.6    17.0  -155.6
  2523    17.1  -160.2    17.1  -160.2    17.1  -160.2    17.1  -160.2    17.1  -160.2
  2527    17.2  -164.7    17.2  -164.7    17.2  -164.7    17.2  -164.7    17.2  -164.7
  2531    17.3  -169.2    17.3  -169.2    17.3  -169.2    17.3  -169.2    17.3  -169.2
  2535    17.4  -173.6    17.4  -173.6    17.4  -173.6    17.4  -173.6    17.4  -173.6
  2539    17.4  -178.1    17.4  -178.1    17.4  -178.1    17.4  -178.1    17.4  -178.1
  2543    17.5   177.4    17.5   177.4    17.5   177.4    17.5   177.4    17.5   177.4
  2547    17.6   172.9    17.6   172.9    17.6   172.9    17.6   172.9    17.6   172.9
  2551    17.7   168.4    17.7   168.4    17.7   168.4    17.7   168.4    17.7   168.4
  2555    17.8   163.8    17.8   163.8    17.8   163.8    17.8   163.8    17.8   163.8
  2559    17.9   159.3    17.9   159.3    17.9   159.3    17.9   159.3    17.9   159.3
  2563    18.0   154.7    18.0   154.7    18.0   154.7    18.0   154.7    18.0   154.7
  2566    18.1   150.2    18.1   150.2    18.1   150.2    18.1   150.2    18.1   150.2
  2570    18.2   145.7    18.2   145.7    18.2   145.7    18.2   145.7    18.2   145.7
  2574    18.3   141.2    18.3   141.2    18.3   141.2    18.3   141.2    18.3   141.2
  2578    18.4   136.7    18.4   136.7    18.4   136.7    18.4   136.7    18.4   136.7
  2582    18.5   132.2    18.5   132.2    18.5   132.2    18.5   132.2    18.5   132.2
  2586    18.6   127.6    18.6   127.6    18.6   127.6    18.6   127.6    18.6   127.6
  2590    18.7   123.0    18.7   123.0    18.7   123.0    18.7   123.0    18.7   123.0
  2594    18.8   118.5    18.8   118.5    18.8   118.5    18.8   118.5    18.8   118.5
  2598    18.9   113.9    18.9   113.9    18.9   113.9    18.9   113.9    18.9   113.9
  2602    19.0   109.4    19.0   109.4    19.0   109.4    19.0   109.4    19.0   109.4
  2605    19.1   104.8    19.1   104.8    19.1   104.8    19.1   104.8    19.1   104.8
  2609    19.2   100.3    19.2   100.3    19.2   100.3    19.2   100.3    19.2   100.3
  2613    19.3    95.8    19.3    95.8    19.3    95.8    19.3    95.8    19.3    95.8
  2617    19.4    91.2    19.4    91.2    19.4    91.2    19.4    91.2    19.4    91.2
  2621    19.5    86.7    19.5    86.7    19.5    86.7    19.5    86.7    19.5    86.7
  2625    19.6    82.1    19.6    82.1    19.6    82.1    19.6    82.1    19.6    82.1
  2629    19.7    77.5    19.7    77.5    19.7    77.5    19.7    77.5    19.7    77.5
  2633    19.8    72.9    19.8    72.9    19.8    72.9    19.8    72.9    19.8    72.9
  2637    19.9    68.3    19.9    68.3    19.9    68.3    19.9    68.3    19.9    68.3
  2641    20.1    63.7    20.1    63.7    20.1    63.7    20.1    63.7    20.1    63.7
  2645    20.2    59.2    20.2    59.2    20.2    59.2    20.2    59.2    20.2    59.2
  2648    20.3    54.7    20.3    54.7    20.3    54.7    20.3    54.7    20.3    54.7
  2652    20.4    50.1    20.4    50.1    20.4    50.1    20.4    50.1    20.4    50.1
  2656    20.5    45.5    20.5    45.5    20.5    45.5    20.5    45.5    20.5    45.5
  2660    20.6    40.9    20.6    40.9    20.6    40.9    20.6    40.9    20.6    40.9
  2664    20.7    36.3    20.7    36.3    20.7    36.3    20.7    36.3    20.7    36.3
  2668    20.9    31.6    20.9    31.6    20.9    31.6    20.9    31.6    20.9    31.6
  2672    21.0    27.0    21.0    27.0    21.0    27.0    21.0    27.0    21.0    27.0
  2676    21.1    22.3    21.1    22.3    21.1    22.3    21.1    22.3    21.1    22.3
  2680    21.2    17.8    21.2    17.8    21.2    17.8    21.2    17.8    21.2    17.8
  2684    21.4    13.2    21.4    13.2    21.4    13.2    21.4    13.2    21.4    13.2
  2688    21.5     8.6    21.5     8.6    21.5     8.6    21.5     8.6    21.5     8.6
  2691    21.6     3.9    21.6     3.9    21.6     3.9    21.6     3.9    21.6     3.9
  2695    21.7    -0.7    21.7    -0.7    21.7    -0.7    21.7    -0.7    21.7    -0.7
  2699    21.8    -5.4    21.8    -5.4    21.8    -5.4    21.8    -5.4    21.8    -5.4
  2703    22.0   -10.1    22.0   -10.1    22.0   -10.1    22.0   -10.1    22.0   -10.1
  2707    22.1   -14.8    22.1   -14.8    22.1   -14.8    22.1   -14.8    22.1   -14.8
  2711    22.2   -19.5    22.2   -19.5    22.2   -19.5    22.2   -19.5    22.2   -19.5
  2715    22.4   -24.1    22.4   -24.1    22.4   -24.1    22.4   -24.1    22.4   -24.1
  2719    22.5   -28.8    22.5   -28.8    22.5   -28.8    22.5   -28.8    22.5   -28.8
  2723    22.6   -33.5    22.6   -33.5    22.6   -33.5    22.6   -33.5    22.6   -33.5
  2727    22.8   -38.1    22.8   -38.1    22.8   -38.1    22.8   -38.1    22.8   -38.1
  2730    22.9   -42.9    22.9   -42.9    22.9   -42.9    22.9   -42.9    22.9   -42.9
  2734    23.0   -47.7    23.0   -47.7    23.0   -47.7    23.0   -47.7    23.0   -47.7
  2738    23.2   -52.4    23.2   -52.4    23.2   -52.4    23.2   -52.4    23.2   -52.4
  2742    23.3   -57.2    23.3   -57.2    23.3   -57.2    23.3   -57.2    23.3   -57.2
  2746    23.5   -61.9    23.5   -61.9    23.5   -61.9    23.5   -61.9    23.5   -61.9
  2750    23.6   -66.7    23.6   -66.7    23.6   -66.7    23.6   -66.7    23.6   -66.7
  2754    23.8   -71.4    23.8   -71.4    23.8   -71.4    23.8   -71.4    23.8   -71.4
  2758    23.9   -76.2    23.9   -76.2    23.9   -76.2    23.9   -76.2    23.9   -76.2
  2762    24.0   -81.0    24.0   -81.0    24.0   -81.0    24.0   -81.0    24.0   -81.0
  2766    24.2   -85.9    24.2   -85.9    24.2   -85.9    24.2   -85.9    24.2   -85.9
  2770    24.3   -90.7    24.3   -90.7    24.3   -90.7    24.3   -90.7    24.3   -90.7
  2773    24.5   -95.6    24.5   -95.6    24.5   -95.6    24.5   -95.6    24.5   -95.6
  2777    24.7  -100.5    24.7  -100.5    24.7  -100.5    24.7  -100.5    24.7  -100.5
  2781    24.8  -105.3    24.8  -105.3    24.8  -105.3    24.8  -105.3    24.8  -105.3
  2785    25.0  -110.2    25.0  -110.2    25.0  -110.2    25.0  -110.2    25.0  -110.2
  2789    25.1  -115.0    25.1  -115.0    25.1  -115.0    25.1  -115.0    25.1  -115.0
  2793    25.3  -119.9    25.3  -119.9    25.3  -119.9    25.3  -119.9    25.3  -119.9
  2797    25.4  -124.9    25.4  -124.9    25.4  -124.9    25.4  -124.9    25.4  -124.9
  2801    25.6  -129.9    25.6  -129.9    25.6  -129.9    25.6  -129.9    25.6  -129.9
  2805    25.8  -135.0    25.8  -135.0    25.8  -135.0    25.8  -135.0    25.8  -135.0
  2809    26.0  -140.0    26.0  -140.0    26.0  -140.0    26.0  -140.0    26.0  -140.0
  2813    26.1  -145.0    26.1  -145.0    26.1  -145.0    26.1  -145.0    26.1  -145.0
  2816    26.3  -150.0    26.3  -150.0    26.3  -150.0    26.3  -150.0    26.3  -150.0
  2820    26.5  -155.0    26.5  -155.0    26.5  -155.0    26.5  -155.0    26.5  -155.0
  2824    26.6  -160.1    26.6  -160.1    26.6  -160.1    26.6  -160.1    26.6  -160.1
  2828    26.8  -165.2    26.8  -165.2    26.8  -165.2    26.8  -165.2    26.8  -165.2
  2832    27.0  -170.4    27.0  -170.4    27.0  -170.4    27.0  -170.4    27.0  -170.4
  2836    27.1  -175.7    27.1  -175.7    27.1  -175.7    27.1  -175.7    27.1  -175.7
  2840    27.3   179.1    27.3   179.1    27.3   179.1    27.3   179.1    27.3   179.1
  2844    27.5   173.9    27.5   173.9    27.5   173.9    27.5   173.9    27.5   173.9
  2848    27.7   168.6    27.7   168.6    27.7   168.6    27.7   168.6    27.7   168.6
  2852    27.9   163.4    27.9   163.4    27.9   163.4    27.9   163.4    27.9   163.4
  2855    28.0   158.1    28.0   158.1    28.0   158.1    28.0   158.1    28.0   158.1
  2859    28.2   152.7    28.2   152.7    28.2   152.7    28.2   152.7    28.2   152.7
  2863    28.4   147.3    28.4   147.3    28.4   147.3    28.4   147.3    28.4   147.3
  2867    28.6   141.8    28.6   141.8    28.6   141.8    28.6   141.8    28.6   141.8
  2871    28.8   136.3    28.8   136.3    28.8   136.3    28.8   136.3    28.8   136.3
  2875    29.0   130.8    29.0   130.8    29.0   130.8    29.0   130.8    29.0   130.8
  2879    29.1   125.2    29.1   125.2    29.1   125.2    29.1   125.2    29.1   125.2
  2883    29.3   119.7    29.3   119.7    29.3   119.7    29.3   119.7    29.3   119.7
  2887    29.5   114.0    29.5   114.0    29.5   114.0    29.5   114.0    29.5   114.0
  2891    29.7   108.4    29.7   108.4    29.7   108.4    29.7   108.4    29.7   108.4
  2895    29.8   102.6    29.8   102.6    29.8   102.6    29.8   102.6    29.8   102.6
  2898    30.0    96.8    30.0    96.8    30.0    96.8    30.0    96.8    30.0    96.8
  2902    30.2    90.9    30.2    90.9    30.2    90.9    30.2    90.9    30.2    90.9
  2906    30.3    85.0    30.3    85.0    30.3    85.0    30.3    85.0    30.3    85.0
  2910    30.5    79.1    30.5    79.1    30.5    79.1    30.5    79.1    30.5    79.1
  2914    30.7    73.2    30.7    73.2    30.7    73.2    30.7    73.2    30.7    73.2
  2918    30.8    67.2    30.8    67.2    30.8    67.2    30.8    67.2    30.8    67.2
  2922    31.0    61.1    31.0    61.1    31.0    61.1    31.0    61.1    31.0    61.1
  2926    31.1    55.0    31.1    55.0    31.1    55.0    31.1    55.0    31.1    55.0
  2930    31.2    48.8    31.2    48.8    31.2    48.8    31.2    48.8    31.2    48.8
  2934    31.4    42.6    31.4    42.6    31.4    42.6    31.4    42.6    31.4    42.6
  2938    31.5    36.3    31.5    36.3    31.5    36.3    31.5    36.3    31.5    36.3
  2941    31.6    30.0    31.6    30.0    31.6    30.0    31.6    30.0    31.6    30.0
  2945    31.7    23.7    31.7    23.7    31.7    23.7    31.7    23.7    31.7    23.7
  2949    31.8    17.4    31.8    17.4    31.8    17.4    31.8    17.4    31.8    17.4
  2953    31.9    11.0    31.9    11.0    31.9    11.0    31.9    11.0    31.9    11.0
  2957    32.0     4.6    32.0     4.6    32.0     4.6    32.0     4.6    32.0     4.6
  2961    32.0    -1.9    32.0    -1.9    32.0    -1.9    32.0    -1.9    32.0    -1.9
  2965    32.1    -8.4    32.1    -8.4    32.1    -8.4    32.1    -8.4    32.1    -8.4
  2969    32.2   -14.9    32.2   -14.9    32.2   -14.9    32.2   -14.9    32.2   -14.9
  2973    32.2   -21.4    32.2   -21.4    32.2   -21.4    32.2   -21.4    32.2   -21.4
  2977    32.2   -27.8    32.2   -27.8    32.2   -27.8    32.2   -27.8    32.2   -27.8
  2980    32.3   -34.3    32.3   -34.3    32.3   -34.3    32.3   -34.3    32.3   -34.3
  2984    32.3   -40.7    32.3   -40.7    32.3   -40.7    32.3   -40.7    32.3   -40.7
  2988    32.2   -47.2    32.2   -47.2    32.2   -47.2    32.2   -47.2    32.2   -47.2
  2992    32.2   -53.7    32.2   -53.7    32.2   -53.7    32.2   -53.7    32.2   -53.7
  2996    32.2   -60.1    32.2   -60.1    32.2   -60.1    32.2   -60.1    32.2   -60.1
  3000    32.2   -66.6    32.2   -66.6    32.2   -66.6    32.2   -66.6    32.2   -66.6
  3004    32.1   -73.0    32.1   -73.0    32.1   -73.0    32.1   -73.0    32.1   -73.0
  3008    32.1   -79.3    32.1   -79.3    32.1   -79.3    32.1   -79.3    32.1   -79.3
  3012    32.0   -85.5    32.0   -85.5    32.0   -85.5    32.0   -85.5    32.0   -85.5
  3016    31.9   -91.8    31.9   -91.8    31.9   -91.8    31.9   -91.8    31.9   -91.8
  3020    31.9   -98.0    31.9   -98.0    31.9   -98.0    31.9   -98.0    31.9   -98.0
  3023    31.8  -104.3    31.8  -104.3    31.8  -104.3    31.8  -104.3    31.8  -104.3
  3027    31.7  -110.5    31.7  -110.5    31.7  -110.5    31.7  -110.5    31.7  -110.5
  3031    31.6  -116.6    31.6  -116.6    31.6  -116.6    31.6  -116.6    31.6  -116.6
  3035    31.5  -122.7    31.5  -122.7    31.5  -122.7    31.5  -122.7    31.5  -122.7
  3039    31.4  -128.7    31.4  -128.7    31.4  -128.7    31.4  -128.7    31.4  -128.7
  3043    31.3  -134.6    31.3  -134.6    31.3  -134.6    31.3  -134.6    31.3  -134.6
  3047    31.2  -140.5    31.2  -140.5    31.2  -140.5    31.2  -140.5    31.2  -140.5
  3051    31.1  -146.4    31.1  -146.4    31.1  -146.4    31.1  -146.4    31.1  -146.4
  3055    30.9  -152.3    30.9  -152.3    30.9  -152.3    30.9  -152.3    30.9  -152.3
  3059    30.8  -158.2    30.8  -158.2    30.8  -158.2    30.8  -158.2    30.8  -158.2
  3063    30.7  -163.9    30.7  -163.9    30.7  -163.9    30.7  -163.9    30.7  -163.9
  3066    30.6  -169.7    30.6  -169.7    30.6  -169.7    30.6  -169.7    30.6  -169.7
  3070    30.5  -175.3    30.5  -175.3    30.5  -175.3    30.5  -175.3    30.5  -175.3
  3074    30.4   179.1    30.4   179.1    30.4   179.1    30.4   179.1    30.4   179.1
  3078    30.2   173.4    30.2   173.4    30.2   173.4    30.2   173.4    30.2   173.4
  3082    30.1   167.8    30.1   167.8    30.1   167.8    30.1   167.8    30.1   167.8
  3086    30.0   162.3    30.0   162.3    30.0   162.3    30.0   162.3    30.0   162.3
  3090    29.8   156.7    29.8   156.7    29.8   156.7    29.8   156.7    29.8   156.7
  3094    29.7   151.2    29.7   151.2    29.7   151.2    29.7   151.2    29.7   151.2
  3098    29.6   145.7    29.6   145.7    29.6   145.7    29.6   145.7    29.6   145.7
  3102    29.5   140.3    29.5   140.3    29.5   140.3    29.5   140.3    29.5   140.3
  3105    29.4   135.0    29.4   135.0    29.4   135.0    29.4   135.0    29.4   135.0
  3109    29.2   129.6    29.2   129.6    29.2   129.6    29.2   129.6    29.2   129.6
  3113    29.1   124.2    29.1   124.2    29.1   124.2    29.1   124.2    29.1   124.2
  3117    29.0   118.9    29.0   118.9    29.0   118.9    29.0   118.9    29.0   118.9
  3121    28.9   113.5    28.9   113.5    28.9   113.5    28.9   113.5    28.9   113.5
  3125    28.7   108.2    28.7   108.2    28.7   108.2    28.7   108.2    28.7   108.2
  3129    28.6   103.0    28.6   103.0    28.6   103.0    28.6   103.0    28.6   103.0
  3133    28.5    97.7    28.5    97.7    28.5    97.7    28.5    97.7    28.5    97.7
  3137    28.4    92.6    28.4    92.6    28.4    92.6    28.4    92.6    28.4    92.6
  3141    28.3    87.4    28.3    87.4    28.3    87.4    28.3    87.4    28.3    87.4
  3145    28.2    82.1    28.2    82.1    28.2    82.1    28.2    82.1    28.2    82.1
  3148    28.0    76.9    28.0    76.9    28.0    76.9    28.0    76.9    28.0    76.9
  3152    27.9    71.7    27.9    71.7    27.9    71.7    27.9    71.7    27.9    71.7
  3156    27.8    66.5    27.8    66.5    27.8    66.5    27.8    66.5    27.8    66.5
  3160    27.7    61.4    27.7    61.4    27.7    61.4    27.7    61.4    27.7    61.4
  3164    27.6    56.3    27.6    56.3    27.6    56.3    27.6    56.3    27.6    56.3
  3168    27.5    51.3    27.5    51.3    27.5    51.3    27.5    51.3    27.5    51.3
  3172    27.4    46.1    27.4    46.1    27.4    46.1    27.4    46.1    27.4    46.1
  3176    27.3    41.0    27.3    41.0    27.3    41.0    27.3    41.0    27.3    41.0
  3180    27.2    35.9    27.2    35.9    27.2    35.9    27.2    35.9    27.2    35.9
  3184    27.1    30.8    27.1    30.8    27.1    30.8    27.1    30.8    27.1    30.8
  3188    27.0    25.7    27.0    25.7    27.0    25.7    27.0    25.7    27.0    25.7
  3191    26.9    20.7    26.9    20.7    26.9    20.7    26.9    20.7    26.9    20.7
  3195    26.8    15.7    26.8    15.7    26.8    15.7    26.8    15.7    26.8    15.7
  3199    26.6    10.7    26.6    10.7    26.6    10.7    26.6    10.7    26.6    10.7
  3203    26.5     5.6    26.5     5.6    26.5     5.6    26.5     5.6    26.5     5.6
  3207    26.4     0.5    26.4     0.5    26.4     0.5    26.4     0.5    26.4     0.5
  3211    26.4    -4.5    26.4    -4.5    26.4    -4.5    26.4    -4.5    26.4    -4.5
  3215    26.3    -9.5    26.3    -9.5    26.3    -9.5    26.3    -9.5    26.3    -9.5
  3219    26.2   -14.5    26.2   -14.5    26.2   -14.5    26.2   -14.5    26.2   -14.5
  3223    26.1   -19.4    26.1   -19.4    26.1   -19.4    26.1   -19.4    26.1   -19.4
  3227    26.0   -24.4    26.0   -24.4    26.0   -24.4    26.0   -24.4    26.0   -24.4
  3230    25.9   -29.4    25.9   -29.4    25.9   -29.4    25.9   -29.4    25.9   -29.4
  3234    25.8   -34.4    25.8   -34.4    25.8   -34.4    25.8   -34.4    25.8   -34.4
  3238    25.7   -39.4    25.7   -39.4    25.7   -39.4    25.7   -39.4    25.7   -39.4
  3242    25.6   -44.4    25.6   -44.4    25.6   -44.4    25.6   -44.4    25.6   -44.4
  3246    25.5   -49.3    25.5   -49.3    25.5   -49.3    25.5   -49.3    25.5   -49.3
  3250    25.4   -54.3    25.4   -54.3    25.4   -54.3    25.4   -54.3    25.4   -54.3
  3254    25.3   -59.2    25.3   -59.2    25.3   -59.2    25.3   -59.2    25.3   -59.2
  3258    25.2   -64.1    25.2   -64.1    25.2   -64.1    25.2   -64.1    25.2   -64.1
  3262    25.1   -69.1    25.1   -69.1    25.1   -69.1    25.1   -69.1    25.1   -69.1
  3266    25.0   -74.1    25.0   -74.1    25.0   -74.1    25.0   -74.1    25.0   -74.1
  3270    24.9   -79.1    24.9   -79.1    24.9   -79.1    24.9   -79.1    24.9   -79.1
  3273    24.9   -84.0    24.9   -84.0    24.9   -84.0    24.9   -84.0    24.9   -84.0
  3277    24.8   -88.9    24.8   -88.9    24.8   -88.9    24.8   -88.9    24.8   -88.9
  3281    24.7   -93.8    24.7   -93.8    24.7   -93.8    24.7   -93.8    24.7   -93.8
  3285    24.6   -98.7    24.6   -98.7    24.6   -98.7    24.6   -98.7    24.6   -98.7
  3289    24.5  -103.6    24.5  -103.6    24.5  -103.6    24.5  -103.6    24.5  -103.6
  3293    24.4  -108.6    24.4  -108.6    24.4  -108.6    24.4  -108.6    24.4  -108.6
  3297    24.3  -113.6    24.3  -113.6    24.3  -113.6    24.3  -113.6    24.3  -113.6
  3301    24.2  -118.4    24.2  -118.4    24.2  -118.4    24.2  -118.4    24.2  -118.4
  3305    24.1  -123.3    24.1  -123.3    24.1  -123.3    24.1  -123.3    24.1  -123.3
  3309    24.1  -128.2    24.1  -128.2    24.1  -128.2    24.1  -128.2    24.1  -128.2
  3313    24.0  -133.1    24.0  -133.1    24.0  -133.1    24.0  -133.1    24.0  -133.1
  3316    23.9  -138.0    23.9  -138.0    23.9  -138.0    23.9  -138.0    23.9  -138.0
  3320    23.8  -142.9    23.8  -142.9    23.8  -142.9    23.8  -142.9    23.8  -142.9
  3324    23.7  -147.9    23.7  -147.9    23.7  -147.9    23.7  -147.9    23.7  -147.9
  3328    23.6  -152.8    23.6  -152.8    23.6  -152.8    23.6  -152.8    23.6  -152.8
  3332    23.5  -157.6    23.5  -157.6    23.5  -157.6    23.5  -157.6    23.5  -157.6
  3336    23.4  -162.5    23.4  -162.5    23.4  -162.5    23.4  -162.5    23.4  -162.5
  3340    23.4  -167.4    23.4  -167.4    23.4  -167.4    23.4  -167.4    23.4  -167.4
  3344    23.3  -172.3    23.3  -172.3    23.3  -172.3    23.3  -172.3    23.3  -172.3
  3348    23.2  -177.2    23.2  -177.2    23.2  -177.2    23.2  -177.2    23.2  -177.2
  3352    23.1   177.9    23.1   177.9    23.1   177.9    23.1   177.9    23.1   177.9
  3355    23.0   173.0    23.0   173.0    23.0   173.0    23.0   173.0    23.0   173.0
  3359    22.9   168.1    22.9   168.1    22.9   168.1    22.9   168.1    22.9   168.1
  3363    22.8   163.3    22.8   163.3    22.8   163.3    22.8   163.3    22.8   163.3
  3367    22.7   158.5    22.7   158.5    22.7   158.5    22.7   158.5    22.7   158.5
  3371    22.7   153.6    22.7   153.6    22.7   153.6    22.7   153.6    22.7   153.6
  3375    22.6   148.7    22.6   148.7    22.6   148.7    22.6   148.7    22.6   148.7
  3379    22.5   143.8    22.5   143.8    22.5   143.8    22.5   143.8    22.5   143.8
  3383    22.4   138.9    22.4   138.9    22.4   138.9    22.4   138.9    22.4   138.9
  3387    22.3   134.1    22.3   134.1    22.3   134.1    22.3   134.1    22.3   134.1
  3391    22.2   129.3    22.2   129.3    22.2   129.3    22.2   129.3    22.2   129.3
  3395    22.1   124.4    22.1   124.4    22.1   124.4    22.1   124.4    22.1   124.4
  3398    22.0   119.6    22.0   119.6    22.0   119.6    22.0   119.6    22.0   119.6
  3402    21.9   114.7    21.9   114.7    21.9   114.7    21.9   114.7    21.9   114.7
  3406    21.9   109.9    21.9   109.9    21.9   109.9    21.9   109.9    21.9   109.9
  3410    21.8   104.9    21.8   104.9    21.8   104.9    21.8   104.9    21.8   104.9
  3414    21.7   100.1    21.7   100.1    21.7   100.1    21.7   100.1    21.7   100.1
  3418    21.6    95.3    21.6    95.3    21.6    95.3    21.6    95.3    21.6    95.3
  3422    21.5    90.5    21.5    90.5    21.5    90.5    21.5    90.5    21.5    90.5
  3426    21.4    85.7    21.4    85.7    21.4    85.7    21.4    85.7    21.4    85.7
  3430    21.3    80.9    21.3    80.9    21.3    80.9    21.3    80.9    21.3    80.9
  3434    21.2    76.0    21.2    76.0    21.2    76.0    21.2    76.0    21.2    76.0
  3438    21.1    71.1    21.1    71.1    21.1    71.1    21.1    71.1    21.1    71.1
  3441    21.1    66.3    21.1    66.3    21.1    66.3    21.1    66.3    21.1    66.3
  3445    21.0    61.5    21.0    61.5    21.0    61.5    21.0    61.5    21.0    61.5
  3449    20.9    56.8    20.9    56.8    20.9    56.8    20.9    56.8    20.9    56.8
  3453    20.8    51.9    20.8    51.9    20.8    51.9    20.8    51.9    20.8    51.9
  3457    20.7    47.1    20.7    47.1    20.7    47.1    20.7    47.1    20.7    47.1
  3461    20.6    42.2    20.6    42.2    20.6    42.2    20.6    42.2    20.6    42.2
  3465    20.5    37.4    20.5    37.4    20.5    37.4    20.5    37.4    20.5    37.4
  3469    20.4    32.6    20.4    32.6    20.4    32.6    20.4    32.6    20.4    32.6
  3473    20.3    27.9    20.3    27.9    20.3    27.9    20.3    27.9    20.3    27.9
  3477    20.2    23.1    20.2    23.1    20.2    23.1    20.2    23.1    20.2    23.1
  3480    20.1    18.3    20.1    18.3    20.1    18.3    20.1    18.3    20.1    18.3
  3484    20.0    13.5    20.0    13.5    20.0    13.5    20.0    13.5    20.0    13.5
  3488    19.9     8.7    19.9     8.7    19.9     8.7    19.9     8.7    19.9     8.7
  3492    19.9     3.8    19.9     3.8    19.9     3.8    19.9     3.8    19.9     3.8
  3496    19.8    -0.9    19.8    -0.9    19.8    -0.9    19.8    -0.9    19.8    -0.9
  3500    19.7    -5.7    19.7    -5.7    19.7    -5.7    19.7    -5.7    19.7    -5.7
  3504    19.6   -10.4    19.6   -10.4    19.6   -10.4    19.6   -10.4    19.6   -10.4
  3508    19.5   -15.1    19.5   -15.1    19.5   -15.1    19.5   -15.1    19.5   -15.1
  3512    19.4   -19.9    19.4   -19.9    19.4   -19.9    19.4   -19.9    19.4   -19.9
  3516    19.3   -24.8    19.3   -24.8    19.3   -24.8    19.3   -24.8    19.3   -24.8
  3520    19.2   -29.5    19.2   -29.5    19.2   -29.5    19.2   -29.5    19.2   -29.5
  3523    19.1   -34.3    19.1   -34.3    19.1   -34.3    19.1   -34.3    19.1   -34.3
  3527    19.0   -39.0    19.0   -39.0    19.0   -39.0    19.0   -39.0    19.0   -39.0
  3531    18.9   -43.7    18.9   -43.7    18.9   -43.7    18.9   -43.7    18.9   -43.7
  3535    18.8   -48.4    18.8   -48.4    18.8   -48.4    18.8   -48.4    18.8   -48.4
  3539    18.7   -53.3    18.7   -53.3    18.7   -53.3    18.7   -53.3    18.7   -53.3
  3543    18.6   -58.0    18.6   -58.0    18.6   -58.0    18.6   -58.0    18.6   -58.0
  3547    18.5   -62.8    18.5   -62.8    18.5   -62.8    18.5   -62.8    18.5   -62.8
  3551    18.4   -67.4    18.4   -67.4    18.4   -67.4    18.4   -67.4    18.4   -67.4
  3555    18.3   -72.1    18.3   -72.1    18.3   -72.1    18.3   -72.1    18.3   -72.1
  3559    18.2   -76.8    18.2   -76.8    18.2   -76.8    18.2   -76.8    18.2   -76.8
  3563    18.1   -81.6    18.1   -81.6    18.1   -81.6    18.1   -81.6    18.1   -81.6
  3566    18.0   -86.3    18.0   -86.3    18.0   -86.3    18.0   -86.3    18.0   -86.3
  3570    18.0   -91.1    18.0   -91.1    18.0   -91.1    18.0   -91.1    18.0   -91.1
  3574    17.9   -95.8    17.9   -95.8    17.9   -95.8    17.9   -95.8    17.9   -95.8
  3578    17.8  -100.5    17.8  -100.5    17.8  -100.5    17.8  -100.5    17.8  -100.5
  3582    17.7  -105.1    17.7  -105.1    17.7  -105.1    17.7  -105.1    17.7  -105.1
  3586    17.6  -109.8    17.6  -109.8    17.6  -109.8    17.6  -109.8    17.6  -109.8
  3590    17.5  -114.6    17.5  -114.6    17.5  -114.6    17.5  -114.6    17.5  -114.6
  3594    17.4  -119.3    17.4  -119.3    17.4  -119.3    17.4  -119.3    17.4  -119.3
  3598    17.3  -124.0    17.3  -124.0    17.3  -124.0    17.3  -124.0    17.3  -124.0
  3602    17.2  -128.7    17.2  -128.7    17.2  -128.7    17.2  -128.7    17.2  -128.7
  3605    17.1  -133.3    17.1  -133.3    17.1  -133.3    17.1  -133.3    17.1  -133.3
  3609    17.0  -138.0    17.0  -138.0    17.0  -138.0    17.0  -138.0    17.0  -138.0
  3613    16.9  -142.6    16.9  -142.6    16.9  -142.6    16.9  -142.6    16.9  -142.6
  3617    16.8  -147.3    16.8  -147.3    16.8  -147.3    16.8  -147.3    16.8  -147.3
  3621    16.7  -152.1    16.7  -152.1    16.7  -152.1    16.7  -152.1    16.7  -152.1
  3625    16.6  -156.7    16.6  -156.7    16.6  -156.7    16.6  -156.7    16.6  -156.7
  3629    16.5  -161.4    16.5  -161.4    16.5  -161.4    16.5  -161.4    16.5  -161.4
  3633    16.4  -166.0    16.4  -166.0    16.4  -166.0    16.4  -166.0    16.4  -166.0
  3637    16.3  -170.6    16.3  -170.6    16.3  -170.6    16.3  -170.6    16.3  -170.6
  3641    16.2  -175.3    16.2  -175.3    16.2  -175.3    16.2  -175.3    16.2  -175.3
  3645    16.1  -180.0    16.1  -180.0    16.1  -180.0    16.1  -180.0    16.1  -180.0
  3648    16.0   175.4    16.0   175.4    16.0   175.4    16.0   175.4    16.0   175.4
  3652    15.9   170.7    15.9   170.7    15.9   170.7    15.9   170.7    15.9   170.7
  3656    15.8   166.1    15.8   166.1    15.8   166.1    15.8   166.1    15.8   166.1
  3660    15.7   161.6    15.7   161.6    15.7   161.6    15.7   161.6    15.7   161.6
  3664    15.6   156.9    15.6   156.9    15.6   156.9    15.6   156.9    15.6   156.9
  3668    15.5   152.2    15.5   152.2    15.5   152.2    15.5   152.2    15.5   152.2
  3672    15.4   147.6    15.4   147.6    15.4   147.6    15.4   147.6    15.4   147.6
  3676    15.3   142.9    15.3   142.9    15.3   142.9    15.3   142.9    15.3   142.9
  3680    15.2   138.4    15.2   138.4    15.2   138.4    15.2   138.4    15.2   138.4
  3684    15.1   133.8    15.1   133.8    15.1   133.8    15.1   133.8    15.1   133.8
  3688    15.0   129.2    15.0   129.2    15.0   129.2    15.0   129.2    15.0   129.2
  3691    14.9   124.6    14.9   124.6    14.9   124.6    14.9   124.6    14.9   124.6
  3695    14.8   119.9    14.8   119.9    14.8   119.9    14.8   119.9    14.8   119.9
  3699    14.7   115.3    14.7   115.3    14.7   115.3    14.7   115.3    14.7   115.3
  3703    14.6   110.7    14.6   110.7    14.6   110.7    14.6   110.7    14.6   110.7
  3707    14.5   106.1    14.5   106.1    14.5   106.1    14.5   106.1    14.5   106.1
  3711    14.4   101.6    14.4   101.6    14.4   101.6    14.4   101.6    14.4   101.6
  3715    14.3    97.0    14.3    97.0    14.3    97.0    14.3    97.0    14.3    97.0
  3719    14.2    92.4    14.2    92.4    14.2    92.4    14.2    92.4    14.2    92.4
  3723    14.1    87.7    14.1    87.7    14.1    87.7    14.1    87.7    14.1    87.7
  3727    14.0    83.1    14.0    83.1    14.0    83.1    14.0    83.1    14.0    83.1
  3730    13.9    78.6    13.9    78.6    13.9    78.6    13.9    78.6    13.9    78.6
  3734    13.8    74.1    13.8    74.1    13.8    74.1    13.8    74.1    13.8    74.1
  3738    13.7    69.4    13.7    69.4    13.7    69.4    13.7    69.4    13.7    69.4
  3742    13.6    64.9    13.6    64.9    13.6    64.9    13.6    64.9    13.6    64.9
  3746    13.5    60.2    13.5    60.2    13.5    60.2    13.5    60.2    13.5    60.2
  3750    13.4    55.7    13.4    55.7    13.4    55.7    13.4    55.7    13.4    55.7
  3754    13.3    51.1    13.3    51.1    13.3    51.1    13.3    51.1    13.3    51.1
  3758    13.2    46.6    13.2    46.6    13.2    46.6    13.2    46.6    13.2    46.6
  3762    13.1    42.1    13.1    42.1    13.1    42.1    13.1    42.1    13.1    42.1
  3766    13.0    37.5    13.0    37.5    13.0    37.5    13.0    37.5    13.0    37.5
  3770    12.9    33.0    12.9    33.0    12.9    33.0    12.9    33.0    12.9    33.0
  3773    12.8    28.4    12.8    28.4    12.8    28.4    12.8    28.4    12.8    28.4
  3777    12.7    23.8    12.7    23.8    12.7    23.8    12.7    23.8    12.7    23.8
  3781    12.6    19.3    12.6    19.3    12.6    19.3    12.6    19.3    12.6    19.3
  3785    12.5    14.8    12.5    14.8    12.5    14.8    12.5    14.8    12.5    14.8
  3789    12.4    10.2    12.4    10.2    12.4    10.2    12.4    10.2    12.4    10.2
  3793    12.3     5.7    12.3     5.7    12.3     5.7    12.3     5.7    12.3     5.7
  3797    12.2     1.2    12.2     1.2    12.2     1.2    12.2     1.2    12.2     1.2
  3801    12.1    -3.5    12.1    -3.5    12.1    -3.5    12.1    -3.5    12.1    -3.5
  3805    12.0    -8.0    12.0    -8.0    12.0    -8.0    12.0    -8.0    12.0    -8.0
  3809    11.9   -12.4    11.9   -12.4    11.9   -12.4    11.9   -12.4    11.9   -12.4
  3813    11.8   -16.9    11.8   -16.9    11.8   -16.9    11.8   -16.9    11.8   -16.9
  3816    11.7   -21.5    11.7   -21.5    11.7   -21.5    11.7   -21.5    11.7   -21.5
  3820    11.5   -26.1    11.5   -26.1    11.5   -26.1    11.5   -26.1    11.5   -26.1
  3824    11.4   -30.6    11.4   -30.6    11.4   -30.6    11.4   -30.6    11.4   -30.6
  3828    11.4   -35.2    11.4   -35.2    11.4   -35.2    11.4   -35.2    11.4   -35.2
  3832    11.2   -39.6    11.2   -39.6    11.2   -39.6    11.2   -39.6    11.2   -39.6
  3836    11.2   -44.1    11.2   -44.1    11.2   -44.1    11.2   -44.1    11.2   -44.1
  3840    11.0   -48.6    11.0   -48.6    11.0   -48.6    11.0   -48.6    11.0   -48.6
  3844    10.9   -53.1    10.9   -53.1    10.9   -53.1    10.9   -53.1    10.9   -53.1
  3848    10.8   -57.7    10.8   -57.7    10.8   -57.7    10.8   -57.7    10.8   -57.7
  3852    10.7   -62.3    10.7   -62.3    10.7   -62.3    10.7   -62.3    10.7   -62.3
  3855    10.6   -66.7    10.6   -66.7    10.6   -66.7    10.6   -66.7    10.6   -66.7
  3859    10.5   -71.1    10.5   -71.1    10.5   -71.1    10.5   -71.1    10.5   -71.1
  3863    10.4   -75.7    10.4   -75.7    10.4   -75.7    10.4   -75.7    10.4   -75.7
  3867    10.3   -80.2    10.3   -80.2    10.3   -80.2    10.3   -80.2    10.3   -80.2
  3871    10.2   -84.7    10.2   -84.7    10.2   -84.7    10.2   -84.7    10.2   -84.7
  3875    10.1   -89.3    10.1   -89.3    10.1   -89.3    10.1   -89.3    10.1   -89.3
  3879    10.0   -93.7    10.0   -93.7    10.0   -93.7    10.0   -93.7    10.0   -93.7
  3883     9.9   -98.2     9.9   -98.2     9.9   -98.2     9.9   -98.2     9.9   -98.2
  3887     9.8  -102.7     9.8  -102.7     9.8  -102.7     9.8  -102.7     9.8  -102.7
  3891     9.7  -107.2     9.7  -107.2     9.7  -107.2     9.7  -107.2     9.7  -107.2
  3895     9.6  -111.7     9.6  -111.7     9.6  -111.7     9.6  -111.7     9.6  -111.7
  3898     9.5  -116.2     9.5  -116.2     9.5  -116.2     9.5  -116.2     9.5  -116.2
  3902     9.4  -120.7     9.4  -120.7     9.4  -120.7     9.4  -120.7     9.4  -120.7
  3906     9.3  -125.1     9.3  -125.1     9.3  -125.1     9.3  -125.1     9.3  -125.1
  3910     9.2  -129.6     9.2  -129.6     9.2  -129.6     9.2  -129.6     9.2  -129.6
  3914     9.1  -134.1     9.1  -134.1     9.1  -134.1     9.1  -134.1     9.1  -134.1
  3918     9.0  -138.6     9.0  -138.6     9.0  -138.6     9.0  -138.6     9.0  -138.6
  3922     8.9  -143.1     8.9  -143.1     8.9  -143.1     8.9  -143.1     8.9  -143.1
  3926     8.7  -147.5     8.7  -147.5     8.7  -147.5     8.7  -147.5     8.7  -147.5
  3930     8.6  -151.9     8.6  -151.9     8.6  -151.9     8.6  -151.9     8.6  -151.9
  3934     8.5  -156.5     8.5  -156.5     8.5  -156.5     8.5  -156.5     8.5  -156.5
  3938     8.4  -160.9     8.4  -160.9     8.4  -160.9     8.4  -160.9     8.4  -160.9
  3941     8.3  -165.5     8.3  -165.5     8.3  -165.5     8.3  -165.5     8.3  -165.5
  3945     8.2  -170.0     8.2  -170.0     8.2  -170.0     8.2  -170.0     8.2  -170.0
  3949     8.1  -174.4     8.1  -174.4     8.1  -174.4     8.1  -174.4     8.1  -174.4
  3953     8.0  -178.8     8.0  -178.8     8.0  -178.8     8.0  -178.8     8.0  -178.8
  3957     7.9   176.8     7.9   176.8     7.9   176.8     7.9   176.8     7.9   176.8
  3961     7.8   172.2     7.8   172.2     7.8   172.2     7.8   172.2     7.8   172.2
  3965     7.7   167.8     7.7   167.8     7.7   167.8     7.7   167.8     7.7   167.8
  3969     7.6   163.3     7.6   163.3     7.6   163.3     7.6   163.3     7.6   163.3
  3973     7.5   158.7     7.5   158.7     7.5   158.7     7.5   158.7     7.5   158.7
  3977     7.3   154.5     7.3   154.5     7.3   154.5     7.3   154.5     7.3   154.5
  3980     7.2   149.9     7.2   149.9     7.2   149.9     7.2   149.9     7.2   149.9
  3984     7.1   145.4     7.1   145.4     7.1   145.4     7.1   145.4     7.1   145.4
  3988     7.0   141.1     7.0   141.1     7.0   141.1     7.0   141.1     7.0   141.1
  3992     6.9   136.6     6.9   136.6     6.9   136.6     6.9   136.6     6.9   136.6
  3996     6.7   132.1     6.7   132.1     6.7   132.1     6.7   132.1     6.7   132.1
  4000     6.7   127.8     6.7   127.8     6.7   127.8     6.7   127.8     6.7   127.8
  4004     6.5   123.3     6.5   123.3     6.5   123.3     6.5   123.3     6.5   123.3
  4008     6.4   118.9     6.4   118.9     6.4   118.9     6.4   118.9     6.4   118.9
  4012     6.3   114.4     6.3   114.4     6.3   114.4     6.3   114.4     6.3   114.4
  4016     6.2   110.0     6.2   110.0     6.2   110.0     6.2   110.0     6.2   110.0
  4020     6.1   105.6     6.1   105.6     6.1   105.6     6.1   105.6     6.1   105.6
  4023     6.0   101.1     6.0   101.1     6.0   101.1     6.0   101.1     6.0   101.1
  4027     5.9    96.8     5.9    96.8     5.9    96.8     5.9    96.8     5.9    96.8
  4031     5.7    92.3     5.7    92.3     5.7    92.3     5.7    92.3     5.7    92.3
  4035     5.6    87.8     5.6    87.8     5.6    87.8     5.6    87.8     5.6    87.8
  4039     5.5    83.5     5.5    83.5     5.5    83.5     5.5    83.5     5.5    83.5
  4043     5.3    79.0     5.3    79.0     5.3    79.0     5.3    79.0     5.3    79.0
  4047     5.2    74.6     5.2    74.6     5.2    74.6     5.2    74.6     5.2    74.6
  4051     5.1    69.9     5.1    69.9     5.1    69.9     5.1    69.9     5.1    69.9
  4055     5.0    65.7     5.0    65.7     5.0    65.7     5.0    65.7     5.0    65.7
  4059     4.9    61.2     4.9    61.2     4.9    61.2     4.9    61.2     4.9    61.2
  4063     4.8    56.8     4.8    56.8     4.8    56.8     4.8    56.8     4.8    56.8
  4066     4.7    52.1     4.7    52.1     4.7    52.1     4.7    52.1     4.7    52.1
  4070     4.5    47.9     4.5    47.9     4.5    47.9     4.5    47.9     4.5    47.9
  4074     4.4    43.6     4.4    43.6     4.4    43.6     4.4    43.6     4.4    43.6
  4078     4.2    39.2     4.2    39.2     4.2    39.2     4.2    39.2     4.2    39.2
  4082     4.1    34.6     4.1    34.6     4.1    34.6     4.1    34.6     4.1    34.6
  4086     4.0    30.2     4.0    30.2     4.0    30.2     4.0    30.2     4.0    30.2
  4090     3.9    25.7     3.9    25.7     3.9    25.7     3.9    25.7     3.9    25.7
  4094     3.7    21.4     3.7    21.4     3.7    21.4     3.7    21.4     3.7    21.4
  4098     3.6    17.0     3.6    17.0     3.6    17.0     3.6    17.0     3.6    17.0
  4102     3.4    12.4     3.4    12.4     3.4    12.4     3.4    12.4     3.4    12.4
  4105     3.3     8.0     3.3     8.0     3.3     8.0     3.3     8.0     3.3     8.0
  4109     3.2     3.7     3.2     3.7     3.2     3.7     3.2     3.7     3.2     3.7
  4113     3.1    -0.7     3.1    -0.7     3.1    -0.7     3.1    -0.7     3.1    -0.7
  4117     3.0    -5.0     3.0    -5.0     3.0    -5.0     3.0    -5.0     3.0    -5.0
  4121     2.8    -9.5     2.8    -9.5     2.8    -9.5     2.8    -9.5     2.8    -9.5
  4125     2.7   -14.0     2.7   -14.0     2.7   -14.0     2.7   -14.0     2.7   -14.0
  4129     2.5   -18.3     2.5   -18.3     2.5   -18.3     2.5   -18.3     2.5   -18.3
  4133     2.3   -22.8     2.3   -22.8     2.3   -22.8     2.3   -22.8     2.3   -22.8
  4137     2.2   -27.3     2.2   -27.3     2.2   -27.3     2.2   -27.3     2.2   -27.3
  4141     2.1   -31.5     2.1   -31.5     2.1   -31.5     2.1   -31.5     2.1   -31.5
  4145     1.9   -35.9     1.9   -35.9     1.9   -35.9     1.9   -35.9     1.9   -35.9
  4148     1.8   -40.4     1.8   -40.4     1.8   -40.4     1.8   -40.4     1.8   -40.4
  4152     1.6   -44.6     1.6   -44.6     1.6   -44.6     1.6   -44.6     1.6   -44.6
  4156     1.5   -49.1     1.5   -49.1     1.5   -49.1     1.5   -49.1     1.5   -49.1
  4160     1.3   -53.5     1.3   -53.5     1.3   -53.5     1.3   -53.5     1.3   -53.5
  4164     1.1   -57.6     1.1   -57.6     1.1   -57.6     1.1   -57.6     1.1   -57.6
  4168     1.0   -62.0     1.0   -62.0     1.0   -62.0     1.0   -62.0     1.0   -62.0
  4172     0.8   -66.5     0.8   -66.5     0.8   -66.5     0.8   -66.5     0.8   -66.5
  4176     0.6   -70.9     0.6   -70.9     0.6   -70.9     0.6   -70.9     0.6   -70.9
  4180     0.5   -75.3     0.5   -75.3     0.5   -75.3     0.5   -75.3     0.5   -75.3
  4184     0.3   -79.6     0.3   -79.6     0.3   -79.6     0.3   -79.6     0.3   -79.6
  4188     0.1   -83.9     0.1   -83.9     0.1   -83.9     0.1   -83.9     0.1   -83.9
  4191     0.0   -88.4     0.0   -88.4     0.0   -88.4     0.0   -88.4     0.0   -88.4
  4195    -0.2   -92.5    -0.2   -92.5    -0.2   -92.5    -0.2   -92.5    -0.2   -92.5
  4199    -0.4   -97.1    -0.4   -97.1    -0.4   -97.1    -0.4   -97.1    -0.4   -97.1
  4203    -0.6  -101.5    -0.6  -101.5    -0.6  -101.5    -0.6  -101.5    -0.6  -101.5
  4207    -0.8  -105.7    -0.8  -105.7    -0.8  -105.7    -0.8  -105.7    -0.8  -105.7
  4211    -0.9  -110.3    -0.9  -110.3    -0.9  -110.3    -0.9  -110.3    -0.9  -110.3
  4215    -1.1  -114.1    -1.1  -114.1    -1.1  -114.1    -1.1  -114.1    -1.1  -114.1
  4219    -1.3  -118.7    -1.3  -118.7    -1.3  -118.7    -1.3  -118.7    -1.3  -118.7
  4223    -1.5  -123.0    -1.5  -123.0    -1.5  -123.0    -1.5  -123.0    -1.5  -123.0
  4227    -1.7  -127.3    -1.7  -127.3    -1.7  -127.3    -1.7  -127.3    -1.7  -127.3
  4230    -1.9  -131.4    -1.9  -131.4    -1.9  -131.4    -1.9  -131.4    -1.9  -131.4
  4234    -2.2  -136.0    -2.2  -136.0    -2.2  -136.0    -2.2  -136.0    -2.2  -136.0
  4238    -2.4  -140.3    -2.4  -140.3    -2.4  -140.3    -2.4  -140.3    -2.4  -140.3
  4242    -2.6  -144.7    -2.6  -144.7    -2.6  -144.7    -2.6  -144.7    -2.6  -144.7
  4246    -2.8  -148.7    -2.8  -148.7    -2.8  -148.7    -2.8  -148.7    -2.8  -148.7
  4250    -3.0  -152.8    -3.0  -152.8    -3.0  -152.8    -3.0  -152.8    -3.0  -152.8
  4254    -3.2  -157.3    -3.2  -157.3    -3.2  -157.3    -3.2  -157.3    -3.2  -157.3
  4258    -3.5  -160.9    -3.5  -160.9    -3.5  -160.9    -3.5  -160.9    -3.5  -160.9
  4262    -3.8  -165.5    -3.8  -165.5    -3.8  -165.5    -3.8  -165.5    -3.8  -165.5
  4266    -3.9  -170.0    -3.9  -170.0    -3.9  -170.0    -3.9  -170.0    -3.9  -170.0
  4270    -4.2  -173.8    -4.2  -173.8    -4.2  -173.8    -4.2  -173.8    -4.2  -173.8
  4273    -4.4  -177.8    -4.4  -177.8    -4.4  -177.8    -4.4  -177.8    -4.4  -177.8
  4277    -4.7   178.0    -4.7   178.0    -4.7   178.0    -4.7   178.0    -4.7   178.0
  4281    -5.1   173.9    -5.1   173.9    -5.1   173.9    -5.1   173.9    -5.1   173.9
  4285    -5.3   169.6    -5.3   169.6    -5.3   169.6    -5.3   169.6    -5.3   169.6
  4289    -5.6   165.7    -5.6   165.7    -5.6   165.7    -5.6   165.7    -5.6   165.7
  4293    -6.0   161.1    -6.0   161.1    -6.0   161.1    -6.0   161.1    -6.0   161.1
  4297    -6.2   157.5    -6.2   157.5    -6.2   157.5    -6.2   157.5    -6.2   157.5
  4301    -6.6   153.8    -6.6   153.8    -6.6   153.8    -6.6   153.8    -6.6   153.8
  4305    -6.9   149.9    -6.9   149.9    -6.9   149.9    -6.9   149.9    -6.9   149.9
  4309    -7.2   146.1    -7.2   146.1    -7.2   146.1    -7.2   146.1    -7.2   146.1
  4313    -7.5   142.0    -7.5   142.0    -7.5   142.0    -7.5   142.0    -7.5   142.0
  4316    -7.9   138.2    -7.9   138.2    -7.9   138.2    -7.9   138.2    -7.9   138.2
  4320    -8.2   134.9    -8.2   134.9    -8.2   134.9    -8.2   134.9    -8.2   134.9
  4324    -8.7   130.5    -8.7   130.5    -8.7   130.5    -8.7   130.5    -8.7   130.5
  4328    -9.0   127.3    -9.0   127.3    -9.0   127.3    -9.0   127.3    -9.0   127.3
  4332    -9.6   124.1    -9.6   124.1    -9.6   124.1    -9.6   124.1    -9.6   124.1
  4336    -9.9   120.4    -9.9   120.4    -9.9   120.4    -9.9   120.4    -9.9   120.4
  4340   -10.4   117.8   -10.4   117.8   -10.4   117.8   -10.4   117.8   -10.4   117.8
  4344   -11.1   114.3   -11.1   114.3   -11.1   114.3   -11.1   114.3   -11.1   114.3
  4348   -11.4   111.7   -11.4   111.7   -11.4   111.7   -11.4   111.7   -11.4   111.7
  4352   -11.9   107.9   -11.9   107.9   -11.9   107.9   -11.9   107.9   -11.9   107.9
  4355   -12.5   106.3   -12.5   106.3   -12.5   106.3   -12.5   106.3   -12.5   106.3
  4359   -13.0   104.0   -13.0   104.0   -13.0   104.0   -13.0   104.0   -13.0   104.0
  4363   -13.7   102.8   -13.7   102.8   -13.7   102.8   -13.7   102.8   -13.7   102.8
  4367   -14.1   100.4   -14.1   100.4   -14.1   100.4   -14.1   100.4   -14.1   100.4
  4371   -14.6    99.3   -14.6    99.3   -14.6    99.3   -14.6    99.3   -14.6    99.3
  4375   -15.4    99.8   -15.4    99.8   -15.4    99.8   -15.4    99.8   -15.4    99.8
  4379   -16.1    99.6   -16.1    99.6   -16.1    99.6   -16.1    99.6   -16.1    99.6
  4383   -16.2    99.7   -16.2    99.7   -16.2    99.7   -16.2    99.7   -16.2    99.7
  4387   -17.2   102.2   -17.2   102.2   -17.2   102.2   -17.2   102.2   -17.2   102.2
  4391   -17.4   102.3   -17.4   102.3   -17.4   102.3   -17.4   102.3   -17.4   102.3
  4395   -18.0   106.7   -18.0   106.7   -18.0   106.7   -18.0   106.7   -18.0   106.7
  4398   -18.0   108.0   -18.0   108.0   -18.0   108.0   -18.0   108.0   -18.0   108.0
  4402   -18.0   111.4   -18.0   111.4   -18.0   111.4   -18.0   111.4   -18.0   111.4
  4406   -18.4   118.3   -18.4   118.3   -18.4   118.3   -18.4   118.3   -18.4   118.3
  4410   -17.4   120.2   -17.4   120.2   -17.4   120.2   -17.4   120.2   -17.4   120.2
  4414   -17.8   118.9   -17.8   118.9   -17.8   118.9   -17.8   118.9   -17.8   118.9
  4418   -16.8   122.7   -16.8   122.7   -16.8   122.7   -16.8   122.7   -16.8   122.7
  4422   -16.3   122.4   -16.3   122.4   -16.3   122.4   -16.3   122.4   -16.3   122.4
  4426   -16.0   123.6   -16.0   123.6   -16.0   123.6   -16.0   123.6   -16.0   123.6
  4430   -15.2   123.4   -15.2   123.4   -15.2   123.4   -15.2   123.4   -15.2   123.4
  4434   -14.6   123.0   -14.6   123.0   -14.6   123.0   -14.6   123.0   -14.6   123.0
  4438   -14.1   122.2   -14.1   122.2   -14.1   122.2   -14.1   122.2   -14.1   122.2
  4441   -13.4   118.6   -13.4   118.6   -13.4   118.6   -13.4   118.6   -13.4   118.6
  4445   -13.1   117.3   -13.1   117.3   -13.1   117.3   -13.1   117.3   -13.1   117.3
  4449   -12.4   114.4   -12.4   114.4   -12.4   114.4   -12.4   114.4   -12.4   114.4
  4453   -12.1   112.5   -12.1   112.5   -12.1   112.5   -12.1   112.5   -12.1   112.5
  4457   -11.4   110.4   -11.4   110.4   -11.4   110.4   -11.4   110.4   -11.4   110.4
  4461   -11.0   106.9   -11.0   106.9   -11.0   106.9   -11.0   106.9   -11.0   106.9
  4465   -10.4   103.9   -10.4   103.9   -10.4   103.9   -10.4   103.9   -10.4   103.9
  4469   -10.2   100.4   -10.2   100.4   -10.2   100.4   -10.2   100.4   -10.2   100.4
  4473    -9.6    97.6    -9.6    97.6    -9.6    97.6    -9.6    97.6    -9.6    97.6
  4477    -9.3    93.5    -9.3    93.5    -9.3    93.5    -9.3    93.5    -9.3    93.5
  4480    -8.9    89.3    -8.9    89.3    -8.9    89.3    -8.9    89.3    -8.9    89.3
  4484    -8.5    87.0    -8.5    87.0    -8.5    87.0    -8.5    87.0    -8.5    87.0
  4488    -8.2    83.1    -8.2    83.1    -8.2    83.1    -8.2    83.1    -8.2    83.1
  4492    -7.8    78.4    -7.8    78.4    -7.8    78.4    -7.8    78.4    -7.8    78.4
  4496    -7.6    74.9    -7.6    74.9    -7.6    74.9    -7.6    74.9    -7.6    74.9
  4500    -7.2    70.5    -7.2    70.5    -7.2    70.5    -7.2    70.5    -7.2    70.5
  4504    -7.0    66.5    -7.0    66.5    -7.0    66.5    -7.0    66.5    -7.0    66.5
  4508    -6.7    62.7    -6.7    62.7    -6.7    62.7    -6.7    62.7    -6.7    62.7
  4512    -6.4    59.0    -6.4    59.0    -6.4    59.0    -6.4    59.0    -6.4    59.0
  4516    -6.1    54.7    -6.1    54.7    -6.1    54.7    -6.1    54.7    -6.1    54.7
  4520    -5.8    50.9    -5.8    50.9    -5.8    50.9    -5.8    50.9    -5.8    50.9
  4523    -5.5    46.7    -5.5    46.7    -5.5    46.7    -5.5    46.7    -5.5    46.7
  4527    -5.3    42.7    -5.3    42.7    -5.3    42.7    -5.3    42.7    -5.3    42.7
  4531    -5.0    38.4    -5.0    38.4    -5.0    38.4    -5.0    38.4    -5.0    38.4
  4535    -4.7    34.3    -4.7    34.3    -4.7    34.3    -4.7    34.3    -4.7    34.3
  4539    -4.6    29.9    -4.6    29.9    -4.6    29.9    -4.6    29.9    -4.6    29.9
  4543    -4.3    25.5    -4.3    25.5    -4.3    25.5    -4.3    25.5    -4.3    25.5
  4547    -4.1    21.1    -4.1    21.1    -4.1    21.1    -4.1    21.1    -4.1    21.1
  4551    -3.9    17.2    -3.9    17.2    -3.9    17.2    -3.9    17.2    -3.9    17.2
  4555    -3.8    12.8    -3.8    12.8    -3.8    12.8    -3.8    12.8    -3.8    12.8
  4559    -3.5     8.4    -3.5     8.4    -3.5     8.4    -3.5     8.4    -3.5     8.4
  4563    -3.3     4.1    -3.3     4.1    -3.3     4.1    -3.3     4.1    -3.3     4.1
  4566    -3.1    -0.0    -3.1    -0.0    -3.1    -0.0    -3.1    -0.0    -3.1    -0.0
  4570    -2.9    -4.5    -2.9    -4.5    -2.9    -4.5    -2.9    -4.5    -2.9    -4.5
  4574    -2.7    -8.9    -2.7    -8.9    -2.7    -8.9    -2.7    -8.9    -2.7    -8.9
  4578    -2.6   -12.9    -2.6   -12.9    -2.6   -12.9    -2.6   -12.9    -2.6   -12.9
  4582    -2.4   -17.5    -2.4   -17.5    -2.4   -17.5    -2.4   -17.5    -2.4   -17.5
  4586    -2.2   -21.7    -2.2   -21.7    -2.2   -21.7    -2.2   -21.7    -2.2   -21.7
  4590    -2.1   -26.1    -2.1   -26.1    -2.1   -26.1    -2.1   -26.1    -2.1   -26.1
  4594    -1.9   -30.6    -1.9   -30.6    -1.9   -30.6    -1.9   -30.6    -1.9   -30.6
  4598    -1.7   -35.1    -1.7   -35.1    -1.7   -35.1    -1.7   -35.1    -1.7   -35.1
  4602    -1.6   -39.3    -1.6   -39.3    -1.6   -39.3    -1.6   -39.3    -1.6   -39.3
  4605    -1.4   -43.8    -1.4   -43.8    -1.4   -43.8    -1.4   -43.8    -1.4   -43.8
  4609    -1.2   -48.2    -1.2   -48.2    -1.2   -48.2    -1.2   -48.2    -1.2   -48.2
  4613    -1.1   -52.7    -1.1   -52.7    -1.1   -52.7    -1.1   -52.7    -1.1   -52.7
  4617    -1.0   -56.9    -1.0   -56.9    -1.0   -56.9    -1.0   -56.9    -1.0   -56.9
  4621    -0.8   -61.6    -0.8   -61.6    -0.8   -61.6    -0.8   -61.6    -0.8   -61.6
  4625    -0.7   -65.9    -0.7   -65.9    -0.7   -65.9    -0.7   -65.9    -0.7   -65.9
  4629    -0.5   -70.3    -0.5   -70.3    -0.5   -70.3    -0.5   -70.3    -0.5   -70.3
  4633    -0.4   -75.0    -0.4   -75.0    -0.4   -75.0    -0.4   -75.0    -0.4   -75.0
  4637    -0.3   -79.2    -0.3   -79.2    -0.3   -79.2    -0.3   -79.2    -0.3   -79.2
  4641    -0.2   -83.7    -0.2   -83.7    -0.2   -83.7    -0.2   -83.7    -0.2   -83.7
  4645    -0.1   -88.3    -0.1   -88.3    -0.1   -88.3    -0.1   -88.3    -0.1   -88.3
  4648     0.1   -92.3     0.1   -92.3     0.1   -92.3     0.1   -92.3     0.1   -92.3
  4652     0.2   -96.9     0.2   -96.9     0.2   -96.9     0.2   -96.9     0.2   -96.9
  4656     0.4  -101.5     0.4  -101.5     0.4  -101.5     0.4  -101.5     0.4  -101.5
  4660     0.5  -106.3     0.5  -106.3     0.5  -106.3     0.5  -106.3     0.5  -106.3
  4664     0.6  -110.7     0.6  -110.7     0.6  -110.7     0.6  -110.7     0.6  -110.7
  4668     0.7  -114.9     0.7  -114.9     0.7  -114.9     0.7  -114.9     0.7  -114.9
  4672     0.8  -119.3     0.8  -119.3     0.8  -119.3     0.8  -119.3     0.8  -119.3
  4676     0.9  -124.0     0.9  -124.0     0.9  -124.0     0.9  -124.0     0.9  -124.0
  4680     1.0  -128.1     1.0  -128.1     1.0  -128.1     1.0  -128.1     1.0  -128.1
  4684     1.2  -132.8     1.2  -132.8     1.2  -132.8     1.2  -132.8     1.2  -132.8
  4688     1.3  -137.3     1.3  -137.3     1.3  -137.3     1.3  -137.3     1.3  -137.3
  4691     1.4  -141.7     1.4  -141.7     1.4  -141.7     1.4  -141.7     1.4  -141.7
  4695     1.5  -146.1     1.5  -146.1     1.5  -146.1     1.5  -146.1     1.5  -146.1
  4699     1.6  -150.5     1.6  -150.5     1.6  -150.5     1.6  -150.5     1.6  -150.5
  4703     1.6  -155.4     1.6  -155.4     1.6  -155.4     1.6  -155.4     1.6  -155.4
  4707     1.8  -159.7     1.8  -159.7     1.8  -159.7     1.8  -159.7     1.8  -159.7
  4711     1.9  -164.2     1.9  -164.2     1.9  -164.2     1.9  -164.2     1.9  -164.2
  4715     2.0  -168.6     2.0  -168.6     2.0  -168.6     2.0  -168.6     2.0  -168.6
  4719     2.0  -173.1     2.0  -173.1     2.0  -173.1     2.0  -173.1     2.0  -173.1
  4723     2.1  -177.7     2.1  -177.7     2.1  -177.7     2.1  -177.7     2.1  -177.7
  4727     2.3   177.9     2.3   177.9     2.3   177.9     2.3   177.9     2.3   177.9
  4730     2.3   173.4     2.3   173.4     2.3   173.4     2.3   173.4     2.3   173.4
  4734     2.4   169.0     2.4   169.0     2.4   169.0     2.4   169.0     2.4   169.0
  4738     2.5   164.5     2.5   164.5     2.5   164.5     2.5   164.5     2.5   164.5
  4742     2.6   159.9     2.6   159.9     2.6   159.9     2.6   159.9     2.6   159.9
  4746     2.6   155.4     2.6   155.4     2.6   155.4     2.6   155.4     2.6   155.4
  4750     2.7   151.0     2.7   151.0     2.7   151.0     2.7   151.0     2.7   151.0
  4754     2.8   146.4     2.8   146.4     2.8   146.4     2.8   146.4     2.8   146.4
  4758     2.9   142.0     2.9   142.0     2.9   142.0     2.9   142.0     2.9   142.0
  4762     3.0   137.5     3.0   137.5     3.0   137.5     3.0   137.5     3.0   137.5
  4766     3.1   133.0     3.1   133.0     3.1   133.0     3.1   133.0     3.1   133.0
  4770     3.1   128.4     3.1   128.4     3.1   128.4     3.1   128.4     3.1   128.4
  4773     3.2   123.9     3.2   123.9     3.2   123.9     3.2   123.9     3.2   123.9
  4777     3.3   119.5     3.3   119.5     3.3   119.5     3.3   119.5     3.3   119.5
  4781     3.3   114.9     3.3   114.9     3.3   114.9     3.3   114.9     3.3   114.9
  4785     3.5   110.3     3.5   110.3     3.5   110.3     3.5   110.3     3.5   110.3
  4789     3.5   106.1     3.5   106.1     3.5   106.1     3.5   106.1     3.5   106.1
  4793     3.6   101.5     3.6   101.5     3.6   101.5     3.6   101.5     3.6   101.5
  4797     3.6    97.1     3.6    97.1     3.6    97.1     3.6    97.1     3.6    97.1
  4801     3.7    92.4     3.7    92.4     3.7    92.4     3.7    92.4     3.7    92.4
  4805     3.8    87.9     3.8    87.9     3.8    87.9     3.8    87.9     3.8    87.9
  4809     3.8    83.4     3.8    83.4     3.8    83.4     3.8    83.4     3.8    83.4
  4813     3.9    79.1     3.9    79.1     3.9    79.1     3.9    79.1     3.9    79.1
  4816     4.0    74.5     4.0    74.5     4.0    74.5     4.0    74.5     4.0    74.5
  4820     4.0    70.0     4.0    70.0     4.0    70.0     4.0    70.0     4.0    70.0
  4824     4.1    65.5     4.1    65.5     4.1    65.5     4.1    65.5     4.1    65.5
  4828     4.2    60.9     4.2    60.9     4.2    60.9     4.2    60.9     4.2    60.9
  4832     4.2    56.3     4.2    56.3     4.2    56.3     4.2    56.3     4.2    56.3
  4836     4.3    51.9     4.3    51.9     4.3    51.9     4.3    51.9     4.3    51.9
  4840     4.4    47.5     4.4    47.5     4.4    47.5     4.4    47.5     4.4    47.5
  4844     4.4    43.1     4.4    43.1     4.4    43.1     4.4    43.1     4.4    43.1
  4848     4.5    38.6     4.5    38.6     4.5    38.6     4.5    38.6     4.5    38.6
  4852     4.6    34.1     4.6    34.1     4.6    34.1     4.6    34.1     4.6    34.1
  4855     4.6    29.5     4.6    29.5     4.6    29.5     4.6    29.5     4.6    29.5
  4859     4.7    25.0     4.7    25.0     4.7    25.0     4.7    25.0     4.7    25.0
  4863     4.7    20.4     4.7    20.4     4.7    20.4     4.7    20.4     4.7    20.4
  4867     4.8    16.1     4.8    16.1     4.8    16.1     4.8    16.1     4.8    16.1
  4871     4.9    11.7     4.9    11.7     4.9    11.7     4.9    11.7     4.9    11.7
  4875     4.9     7.0     4.9     7.0     4.9     7.0     4.9     7.0     4.9     7.0
  4879     4.9     2.6     4.9     2.6     4.9     2.6     4.9     2.6     4.9     2.6
  4883     5.0    -2.0     5.0    -2.0     5.0    -2.0     5.0    -2.0     5.0    -2.0
  4887     5.1    -6.4     5.1    -6.4     5.1    -6.4     5.1    -6.4     5.1    -6.4
  4891     5.1   -11.0     5.1   -11.0     5.1   -11.0     5.1   -11.0     5.1   -11.0
  4895     5.1   -15.3     5.1   -15.3     5.1   -15.3     5.1   -15.3     5.1   -15.3
  4898     5.2   -19.8     5.2   -19.8     5.2   -19.8     5.2   -19.8     5.2   -19.8
  4902     5.3   -24.4     5.3   -24.4     5.3   -24.4     5.3   -24.4     5.3   -24.4
  4906     5.3   -28.9     5.3   -28.9     5.3   -28.9     5.3   -28.9     5.3   -28.9
  4910     5.4   -33.4     5.4   -33.4     5.4   -33.4     5.4   -33.4     5.4   -33.4
  4914     5.4   -37.8     5.4   -37.8     5.4   -37.8     5.4   -37.8     5.4   -37.8
  4918     5.4   -42.2     5.4   -42.2     5.4   -42.2     5.4   -42.2     5.4   -42.2
  4922     5.5   -46.7     5.5   -46.7     5.5   -46.7     5.5   -46.7     5.5   -46.7
  4926     5.5   -51.2     5.5   -51.2     5.5   -51.2     5.5   -51.2     5.5   -51.2
  4930     5.6   -55.7     5.6   -55.7     5.6   -55.7     5.6   -55.7     5.6   -55.7
  4934     5.6   -60.2     5.6   -60.2     5.6   -60.2     5.6   -60.2     5.6   -60.2
  4938     5.7   -64.7     5.7   -64.7     5.7   -64.7     5.7   -64.7     5.7   -64.7
  4941     5.8   -69.2     5.8   -69.2     5.8   -69.2     5.8   -69.2     5.8   -69.2
  4945     5.8   -73.6     5.8   -73.6     5.8   -73.6     5.8   -73.6     5.8   -73.6
  4949     5.8   -78.2     5.8   -78.2     5.8   -78.2     5.8   -78.2     5.8   -78.2
  4953     5.9   -82.5     5.9   -82.5     5.9   -82.5     5.9   -82.5     5.9   -82.5
  4957     5.9   -87.2     5.9   -87.2     5.9   -87.2     5.9   -87.2     5.9   -87.2
  4961     6.0   -91.4     6.0   -91.4     6.0   -91.4     6.0   -91.4     6.0   -91.4
  4965     6.0   -95.8     6.0   -95.8     6.0   -95.8     6.0   -95.8     6.0   -95.8
  4969     6.1  -100.5     6.1  -100.5     6.1  -100.5     6.1  -100.5     6.1  -100.5
  4973     6.1  -105.0     6.1  -105.0     6.1  -105.0     6.1  -105.0     6.1  -105.0
  4977     6.1  -109.3     6.1  -109.3     6.1  -109.3     6.1  -109.3     6.1  -109.3
  4980     6.2  -113.9     6.2  -113.9     6.2  -113.9     6.2  -113.9     6.2  -113.9
  4984     6.2  -118.4     6.2  -118.4     6.2  -118.4     6.2  -118.4     6.2  -118.4
  4988     6.3  -122.7     6.3  -122.7     6.3  -122.7     6.3  -122.7     6.3  -122.7
  4992     6.3  -127.3     6.3  -127.3     6.3  -127.3     6.3  -127.3     6.3  -127.3
  4996     6.4  -131.7     6.4  -131.7     6.4  -131.7     6.4  -131.7     6.4  -131.7
  5000     6.4  -136.1     6.4  -136.1     6.4  -136.1     6.4  -136.1     6.4  -136.1
  5004     6.4  -140.5     6.4  -140.5     6.4  -140.5     6.4  -140.5     6.4  -140.5
  5008     6.5  -145.1     6.5  -145.1     6.5  -145.1     6.5  -145.1     6.5  -145.1
  5012     6.5  -149.6     6.5  -149.6     6.5  -149.6     6.5  -149.6     6.5  -149.6
  5016     6.6  -154.0     6.6  -154.0     6.6  -154.0     6.6  -154.0     6.6  -154.0
  5020     6.6  -158.4     6.6  -158.4     6.6  -158.4     6.6  -158.4     6.6  -158.4
  5023     6.6  -162.7     6.6  -162.7     6.6  -162.7     6.6  -162.7     6.6  -162.7
  5027     6.6  -167.3     6.6  -167.3     6.6  -167.3     6.6  -167.3     6.6  -167.3
  5031     6.7  -171.9     6.7  -171.9     6.7  -171.9     6.7  -171.9     6.7  -171.9
  5035     6.8  -176.2     6.8  -176.2     6.8  -176.2     6.8  -176.2     6.8  -176.2
  5039     6.8   179.3     6.8   179.3     6.8   179.3     6.8   179.3     6.8   179.3
  5043     6.8   174.9     6.8   174.9     6.8   174.9     6.8   174.9     6.8   174.9
  5047     6.9   170.4     6.9   170.4     6.9   170.4     6.9   170.4     6.9   170.4
  5051     6.9   166.0     6.9   166.0     6.9   166.0     6.9   166.0     6.9   166.0
  5055     6.9   161.6     6.9   161.6     6.9   161.6     6.9   161.6     6.9   161.6
  5059     7.0   157.0     7.0   157.0     7.0   157.0     7.0   157.0     7.0   157.0
  5063     7.0   152.7     7.0   152.7     7.0   152.7     7.0   152.7     7.0   152.7
  5066     7.1   148.2     7.1   148.2     7.1   148.2     7.1   148.2     7.1   148.2
  5070     7.1   143.7     7.1   143.7     7.1   143.7     7.1   143.7     7.1   143.7
  5074     7.1   139.3     7.1   139.3     7.1   139.3     7.1   139.3     7.1   139.3
  5078     7.2   135.0     7.2   135.0     7.2   135.0     7.2   135.0     7.2   135.0
  5082     7.2   130.5     7.2   130.5     7.2   130.5     7.2   130.5     7.2   130.5
  5086     7.2   126.0     7.2   126.0     7.2   126.0     7.2   126.0     7.2   126.0
  5090     7.3   121.6     7.3   121.6     7.3   121.6     7.3   121.6     7.3   121.6
  5094     7.3   117.2     7.3   117.2     7.3   117.2     7.3   117.2     7.3   117.2
  5098     7.3   112.8     7.3   112.8     7.3   112.8     7.3   112.8     7.3   112.8
  5102     7.4   108.3     7.4   108.3     7.4   108.3     7.4   108.3     7.4   108.3
  5105     7.4   103.7     7.4   103.7     7.4   103.7     7.4   103.7     7.4   103.7
  5109     7.5    99.5     7.5    99.5     7.5    99.5     7.5    99.5     7.5    99.5
  5113     7.5    95.0     7.5    95.0     7.5    95.0     7.5    95.0     7.5    95.0
  5117     7.6    90.5     7.6    90.5     7.6    90.5     7.6    90.5     7.6    90.5
  5121     7.6    86.2     7.6    86.2     7.6    86.2     7.6    86.2     7.6    86.2
  5125     7.6    81.8     7.6    81.8     7.6    81.8     7.6    81.8     7.6    81.8
  5129     7.7    77.2     7.7    77.2     7.7    77.2     7.7    77.2     7.7    77.2
  5133     7.7    72.8     7.7    72.8     7.7    72.8     7.7    72.8     7.7    72.8
  5137     7.7    68.4     7.7    68.4     7.7    68.4     7.7    68.4     7.7    68.4
  5141     7.8    64.0     7.8    64.0     7.8    64.0     7.8    64.0     7.8    64.0
  5145     7.8    59.6     7.8    59.6     7.8    59.6     7.8    59.6     7.8    59.6
  5148     7.9    55.2     7.9    55.2     7.9    55.2     7.9    55.2     7.9    55.2
  5152     7.9    50.7     7.9    50.7     7.9    50.7     7.9    50.7     7.9    50.7
  5156     7.9    46.3     7.9    46.3     7.9    46.3     7.9    46.3     7.9    46.3
  5160     8.0    41.8     8.0    41.8     8.0    41.8     8.0    41.8     8.0    41.8
  5164     8.0    37.4     8.0    37.4     8.0    37.4     8.0    37.4     8.0    37.4
  5168     8.0    33.2     8.0    33.2     8.0    33.2     8.0    33.2     8.0    33.2
  5172     8.1    28.8     8.1    28.8     8.1    28.8     8.1    28.8     8.1    28.8
  5176     8.1    24.4     8.1    24.4     8.1    24.4     8.1    24.4     8.1    24.4
  5180     8.1    19.8     8.1    19.8     8.1    19.8     8.1    19.8     8.1    19.8
  5184     8.2    15.4     8.2    15.4     8.2    15.4     8.2    15.4     8.2    15.4
  5188     8.2    11.1     8.2    11.1     8.2    11.1     8.2    11.1     8.2    11.1
  5191     8.3     6.5     8.3     6.5     8.3     6.5     8.3     6.5     8.3     6.5
  5195     8.3     2.2     8.3     2.2     8.3     2.2     8.3     2.2     8.3     2.2
  5199     8.3    -2.3     8.3    -2.3     8.3    -2.3     8.3    -2.3     8.3    -2.3
  5203     8.4    -6.6     8.4    -6.6     8.4    -6.6     8.4    -6.6     8.4    -6.6
  5207     8.4   -11.1     8.4   -11.1     8.4   -11.1     8.4   -11.1     8.4   -11.1
  5211     8.5   -15.5     8.5   -15.5     8.5   -15.5     8.5   -15.5     8.5   -15.5
  5215     8.5   -19.9     8.5   -19.9     8.5   -19.9     8.5   -19.9     8.5   -19.9
  5219     8.5   -24.3     8.5   -24.3     8.5   -24.3     8.5   -24.3     8.5   -24.3
  5223     8.5   -28.8     8.5   -28.8     8.5   -28.8     8.5   -28.8     8.5   -28.8
  5227     8.6   -33.2     8.6   -33.2     8.6   -33.2     8.6   -33.2     8.6   -33.2
  5230     8.6   -37.5     8.6   -37.5     8.6   -37.5     8.6   -37.5     8.6   -37.5
  5234     8.7   -42.0     8.7   -42.0     8.7   -42.0     8.7   -42.0     8.7   -42.0
  5238     8.7   -46.3     8.7   -46.3     8.7   -46.3     8.7   -46.3     8.7   -46.3
  5242     8.8   -50.5     8.8   -50.5     8.8   -50.5     8.8   -50.5     8.8   -50.5
  5246     8.8   -55.2     8.8   -55.2     8.8   -55.2     8.8   -55.2     8.8   -55.2
  5250     8.8   -59.6     8.8   -59.6     8.8   -59.6     8.8   -59.6     8.8   -59.6
  5254     8.8   -64.1     8.8   -64.1     8.8   -64.1     8.8   -64.1     8.8   -64.1
  5258     8.9   -68.4     8.9   -68.4     8.9   -68.4     8.9   -68.4     8.9   -68.4
  5262     8.9   -72.7     8.9   -72.7     8.9   -72.7     8.9   -72.7     8.9   -72.7
  5266     9.0   -77.1     9.0   -77.1     9.0   -77.1     9.0   -77.1     9.0   -77.1
  5270     9.0   -81.6     9.0   -81.6     9.0   -81.6     9.0   -81.6     9.0   -81.6
  5273     9.1   -86.1     9.1   -86.1     9.1   -86.1     9.1   -86.1     9.1   -86.1
  5277     9.1   -90.5     9.1   -90.5     9.1   -90.5     9.1   -90.5     9.1   -90.5
  5281     9.1   -94.9     9.1   -94.9     9.1   -94.9     9.1   -94.9     9.1   -94.9
  5285     9.2   -99.2     9.2   -99.2     9.2   -99.2     9.2   -99.2     9.2   -99.2
  5289     9.2  -103.5     9.2  -103.5     9.2  -103.5     9.2  -103.5     9.2  -103.5
  5293     9.3  -108.0     9.3  -108.0     9.3  -108.0     9.3  -108.0     9.3  -108.0
  5297     9.3  -112.5     9.3  -112.5     9.3  -112.5     9.3  -112.5     9.3  -112.5
  5301     9.3  -116.9     9.3  -116.9     9.3  -116.9     9.3  -116.9     9.3  -116.9
  5305     9.4  -121.3     9.4  -121.3     9.4  -121.3     9.4  -121.3     9.4  -121.3
  5309     9.4  -125.6     9.4  -125.6     9.4  -125.6     9.4  -125.6     9.4  -125.6
  5313     9.5  -129.9     9.5  -129.9     9.5  -129.9     9.5  -129.9     9.5  -129.9
  5316     9.5  -134.4     9.5  -134.4     9.5  -134.4     9.5  -134.4     9.5  -134.4
  5320     9.5  -138.9     9.5  -138.9     9.5  -138.9     9.5  -138.9     9.5  -138.9
  5324     9.6  -143.2     9.6  -143.2     9.6  -143.2     9.6  -143.2     9.6  -143.2
  5328     9.7  -147.7     9.7  -147.7     9.7  -147.7     9.7  -147.7     9.7  -147.7
  5332     9.7  -152.0     9.7  -152.0     9.7  -152.0     9.7  -152.0     9.7  -152.0
  5336     9.7  -156.3     9.7  -156.3     9.7  -156.3     9.7  -156.3     9.7  -156.3
  5340     9.8  -160.8     9.8  -160.8     9.8  -160.8     9.8  -160.8     9.8  -160.8
  5344     9.8  -165.2     9.8  -165.2     9.8  -165.2     9.8  -165.2     9.8  -165.2
  5348     9.9  -169.7     9.9  -169.7     9.9  -169.7     9.9  -169.7     9.9  -169.7
  5352     9.9  -174.1     9.9  -174.1     9.9  -174.1     9.9  -174.1     9.9  -174.1
  5355    10.0  -178.5    10.0  -178.5    10.0  -178.5    10.0  -178.5    10.0  -178.5
  5359    10.0   177.2    10.0   177.2    10.0   177.2    10.0   177.2    10.0   177.2
  5363    10.0   172.8    10.0   172.8    10.0   172.8    10.0   172.8    10.0   172.8
  5367    10.1   168.3    10.1   168.3    10.1   168.3    10.1   168.3    10.1   168.3
  5371    10.1   163.8    10.1   163.8    10.1   163.8    10.1   163.8    10.1   163.8
  5375    10.2   159.4    10.2   159.4    10.2   159.4    10.2   159.4    10.2   159.4
  5379    10.2   155.1    10.2   155.1    10.2   155.1    10.2   155.1    10.2   155.1
  5383    10.3   150.9    10.3   150.9    10.3   150.9    10.3   150.9    10.3   150.9
  5387    10.3   146.4    10.3   146.4    10.3   146.4    10.3   146.4    10.3   146.4
  5391    10.4   141.9    10.4   141.9    10.4   141.9    10.4   141.9    10.4   141.9
  5395    10.4   137.4    10.4   137.4    10.4   137.4    10.4   137.4    10.4   137.4
  5398    10.5   133.0    10.5   133.0    10.5   133.0    10.5   133.0    10.5   133.0
  5402    10.5   128.8    10.5   128.8    10.5   128.8    10.5   128.8    10.5   128.8
  5406    10.6   124.4    10.6   124.4    10.6   124.4    10.6   124.4    10.6   124.4
  5410    10.6   119.9    10.6   119.9    10.6   119.9    10.6   119.9    10.6   119.9
  5414    10.6   115.5    10.6   115.5    10.6   115.5    10.6   115.5    10.6   115.5
  5418    10.7   110.9    10.7   110.9    10.7   110.9    10.7   110.9    10.7   110.9
  5422    10.8   106.6    10.8   106.6    10.8   106.6    10.8   106.6    10.8   106.6
  5426    10.8   102.2    10.8   102.2    10.8   102.2    10.8   102.2    10.8   102.2
  5430    10.9    97.9    10.9    97.9    10.9    97.9    10.9    97.9    10.9    97.9
  5434    10.9    93.3    10.9    93.3    10.9    93.3    10.9    93.3    10.9    93.3
  5438    11.0    88.9    11.0    88.9    11.0    88.9    11.0    88.9    11.0    88.9
  5441    11.0    84.4    11.0    84.4    11.0    84.4    11.0    84.4    11.0    84.4
  5445    11.1    80.1    11.1    80.1    11.1    80.1    11.1    80.1    11.1    80.1
  5449    11.1    75.8    11.1    75.8    11.1    75.8    11.1    75.8    11.1    75.8
  5453    11.2    71.4    11.2    71.4    11.2    71.4    11.2    71.4    11.2    71.4
  5457    11.2    66.9    11.2    66.9    11.2    66.9    11.2    66.9    11.2    66.9
  5461    11.3    62.4    11.3    62.4    11.3    62.4    11.3    62.4    11.3    62.4
  5465    11.4    57.9    11.4    57.9    11.4    57.9    11.4    57.9    11.4    57.9
  5469    11.4    53.6    11.4    53.6    11.4    53.6    11.4    53.6    11.4    53.6
  5473    11.5    49.2    11.5    49.2    11.5    49.2    11.5    49.2    11.5    49.2
  5477    11.5    44.8    11.5    44.8    11.5    44.8    11.5    44.8    11.5    44.8
  5480    11.6    40.4    11.6    40.4    11.6    40.4    11.6    40.4    11.6    40.4
  5484    11.6    35.8    11.6    35.8    11.6    35.8    11.6    35.8    11.6    35.8
  5488    11.7    31.4    11.7    31.4    11.7    31.4    11.7    31.4    11.7    31.4
  5492    11.8    26.9    11.8    26.9    11.8    26.9    11.8    26.9    11.8    26.9
  5496    11.9    22.6    11.9    22.6    11.9    22.6    11.9    22.6    11.9    22.6
  5500    11.9    18.3    11.9    18.3    11.9    18.3    11.9    18.3    11.9    18.3
  5504    12.0    13.7    12.0    13.7    12.0    13.7    12.0    13.7    12.0    13.7
  5508    12.0     9.2    12.0     9.2    12.0     9.2    12.0     9.2    12.0     9.2
  5512    12.1     4.7    12.1     4.7    12.1     4.7    12.1     4.7    12.1     4.7
  5516    12.2     0.4    12.2     0.4    12.2     0.4    12.2     0.4    12.2     0.4
  5520    12.2    -4.0    12.2    -4.0    12.2    -4.0    12.2    -4.0    12.2    -4.0
  5523    12.3    -8.4    12.3    -8.4    12.3    -8.4    12.3    -8.4    12.3    -8.4
  5527    12.3   -13.0    12.3   -13.0    12.3   -13.0    12.3   -13.0    12.3   -13.0
  5531    12.4   -17.5    12.4   -17.5    12.4   -17.5    12.4   -17.5    12.4   -17.5
  5535    12.5   -22.0    12.5   -22.0    12.5   -22.0    12.5   -22.0    12.5   -22.0
  5539    12.6   -26.3    12.6   -26.3    12.6   -26.3    12.6   -26.3    12.6   -26.3
  5543    12.6   -30.8    12.6   -30.8    12.6   -30.8    12.6   -30.8    12.6   -30.8
  5547    12.7   -35.2    12.7   -35.2    12.7   -35.2    12.7   -35.2    12.7   -35.2
  5551    12.8   -39.8    12.8   -39.8    12.8   -39.8    12.8   -39.8    12.8   -39.8
  5555    12.9   -44.3    12.9   -44.3    12.9   -44.3    12.9   -44.3    12.9   -44.3
  5559    12.9   -48.8    12.9   -48.8    12.9   -48.8    12.9   -48.8    12.9   -48.8
  5563    13.0   -53.3    13.0   -53.3    13.0   -53.3    13.0   -53.3    13.0   -53.3
  5566    13.1   -57.6    13.1   -57.6    13.1   -57.6    13.1   -57.6    13.1   -57.6
  5570    13.1   -62.2    13.1   -62.2    13.1   -62.2    13.1   -62.2    13.1   -62.2
  5574    13.2   -66.7    13.2   -66.7    13.2   -66.7    13.2   -66.7    13.2   -66.7
  5578    13.3   -71.4    13.3   -71.4    13.3   -71.4    13.3   -71.4    13.3   -71.4
  5582    13.4   -75.8    13.4   -75.8    13.4   -75.8    13.4   -75.8    13.4   -75.8
  5586    13.5   -80.2    13.5   -80.2    13.5   -80.2    13.5   -80.2    13.5   -80.2
  5590    13.6   -84.6    13.6   -84.6    13.6   -84.6    13.6   -84.6    13.6   -84.6
  5594    13.6   -89.2    13.6   -89.2    13.6   -89.2    13.6   -89.2    13.6   -89.2
  5598    13.7   -93.9    13.7   -93.9    13.7   -93.9    13.7   -93.9    13.7   -93.9
  5602    13.8   -98.4    13.8   -98.4    13.8   -98.4    13.8   -98.4    13.8   -98.4
  5605    13.9  -102.8    13.9  -102.8    13.9  -102.8    13.9  -102.8    13.9  -102.8
  5609    14.0  -107.3    14.0  -107.3    14.0  -107.3    14.0  -107.3    14.0  -107.3
  5613    14.1  -111.8    14.1  -111.8    14.1  -111.8    14.1  -111.8    14.1  -111.8
  5617    14.1  -116.5    14.1  -116.5    14.1  -116.5    14.1  -116.5    14.1  -116.5
  5621    14.2  -121.1    14.2  -121.1    14.2  -121.1    14.2  -121.1    14.2  -121.1
  5625    14.3  -125.8    14.3  -125.8    14.3  -125.8    14.3  -125.8    14.3  -125.8
  5629    14.4  -130.3    14.4  -130.3    14.4  -130.3    14.4  -130.3    14.4  -130.3
  5633    14.5  -134.6    14.5  -134.6    14.5  -134.6    14.5  -134.6    14.5  -134.6
  5637    14.6  -139.2    14.6  -139.2    14.6  -139.2    14.6  -139.2    14.6  -139.2
  5641    14.7  -144.0    14.7  -144.0    14.7  -144.0    14.7  -144.0    14.7  -144.0
  5645    14.8  -148.7    14.8  -148.7    14.8  -148.7    14.8  -148.7    14.8  -148.7
  5648    14.9  -153.3    14.9  -153.3    14.9  -153.3    14.9  -153.3    14.9  -153.3
  5652    15.0  -157.8    15.0  -157.8    15.0  -157.8    15.0  -157.8    15.0  -157.8
  5656    15.1  -162.3    15.1  -162.3    15.1  -162.3    15.1  -162.3    15.1  -162.3
  5660    15.2  -167.0    15.2  -167.0    15.2  -167.0    15.2  -167.0    15.2  -167.0
  5664    15.3  -171.9    15.3  -171.9    15.3  -171.9    15.3  -171.9    15.3  -171.9
  5668    15.4  -176.6    15.4  -176.6    15.4  -176.6    15.4  -176.6    15.4  -176.6
  5672    15.5   178.9    15.5   178.9    15.5   178.9    15.5   178.9    15.5   178.9
  5676    15.6   174.3    15.6   174.3    15.6   174.3    15.6   174.3    15.6   174.3
  5680    15.7   169.7    15.7   169.7    15.7   169.7    15.7   169.7    15.7   169.7
  5684    15.8   164.9    15.8   164.9    15.8   164.9    15.8   164.9    15.8   164.9
  5688    15.9   160.0    15.9   160.0    15.9   160.0    15.9   160.0    15.9   160.0
  5691    16.1   155.2    16.1   155.2    16.1   155.2    16.1   155.2    16.1   155.2
  5695    16.2   150.5    16.2   150.5    16.2   150.5    16.2   150.5    16.2   150.5
  5699    16.3   146.0    16.3   146.0    16.3   146.0    16.3   146.0    16.3   146.0
  5703    16.4   141.2    16.4   141.2    16.4   141.2    16.4   141.2    16.4   141.2
  5707    16.5   136.2    16.5   136.2    16.5   136.2    16.5   136.2    16.5   136.2
  5711    16.6   131.3    16.6   131.3    16.6   131.3    16.6   131.3    16.6   131.3
  5715    16.8   126.4    16.8   126.4    16.8   126.4    16.8   126.4    16.8   126.4
  5719    16.9   121.7    16.9   121.7    16.9   121.7    16.9   121.7    16.9   121.7
  5723    17.0   117.0    17.0   117.0    17.0   117.0    17.0   117.0    17.0   117.0
  5727    17.1   112.1    17.1   112.1    17.1   112.1    17.1   112.1    17.1   112.1
  5730    17.2   107.0    17.2   107.0    17.2   107.0    17.2   107.0    17.2   107.0
  5734    17.4   101.9    17.4   101.9    17.4   101.9    17.4   101.9    17.4   101.9
  5738    17.5    97.1    17.5    97.1    17.5    97.1    17.5    97.1    17.5    97.1
  5742    17.6    92.3    17.6    92.3    17.6    92.3    17.6    92.3    17.6    92.3
  5746    17.7    87.4    17.7    87.4    17.7    87.4    17.7    87.4    17.7    87.4
  5750    17.9    82.2    17.9    82.2    17.9    82.2    17.9    82.2    17.9    82.2
  5754    18.0    77.1    18.0    77.1    18.0    77.1    18.0    77.1    18.0    77.1
  5758    18.1    71.9    18.1    71.9    18.1    71.9    18.1    71.9    18.1    71.9
  5762    18.3    67.0    18.3    67.0    18.3    67.0    18.3    67.0    18.3    67.0
  5766    18.4    62.0    18.4    62.0    18.4    62.0    18.4    62.0    18.4    62.0
  5770    18.5    56.9    18.5    56.9    18.5    56.9    18.5    56.9    18.5    56.9
  5773    18.6    51.5    18.6    51.5    18.6    51.5    18.6    51.5    18.6    51.5
  5777    18.8    46.1    18.8    46.1    18.8    46.1    18.8    46.1    18.8    46.1
  5781    19.0    40.9    19.0    40.9    19.0    40.9    19.0    40.9    19.0    40.9
  5785    19.1    35.8    19.1    35.8    19.1    35.8    19.1    35.8    19.1    35.8
  5789    19.2    30.6    19.2    30.6    19.2    30.6    19.2    30.6    19.2    30.6
  5793    19.3    25.1    19.3    25.1    19.3    25.1    19.3    25.1    19.3    25.1
  5797    19.5    19.5    19.5    19.5    19.5    19.5    19.5    19.5    19.5    19.5
  5801    19.6    14.1    19.6    14.1    19.6    14.1    19.6    14.1    19.6    14.1
  5805    19.8     8.7    19.8     8.7    19.8     8.7    19.8     8.7    19.8     8.7
  5809    19.9     3.3    19.9     3.3    19.9     3.3    19.9     3.3    19.9     3.3
  5813    20.0    -2.2    20.0    -2.2    20.0    -2.2    20.0    -2.2    20.0    -2.2
  5816    20.2    -8.1    20.2    -8.1    20.2    -8.1    20.2    -8.1    20.2    -8.1
  5820    20.3   -13.9    20.3   -13.9    20.3   -13.9    20.3   -13.9    20.3   -13.9
  5824    20.5   -19.6    20.5   -19.6    20.5   -19.6    20.5   -19.6    20.5   -19.6
  5828    20.6   -25.2    20.6   -25.2    20.6   -25.2    20.6   -25.2    20.6   -25.2
  5832    20.7   -30.9    20.7   -30.9    20.7   -30.9    20.7   -30.9    20.7   -30.9
  5836    20.8   -36.9    20.8   -36.9    20.8   -36.9    20.8   -36.9    20.8   -36.9
  5840    20.9   -43.0    20.9   -43.0    20.9   -43.0    20.9   -43.0    20.9   -43.0
  5844    21.0   -49.1    21.0   -49.1    21.0   -49.1    21.0   -49.1    21.0   -49.1
  5848    21.1   -54.9    21.1   -54.9    21.1   -54.9    21.1   -54.9    21.1   -54.9
  5852    21.2   -60.8    21.2   -60.8    21.2   -60.8    21.2   -60.8    21.2   -60.8
  5855    21.3   -67.0    21.3   -67.0    21.3   -67.0    21.3   -67.0    21.3   -67.0
  5859    21.3   -73.4    21.3   -73.4    21.3   -73.4    21.3   -73.4    21.3   -73.4
  5863    21.4   -79.7    21.4   -79.7    21.4   -79.7    21.4   -79.7    21.4   -79.7
  5867    21.5   -85.9    21.5   -85.9    21.5   -85.9    21.5   -85.9    21.5   -85.9
  5871    21.5   -92.0    21.5   -92.0    21.5   -92.0    21.5   -92.0    21.5   -92.0
  5875    21.6   -98.2    21.6   -98.2    21.6   -98.2    21.6   -98.2    21.6   -98.2
  5879    21.6  -104.7    21.6  -104.7    21.6  -104.7    21.6  -104.7    21.6  -104.7
  5883    21.6  -111.3    21.6  -111.3    21.6  -111.3    21.6  -111.3    21.6  -111.3
  5887    21.6  -117.7    21.6  -117.7    21.6  -117.7    21.6  -117.7    21.6  -117.7
  5891    21.6  -123.9    21.6  -123.9    21.6  -123.9    21.6  -123.9    21.6  -123.9
  5895    21.6  -130.1    21.6  -130.1    21.6  -130.1    21.6  -130.1    21.6  -130.1
  5898    21.5  -136.5    21.5  -136.5    21.5  -136.5    21.5  -136.5    21.5  -136.5
  5902    21.4  -143.1    21.4  -143.1    21.4  -143.1    21.4  -143.1    21.4  -143.1
  5906    21.4  -149.7    21.4  -149.7    21.4  -149.7    21.4  -149.7    21.4  -149.7
  5910    21.4  -155.9    21.4  -155.9    21.4  -155.9    21.4  -155.9    21.4  -155.9
  5914    21.3  -161.9    21.3  -161.9    21.3  -161.9    21.3  -161.9    21.3  -161.9
  5918    21.2  -168.1    21.2  -168.1    21.2  -168.1    21.2  -168.1    21.2  -168.1
  5922    21.0  -174.6    21.0  -174.6    21.0  -174.6    21.0  -174.6    21.0  -174.6
  5926    21.0   179.0    21.0   179.0    21.0   179.0    21.0   179.0    21.0   179.0
  5930    20.9   172.8    20.9   172.8    20.9   172.8    20.9   172.8    20.9   172.8
  5934    20.8   166.9    20.8   166.9    20.8   166.9    20.8   166.9    20.8   166.9
  5938    20.6   161.1    20.6   161.1    20.6   161.1    20.6   161.1    20.6   161.1
  5941    20.4   154.9    20.4   154.9    20.4   154.9    20.4   154.9    20.4   154.9
  5945    20.3   148.7    20.3   148.7    20.3   148.7    20.3   148.7    20.3   148.7
  5949    20.1   142.6    20.1   142.6    20.1   142.6    20.1   142.6    20.1   142.6
  5953    20.0   136.9    20.0   136.9    20.0   136.9    20.0   136.9    20.0   136.9
  5957    19.8   131.4    19.8   131.4    19.8   131.4    19.8   131.4    19.8   131.4
  5961    19.6   125.7    19.6   125.7    19.6   125.7    19.6   125.7    19.6   125.7
  5965    19.4   119.6    19.4   119.6    19.4   119.6    19.4   119.6    19.4   119.6
  5969    19.3   113.7    19.3   113.7    19.3   113.7    19.3   113.7    19.3   113.7
  5973    19.2   108.1    19.2   108.1    19.2   108.1    19.2   108.1    19.2   108.1
  5977    19.0   102.9    19.0   102.9    19.0   102.9    19.0   102.9    19.0   102.9
  5980    18.8    97.6    18.8    97.6    18.8    97.6    18.8    97.6    18.8    97.6
  5984    18.5    91.9    18.5    91.9    18.5    91.9    18.5    91.9    18.5    91.9
  5988    18.4    86.0    18.4    86.0    18.4    86.0    18.4    86.0    18.4    86.0
  5992    18.2    80.6    18.2    80.6    18.2    80.6    18.2    80.6    18.2    80.6
  5996    18.1    75.6    18.1    75.6    18.1    75.6    18.1    75.6    18.1    75.6
  6000    17.9    70.6    17.9    70.6    17.9    70.6    17.9    70.6    17.9    70.6
  6004    17.6    65.3    17.6    65.3    17.6    65.3    17.6    65.3    17.6    65.3
  6008    17.4    59.6    17.4    59.6    17.4    59.6    17.4    59.6    17.4    59.6
  6012    17.3    54.1    17.3    54.1    17.3    54.1    17.3    54.1    17.3    54.1
  6016    17.2    49.1    17.2    49.1    17.2    49.1    17.2    49.1    17.2    49.1
  6020    17.0    44.4    17.0    44.4    17.0    44.4    17.0    44.4    17.0    44.4
  6023    16.8    39.6    16.8    39.6    16.8    39.6    16.8    39.6    16.8    39.6
  6027    16.5    34.1    16.5    34.1    16.5    34.1    16.5    34.1    16.5    34.1
  6031    16.4    28.5    16.4    28.5    16.4    28.5    16.4    28.5    16.4    28.5
  6035    16.3    23.5    16.3    23.5    16.3    23.5    16.3    23.5    16.3    23.5
  6039    16.1    19.0    16.1    19.0    16.1    19.0    16.1    19.0    16.1    19.0
  6043    15.9    14.4    15.9    14.4    15.9    14.4    15.9    14.4    15.9    14.4
  6047    15.6     9.3    15.6     9.3    15.6     9.3    15.6     9.3    15.6     9.3
  6051    15.5     3.8    15.5     3.8    15.5     3.8    15.5     3.8    15.5     3.8
  6055    15.4    -1.4    15.4    -1.4    15.4    -1.4    15.4    -1.4    15.4    -1.4
  6059    15.3    -5.8    15.3    -5.8    15.3    -5.8    15.3    -5.8    15.3    -5.8
  6063    15.1   -10.2    15.1   -10.2    15.1   -10.2    15.1   -10.2    15.1   -10.2
  6066    14.8   -15.0    14.8   -15.0    14.8   -15.0    14.8   -15.0    14.8   -15.0
  6070    14.6   -20.3    14.6   -20.3    14.6   -20.3    14.6   -20.3    14.6   -20.3
  6074    14.5   -25.6    14.5   -25.6    14.5   -25.6    14.5   -25.6    14.5   -25.6
  6078    14.4   -30.2    14.4   -30.2    14.4   -30.2    14.4   -30.2    14.4   -30.2
  6082    14.3   -34.4    14.3   -34.4    14.3   -34.4    14.3   -34.4    14.3   -34.4
  6086    14.1   -38.8    14.1   -38.8    14.1   -38.8    14.1   -38.8    14.1   -38.8
  6090    13.8   -43.9    13.8   -43.9    13.8   -43.9    13.8   -43.9    13.8   -43.9
  6094    13.7   -49.3    13.7   -49.3    13.7   -49.3    13.7   -49.3    13.7   -49.3
  6098    13.6   -54.2    13.6   -54.2    13.6   -54.2    13.6   -54.2    13.6   -54.2
  6102    13.5   -58.2    13.5   -58.2    13.5   -58.2    13.5   -58.2    13.5   -58.2
  6105    13.3   -62.4    13.3   -62.4    13.3   -62.4    13.3   -62.4    13.3   -62.4
  6109    13.1   -67.2    13.1   -67.2    13.1   -67.2    13.1   -67.2    13.1   -67.2
  6113    12.9   -72.6    12.9   -72.6    12.9   -72.6    12.9   -72.6    12.9   -72.6
  6117    12.9   -77.6    12.9   -77.6    12.9   -77.6    12.9   -77.6    12.9   -77.6
  6121    12.8   -81.8    12.8   -81.8    12.8   -81.8    12.8   -81.8    12.8   -81.8
  6125    12.6   -85.8    12.6   -85.8    12.6   -85.8    12.6   -85.8    12.6   -85.8
  6129    12.4   -90.3    12.4   -90.3    12.4   -90.3    12.4   -90.3    12.4   -90.3
  6133    12.2   -95.5    12.2   -95.5    12.2   -95.5    12.2   -95.5    12.2   -95.5
  6137    12.1  -100.7    12.1  -100.7    12.1  -100.7    12.1  -100.7    12.1  -100.7
  6141    12.1  -105.2    12.1  -105.2    12.1  -105.2    12.1  -105.2    12.1  -105.2
  6145    12.0  -109.1    12.0  -109.1    12.0  -109.1    12.0  -109.1    12.0  -109.1
  6148    11.7  -113.2    11.7  -113.2    11.7  -113.2    11.7  -113.2    11.7  -113.2
  6152    11.5  -118.3    11.5  -118.3    11.5  -118.3    11.5  -118.3    11.5  -118.3
  6156    11.4  -123.6    11.4  -123.6    11.4  -123.6    11.4  -123.6    11.4  -123.6
  6160    11.4  -128.2    11.4  -128.2    11.4  -128.2    11.4  -128.2    11.4  -128.2
  6164    11.3  -132.1    11.3  -132.1    11.3  -132.1    11.3  -132.1    11.3  -132.1
  6168    11.1  -135.9    11.1  -135.9    11.1  -135.9    11.1  -135.9    11.1  -135.9
  6172    10.8  -140.7    10.8  -140.7    10.8  -140.7    10.8  -140.7    10.8  -140.7
  6176    10.7  -146.0    10.7  -146.0    10.7  -146.0    10.7  -146.0    10.7  -146.0
  6180    10.7  -151.0    10.7  -151.0    10.7  -151.0    10.7  -151.0    10.7  -151.0
  6184    10.7  -155.0    10.7  -155.0    10.7  -155.0    10.7  -155.0    10.7  -155.0
  6188    10.5  -158.8    10.5  -158.8    10.5  -158.8    10.5  -158.8    10.5  -158.8
  6191    10.2  -163.1    10.2  -163.1    10.2  -163.1    10.2  -163.1    10.2  -163.1
  6195    10.1  -168.4    10.1  -168.4    10.1  -168.4    10.1  -168.4    10.1  -168.4
  6199    10.0  -173.5    10.0  -173.5    10.0  -173.5    10.0  -173.5    10.0  -173.5
  6203    10.0  -177.9    10.0  -177.9    10.0  -177.9    10.0  -177.9    10.0  -177.9
  6207     9.9   178.5     9.9   178.5     9.9   178.5     9.9   178.5     9.9   178.5
  6211     9.7   174.4     9.7   174.4     9.7   174.4     9.7   174.4     9.7   174.4
  6215     9.5   169.3     9.5   169.3     9.5   169.3     9.5   169.3     9.5   169.3
  6219     9.4   164.1     9.4   164.1     9.4   164.1     9.4   164.1     9.4   164.1
  6223     9.4   159.6     9.4   159.6     9.4   159.6     9.4   159.6     9.4   159.6
  6227     9.3   155.9     9.3   155.9     9.3   155.9     9.3   155.9     9.3   155.9
  6230     9.1   152.0     9.1   152.0     9.1   152.0     9.1   152.0     9.1   152.0
  6234     8.9   147.2     8.9   147.2     8.9   147.2     8.9   147.2     8.9   147.2
  6238     8.8   141.9     8.8   141.9     8.8   141.9     8.8   141.9     8.8   141.9
  6242     8.8   137.3     8.8   137.3     8.8   137.3     8.8   137.3     8.8   137.3
  6246     8.7   133.4     8.7   133.4     8.7   133.4     8.7   133.4     8.7   133.4
  6250     8.6   129.7     8.6   129.7     8.6   129.7     8.6   129.7     8.6   129.7
  6254     8.3   125.1     8.3   125.1     8.3   125.1     8.3   125.1     8.3   125.1
  6258     8.2   119.8     8.2   119.8     8.2   119.8     8.2   119.8     8.2   119.8
  6262     8.2   114.9     8.2   114.9     8.2   114.9     8.2   114.9     8.2   114.9
  6266     8.2   111.0     8.2   111.0     8.2   111.0     8.2   111.0     8.2   111.0
  6270     8.1   107.3     8.1   107.3     8.1   107.3     8.1   107.3     8.1   107.3
  6273     7.8   102.9     7.8   102.9     7.8   102.9     7.8   102.9     7.8   102.9
  6277     7.7    97.8     7.7    97.8     7.7    97.8     7.7    97.8     7.7    97.8
  6281     7.7    92.7     7.7    92.7     7.7    92.7     7.7    92.7     7.7    92.7
  6285     7.7    88.7     7.7    88.7     7.7    88.7     7.7    88.7     7.7    88.7
  6289     7.5    85.0     7.5    85.0     7.5    85.0     7.5    85.0     7.5    85.0
  6293     7.3    80.8     7.3    80.8     7.3    80.8     7.3    80.8     7.3    80.8
  6297     7.2    75.7     7.2    75.7     7.2    75.7     7.2    75.7     7.2    75.7
  6301     7.1    70.8     7.1    70.8     7.1    70.8     7.1    70.8     7.1    70.8
  6305     7.1    66.6     7.1    66.6     7.1    66.6     7.1    66.6     7.1    66.6
  6309     7.0    62.8     7.0    62.8     7.0    62.8     7.0    62.8     7.0    62.8
  6313     6.8    58.7     6.8    58.7     6.8    58.7     6.8    58.7     6.8    58.7
  6316     6.6    53.8     6.6    53.8     6.6    53.8     6.6    53.8     6.6    53.8
  6320     6.6    48.7     6.6    48.7     6.6    48.7     6.6    48.7     6.6    48.7
  6324     6.6    44.4     6.6    44.4     6.6    44.4     6.6    44.4     6.6    44.4
  6328     6.5    40.7     6.5    40.7     6.5    40.7     6.5    40.7     6.5    40.7
  6332     6.4    36.7     6.4    36.7     6.4    36.7     6.4    36.7     6.4    36.7
  6336     6.2    31.8     6.2    31.8     6.2    31.8     6.2    31.8     6.2    31.8
  6340     6.1    26.7     6.1    26.7     6.1    26.7     6.1    26.7     6.1    26.7
  6344     6.1    22.3     6.1    22.3     6.1    22.3     6.1    22.3     6.1    22.3
  6348     6.1    18.5     6.1    18.5     6.1    18.5     6.1    18.5     6.1    18.5
  6352     5.9    14.5     5.9    14.5     5.9    14.5     5.9    14.5     5.9    14.5
  6355     5.7     9.8     5.7     9.8     5.7     9.8     5.7     9.8     5.7     9.8
  6359     5.6     4.7     5.6     4.7     5.6     4.7     5.6     4.7     5.6     4.7
  6363     5.6     0.2     5.6     0.2     5.6     0.2     5.6     0.2     5.6     0.2
  6367     5.6    -3.4     5.6    -3.4     5.6    -3.4     5.6    -3.4     5.6    -3.4
  6371     5.4    -7.5     5.4    -7.5     5.4    -7.5     5.4    -7.5     5.4    -7.5
  6375     5.2   -12.2     5.2   -12.2     5.2   -12.2     5.2   -12.2     5.2   -12.2
  6379     5.2   -17.1     5.2   -17.1     5.2   -17.1     5.2   -17.1     5.2   -17.1
  6383     5.2   -21.6     5.2   -21.6     5.2   -21.6     5.2   -21.6     5.2   -21.6
  6387     5.1   -25.6     5.1   -25.6     5.1   -25.6     5.1   -25.6     5.1   -25.6
  6391     5.0   -29.3     5.0   -29.3     5.0   -29.3     5.0   -29.3     5.0   -29.3
  6395     4.8   -33.9     4.8   -33.9     4.8   -33.9     4.8   -33.9     4.8   -33.9
  6398     4.7   -39.0     4.7   -39.0     4.7   -39.0     4.7   -39.0     4.7   -39.0
  6402     4.7   -43.6     4.7   -43.6     4.7   -43.6     4.7   -43.6     4.7   -43.6
  6406     4.7   -47.2     4.7   -47.2     4.7   -47.2     4.7   -47.2     4.7   -47.2
  6410     4.5   -51.4     4.5   -51.4     4.5   -51.4     4.5   -51.4     4.5   -51.4
  6414     4.4   -55.9     4.4   -55.9     4.4   -55.9     4.4   -55.9     4.4   -55.9
  6418     4.3   -60.9     4.3   -60.9     4.3   -60.9     4.3   -60.9     4.3   -60.9
  6422     4.3   -65.5     4.3   -65.5     4.3   -65.5     4.3   -65.5     4.3   -65.5
  6426     4.2   -69.2     4.2   -69.2     4.2   -69.2     4.2   -69.2     4.2   -69.2
  6430     4.1   -73.2     4.1   -73.2     4.1   -73.2     4.1   -73.2     4.1   -73.2
  6434     3.9   -77.9     3.9   -77.9     3.9   -77.9     3.9   -77.9     3.9   -77.9
  6438     3.8   -82.8     3.8   -82.8     3.8   -82.8     3.8   -82.8     3.8   -82.8
  6441     3.8   -87.3     3.8   -87.3     3.8   -87.3     3.8   -87.3     3.8   -87.3
  6445     3.8   -91.1     3.8   -91.1     3.8   -91.1     3.8   -91.1     3.8   -91.1
  6449     3.6   -95.3     3.6   -95.3     3.6   -95.3     3.6   -95.3     3.6   -95.3
  6453     3.5   -99.8     3.5   -99.8     3.5   -99.8     3.5   -99.8     3.5   -99.8
  6457     3.4  -104.7     3.4  -104.7     3.4  -104.7     3.4  -104.7     3.4  -104.7
  6461     3.4  -109.2     3.4  -109.2     3.4  -109.2     3.4  -109.2     3.4  -109.2
  6465     3.4  -113.2     3.4  -113.2     3.4  -113.2     3.4  -113.2     3.4  -113.2
  6469     3.2  -117.3     3.2  -117.3     3.2  -117.3     3.2  -117.3     3.2  -117.3
  6473     3.1  -121.6     3.1  -121.6     3.1  -121.6     3.1  -121.6     3.1  -121.6
  6477     3.0  -126.5     3.0  -126.5     3.0  -126.5     3.0  -126.5     3.0  -126.5
  6480     3.0  -131.0     3.0  -131.0     3.0  -131.0     3.0  -131.0     3.0  -131.0
  6484     3.0  -135.1     3.0  -135.1     3.0  -135.1     3.0  -135.1     3.0  -135.1
  6488     2.8  -139.0     2.8  -139.0     2.8  -139.0     2.8  -139.0     2.8  -139.0
  6492     2.7  -143.3     2.7  -143.3     2.7  -143.3     2.7  -143.3     2.7  -143.3
  6496     2.6  -148.4     2.6  -148.4     2.6  -148.4     2.6  -148.4     2.6  -148.4
  6500     2.6  -152.9     2.6  -152.9     2.6  -152.9     2.6  -152.9     2.6  -152.9
  6504     2.5  -156.9     2.5  -156.9     2.5  -156.9     2.5  -156.9     2.5  -156.9
  6508     2.4  -160.6     2.4  -160.6     2.4  -160.6     2.4  -160.6     2.4  -160.6
  6512     2.2  -165.6     2.2  -165.6     2.2  -165.6     2.2  -165.6     2.2  -165.6
  6516     2.2  -170.4     2.2  -170.4     2.2  -170.4     2.2  -170.4     2.2  -170.4
  6520     2.2  -175.0     2.2  -175.0     2.2  -175.0     2.2  -175.0     2.2  -175.0
  6523     2.1  -178.8     2.1  -178.8     2.1  -178.8     2.1  -178.8     2.1  -178.8
  6527     2.0   177.3     2.0   177.3     2.0   177.3     2.0   177.3     2.0   177.3
  6531     1.8   172.7     1.8   172.7     1.8   172.7     1.8   172.7     1.8   172.7
  6535     1.8   167.6     1.8   167.6     1.8   167.6     1.8   167.6     1.8   167.6
  6539     1.8   163.1     1.8   163.1     1.8   163.1     1.8   163.1     1.8   163.1
  6543     1.8   159.4     1.8   159.4     1.8   159.4     1.8   159.4     1.8   159.4
  6547     1.6   155.4     1.6   155.4     1.6   155.4     1.6   155.4     1.6   155.4
  6551     1.4   150.7     1.4   150.7     1.4   150.7     1.4   150.7     1.4   150.7
  6555     1.4   145.8     1.4   145.8     1.4   145.8     1.4   145.8     1.4   145.8
  6559     1.4   141.3     1.4   141.3     1.4   141.3     1.4   141.3     1.4   141.3
  6563     1.4   137.6     1.4   137.6     1.4   137.6     1.4   137.6     1.4   137.6
  6566     1.3   133.6     1.3   133.6     1.3   133.6     1.3   133.6     1.3   133.6
  6570     1.1   128.8     1.1   128.8     1.1   128.8     1.1   128.8     1.1   128.8
  6574     1.0   123.8     1.0   123.8     1.0   123.8     1.0   123.8     1.0   123.8
  6578     1.0   119.5     1.0   119.5     1.0   119.5     1.0   119.5     1.0   119.5
  6582     1.0   115.7     1.0   115.7     1.0   115.7     1.0   115.7     1.0   115.7
  6586     0.8   111.3     0.8   111.3     0.8   111.3     0.8   111.3     0.8   111.3
  6590     0.7   107.0     0.7   107.0     0.7   107.0     0.7   107.0     0.7   107.0
  6594     0.6   102.0     0.6   102.0     0.6   102.0     0.6   102.0     0.6   102.0
  6598     0.7    97.7     0.7    97.7     0.7    97.7     0.7    97.7     0.7    97.7
  6602     0.6    94.0     0.6    94.0     0.6    94.0     0.6    94.0     0.6    94.0
  6605     0.4    89.9     0.4    89.9     0.4    89.9     0.4    89.9     0.4    89.9
  6609     0.3    84.9     0.3    84.9     0.3    84.9     0.3    84.9     0.3    84.9
  6613     0.3    80.1     0.3    80.1     0.3    80.1     0.3    80.1     0.3    80.1
  6617     0.3    75.8     0.3    75.8     0.3    75.8     0.3    75.8     0.3    75.8
  6621     0.2    71.9     0.2    71.9     0.2    71.9     0.2    71.9     0.2    71.9
  6625     0.1    67.8     0.1    67.8     0.1    67.8     0.1    67.8     0.1    67.8
  6629    -0.1    62.9    -0.1    62.9    -0.1    62.9    -0.1    62.9    -0.1    62.9
  6633    -0.1    58.2    -0.1    58.2    -0.1    58.2    -0.1    58.2    -0.1    58.2
  6637    -0.1    54.2    -0.1    54.2    -0.1    54.2    -0.1    54.2    -0.1    54.2
  6641    -0.2    50.1    -0.2    50.1    -0.2    50.1    -0.2    50.1    -0.2    50.1
  6645    -0.4    45.8    -0.4    45.8    -0.4    45.8    -0.4    45.8    -0.4    45.8
  6648    -0.4    41.0    -0.4    41.0    -0.4    41.0    -0.4    41.0    -0.4    41.0
  6652    -0.4    36.4    -0.4    36.4    -0.4    36.4    -0.4    36.4    -0.4    36.4
  6656    -0.4    32.3    -0.4    32.3    -0.4    32.3    -0.4    32.3    -0.4    32.3
  6660    -0.6    28.4    -0.6    28.4    -0.6    28.4    -0.6    28.4    -0.6    28.4
  6664    -0.7    23.7    -0.7    23.7    -0.7    23.7    -0.7    23.7    -0.7    23.7
  6668    -0.8    18.8    -0.8    18.8    -0.8    18.8    -0.8    18.8    -0.8    18.8
  6672    -0.8    14.2    -0.8    14.2    -0.8    14.2    -0.8    14.2    -0.8    14.2
  6676    -0.8    10.5    -0.8    10.5    -0.8    10.5    -0.8    10.5    -0.8    10.5
  6680    -1.0     6.7    -1.0     6.7    -1.0     6.7    -1.0     6.7    -1.0     6.7
  6684    -1.1     1.7    -1.1     1.7    -1.1     1.7    -1.1     1.7    -1.1     1.7
  6688    -1.2    -2.9    -1.2    -2.9    -1.2    -2.9    -1.2    -2.9    -1.2    -2.9
  6691    -1.1    -7.4    -1.1    -7.4    -1.1    -7.4    -1.1    -7.4    -1.1    -7.4
  6695    -1.2   -11.3    -1.2   -11.3    -1.2   -11.3    -1.2   -11.3    -1.2   -11.3
  6699    -1.3   -15.3    -1.3   -15.3    -1.3   -15.3    -1.3   -15.3    -1.3   -15.3
  6703    -1.5   -20.0    -1.5   -20.0    -1.5   -20.0    -1.5   -20.0    -1.5   -20.0
  6707    -1.6   -24.8    -1.6   -24.8    -1.6   -24.8    -1.6   -24.8    -1.6   -24.8
  6711    -1.5   -29.7    -1.5   -29.7    -1.5   -29.7    -1.5   -29.7    -1.5   -29.7
  6715    -1.5   -33.4    -1.5   -33.4    -1.5   -33.4    -1.5   -33.4    -1.5   -33.4
  6719    -1.7   -37.2    -1.7   -37.2    -1.7   -37.2    -1.7   -37.2    -1.7   -37.2
  6723    -1.8   -42.2    -1.8   -42.2    -1.8   -42.2    -1.8   -42.2    -1.8   -42.2
  6727    -1.9   -47.2    -1.9   -47.2    -1.9   -47.2    -1.9   -47.2    -1.9   -47.2
  6730    -1.9   -51.4    -1.9   -51.4    -1.9   -51.4    -1.9   -51.4    -1.9   -51.4
  6734    -1.9   -55.1    -1.9   -55.1    -1.9   -55.1    -1.9   -55.1    -1.9   -55.1
  6738    -2.1   -59.3    -2.1   -59.3    -2.1   -59.3    -2.1   -59.3    -2.1   -59.3
  6742    -2.1   -64.3    -2.1   -64.3    -2.1   -64.3    -2.1   -64.3    -2.1   -64.3
  6746    -2.2   -69.0    -2.2   -69.0    -2.2   -69.0    -2.2   -69.0    -2.2   -69.0
  6750    -2.2   -72.9    -2.2   -72.9    -2.2   -72.9    -2.2   -72.9    -2.2   -72.9
  6754    -2.3   -76.9    -2.3   -76.9    -2.3   -76.9    -2.3   -76.9    -2.3   -76.9
  6758    -2.4   -81.3    -2.4   -81.3    -2.4   -81.3    -2.4   -81.3    -2.4   -81.3
  6762    -2.5   -86.2    -2.5   -86.2    -2.5   -86.2    -2.5   -86.2    -2.5   -86.2
  6766    -2.5   -91.1    -2.5   -91.1    -2.5   -91.1    -2.5   -91.1    -2.5   -91.1
  6770    -2.6   -95.1    -2.6   -95.1    -2.6   -95.1    -2.6   -95.1    -2.6   -95.1
  6773    -2.7   -99.1    -2.7   -99.1    -2.7   -99.1    -2.7   -99.1    -2.7   -99.1
  6777    -2.8  -103.6    -2.8  -103.6    -2.8  -103.6    -2.8  -103.6    -2.8  -103.6
  6781    -2.9  -108.5    -2.9  -108.5    -2.9  -108.5    -2.9  -108.5    -2.9  -108.5
  6785    -2.9  -112.7    -2.9  -112.7    -2.9  -112.7    -2.9  -112.7    -2.9  -112.7
  6789    -2.9  -116.8    -2.9  -116.8    -2.9  -116.8    -2.9  -116.8    -2.9  -116.8
  6793    -3.1  -120.7    -3.1  -120.7    -3.1  -120.7    -3.1  -120.7    -3.1  -120.7
  6797    -3.2  -125.5    -3.2  -125.5    -3.2  -125.5    -3.2  -125.5    -3.2  -125.5
  6801    -3.2  -130.6    -3.2  -130.6    -3.2  -130.6    -3.2  -130.6    -3.2  -130.6
  6805    -3.2  -135.1    -3.2  -135.1    -3.2  -135.1    -3.2  -135.1    -3.2  -135.1
  6809    -3.3  -138.7    -3.3  -138.7    -3.3  -138.7    -3.3  -138.7    -3.3  -138.7
  6813    -3.4  -143.0    -3.4  -143.0    -3.4  -143.0    -3.4  -143.0    -3.4  -143.0
  6816    -3.5  -147.7    -3.5  -147.7    -3.5  -147.7    -3.5  -147.7    -3.5  -147.7
  6820    -3.5  -152.6    -3.5  -152.6    -3.5  -152.6    -3.5  -152.6    -3.5  -152.6
  6824    -3.6  -156.7    -3.6  -156.7    -3.6  -156.7    -3.6  -156.7    -3.6  -156.7
  6828    -3.7  -160.5    -3.7  -160.5    -3.7  -160.5    -3.7  -160.5    -3.7  -160.5
  6832    -3.8  -165.3    -3.8  -165.3    -3.8  -165.3    -3.8  -165.3    -3.8  -165.3
  6836    -3.8  -170.1    -3.8  -170.1    -3.8  -170.1    -3.8  -170.1    -3.8  -170.1
  6840    -3.9  -174.4    -3.9  -174.4    -3.9  -174.4    -3.9  -174.4    -3.9  -174.4
  6844    -3.9  -178.6    -3.9  -178.6    -3.9  -178.6    -3.9  -178.6    -3.9  -178.6
  6848    -4.1   177.5    -4.1   177.5    -4.1   177.5    -4.1   177.5    -4.1   177.5
  6852    -4.1   172.6    -4.1   172.6    -4.1   172.6    -4.1   172.6    -4.1   172.6
  6855    -4.2   167.9    -4.2   167.9    -4.2   167.9    -4.2   167.9    -4.2   167.9
  6859    -4.2   163.5    -4.2   163.5    -4.2   163.5    -4.2   163.5    -4.2   163.5
  6863    -4.2   159.8    -4.2   159.8    -4.2   159.8    -4.2   159.8    -4.2   159.8
  6867    -4.5   155.0    -4.5   155.0    -4.5   155.0    -4.5   155.0    -4.5   155.0
  6871    -4.5   150.7    -4.5   150.7    -4.5   150.7    -4.5   150.7    -4.5   150.7
  6875    -4.5   146.0    -4.5   146.0    -4.5   146.0    -4.5   146.0    -4.5   146.0
  6879    -4.6   141.5    -4.6   141.5    -4.6   141.5    -4.6   141.5    -4.6   141.5
  6883    -4.7   137.5    -4.7   137.5    -4.7   137.5    -4.7   137.5    -4.7   137.5
  6887    -4.8   132.8    -4.8   132.8    -4.8   132.8    -4.8   132.8    -4.8   132.8
  6891    -4.9   127.8    -4.9   127.8    -4.9   127.8    -4.9   127.8    -4.9   127.8
  6895    -4.9   123.7    -4.9   123.7    -4.9   123.7    -4.9   123.7    -4.9   123.7
  6898    -4.9   119.7    -4.9   119.7    -4.9   119.7    -4.9   119.7    -4.9   119.7
  6902    -5.1   115.7    -5.1   115.7    -5.1   115.7    -5.1   115.7    -5.1   115.7
  6906    -5.1   110.8    -5.1   110.8    -5.1   110.8    -5.1   110.8    -5.1   110.8
  6910    -5.3   105.9    -5.3   105.9    -5.3   105.9    -5.3   105.9    -5.3   105.9
  6914    -5.2   101.4    -5.2   101.4    -5.2   101.4    -5.2   101.4    -5.2   101.4
  6918    -5.3    97.3    -5.3    97.3    -5.3    97.3    -5.3    97.3    -5.3    97.3
  6922    -5.5    93.2    -5.5    93.2    -5.5    93.2    -5.5    93.2    -5.5    93.2
  6926    -5.5    88.4    -5.5    88.4    -5.5    88.4    -5.5    88.4    -5.5    88.4
  6930    -5.6    83.9    -5.6    83.9    -5.6    83.9    -5.6    83.9    -5.6    83.9
  6934    -5.6    79.4    -5.6    79.4    -5.6    79.4    -5.6    79.4    -5.6    79.4
  6938    -5.7    75.7    -5.7    75.7    -5.7    75.7    -5.7    75.7    -5.7    75.7
  6941    -5.9    70.8    -5.9    70.8    -5.9    70.8    -5.9    70.8    -5.9    70.8
  6945    -5.9    66.0    -5.9    66.0    -5.9    66.0    -5.9    66.0    -5.9    66.0
  6949    -5.9    61.5    -5.9    61.5    -5.9    61.5    -5.9    61.5    -5.9    61.5
  6953    -6.0    57.4    -6.0    57.4    -6.0    57.4    -6.0    57.4    -6.0    57.4
  6957    -6.1    53.1    -6.1    53.1    -6.1    53.1    -6.1    53.1    -6.1    53.1
  6961    -6.2    48.3    -6.2    48.3    -6.2    48.3    -6.2    48.3    -6.2    48.3
  6965    -6.3    44.4    -6.3    44.4    -6.3    44.4    -6.3    44.4    -6.3    44.4
  6969    -6.2    39.6    -6.2    39.6    -6.2    39.6    -6.2    39.6    -6.2    39.6
  6973    -6.3    35.6    -6.3    35.6    -6.3    35.6    -6.3    35.6    -6.3    35.6
  6977    -6.5    31.3    -6.5    31.3    -6.5    31.3    -6.5    31.3    -6.5    31.3
  6980    -6.6    26.0    -6.6    26.0    -6.6    26.0    -6.6    26.0    -6.6    26.0
  6984    -6.6    21.5    -6.6    21.5    -6.6    21.5    -6.6    21.5    -6.6    21.5
  6988    -6.6    17.5    -6.6    17.5    -6.6    17.5    -6.6    17.5    -6.6    17.5
  6992    -6.8    13.4    -6.8    13.4    -6.8    13.4    -6.8    13.4    -6.8    13.4
  6996    -6.9     8.9    -6.9     8.9    -6.9     8.9    -6.9     8.9    -6.9     8.9
  7000    -7.0     3.4    -7.0     3.4    -7.0     3.4    -7.0     3.4    -7.0     3.4
  7004    -7.0    -0.8    -7.0    -0.8    -7.0    -0.8    -7.0    -0.8    -7.0    -0.8
  7008    -7.1    -4.8    -7.1    -4.8    -7.1    -4.8    -7.1    -4.8    -7.1    -4.8
  7012    -7.2    -9.0    -7.2    -9.0    -7.2    -9.0    -7.2    -9.0    -7.2    -9.0
  7016    -7.4   -13.9    -7.4   -13.9    -7.4   -13.9    -7.4   -13.9    -7.4   -13.9
  7020    -7.3   -19.0    -7.3   -19.0    -7.3   -19.0    -7.3   -19.0    -7.3   -19.0
  7023    -7.3   -22.6    -7.3   -22.6    -7.3   -22.6    -7.3   -22.6    -7.3   -22.6
  7027    -7.4   -26.8    -7.4   -26.8    -7.4   -26.8    -7.4   -26.8    -7.4   -26.8
  7031    -7.6   -31.4    -7.6   -31.4    -7.6   -31.4    -7.6   -31.4    -7.6   -31.4
  7035    -7.7   -36.4    -7.7   -36.4    -7.7   -36.4    -7.7   -36.4    -7.7   -36.4
  7039    -7.7   -41.2    -7.7   -41.2    -7.7   -41.2    -7.7   -41.2    -7.7   -41.2
  7043    -7.8   -45.4    -7.8   -45.4    -7.8   -45.4    -7.8   -45.4    -7.8   -45.4
  7047    -7.8   -49.5    -7.8   -49.5    -7.8   -49.5    -7.8   -49.5    -7.8   -49.5
  7051    -8.0   -54.2    -8.0   -54.2    -8.0   -54.2    -8.0   -54.2    -8.0   -54.2
  7055    -8.1   -58.9    -8.1   -58.9    -8.1   -58.9    -8.1   -58.9    -8.1   -58.9
  7059    -8.1   -63.3    -8.1   -63.3    -8.1   -63.3    -8.1   -63.3    -8.1   -63.3
  7063    -8.1   -67.2    -8.1   -67.2    -8.1   -67.2    -8.1   -67.2    -8.1   -67.2
  7066    -8.2   -72.1    -8.2   -72.1    -8.2   -72.1    -8.2   -72.1    -8.2   -72.1
  7070    -8.3   -77.0    -8.3   -77.0    -8.3   -77.0    -8.3   -77.0    -8.3   -77.0
  7074    -8.4   -80.9    -8.4   -80.9    -8.4   -80.9    -8.4   -80.9    -8.4   -80.9
  7078    -8.4   -85.4    -8.4   -85.4    -8.4   -85.4    -8.4   -85.4    -8.4   -85.4
  7082    -8.6   -89.9    -8.6   -89.9    -8.6   -89.9    -8.6   -89.9    -8.6   -89.9
  7086    -8.8   -94.7    -8.8   -94.7    -8.8   -94.7    -8.8   -94.7    -8.8   -94.7
  7090    -8.8   -99.8    -8.8   -99.8    -8.8   -99.8    -8.8   -99.8    -8.8   -99.8
  7094    -8.8  -104.2    -8.8  -104.2    -8.8  -104.2    -8.8  -104.2    -8.8  -104.2
  7098    -8.9  -107.9    -8.9  -107.9    -8.9  -107.9    -8.9  -107.9    -8.9  -107.9
  7102    -9.1  -112.1    -9.1  -112.1    -9.1  -112.1    -9.1  -112.1    -9.1  -112.1
  7105    -9.2  -117.7    -9.2  -117.7    -9.2  -117.7    -9.2  -117.7    -9.2  -117.7
  7109    -9.1  -122.0    -9.1  -122.0    -9.1  -122.0    -9.1  -122.0    -9.1  -122.0
  7113    -9.3  -126.6    -9.3  -126.6    -9.3  -126.6    -9.3  -126.6    -9.3  -126.6
  7117    -9.4  -130.5    -9.4  -130.5    -9.4  -130.5    -9.4  -130.5    -9.4  -130.5
  7121    -9.5  -135.0    -9.5  -135.0    -9.5  -135.0    -9.5  -135.0    -9.5  -135.0
  7125    -9.6  -140.1    -9.6  -140.1    -9.6  -140.1    -9.6  -140.1    -9.6  -140.1
  7129    -9.6  -143.7    -9.6  -143.7    -9.6  -143.7    -9.6  -143.7    -9.6  -143.7
  7133    -9.8  -148.8    -9.8  -148.8    -9.8  -148.8    -9.8  -148.8    -9.8  -148.8
  7137   -10.0  -152.8   -10.0  -152.8   -10.0  -152.8   -10.0  -152.8   -10.0  -152.8
  7141    -9.9  -158.5    -9.9  -158.5    -9.9  -158.5    -9.9  -158.5    -9.9  -158.5
  7145   -10.0  -162.9   -10.0  -162.9   -10.0  -162.9   -10.0  -162.9   -10.0  -162.9
  7148   -10.0  -166.5   -10.0  -166.5   -10.0  -166.5   -10.0  -166.5   -10.0  -166.5
  7152   -10.1  -171.2   -10.1  -171.2   -10.1  -171.2   -10.1  -171.2   -10.1  -171.2
  7156   -10.3  -176.2   -10.3  -176.2   -10.3  -176.2   -10.3  -176.2   -10.3  -176.2
  7160   -10.3   179.1   -10.3   179.1   -10.3   179.1   -10.3   179.1   -10.3   179.1
  7164   -10.3   174.6   -10.3   174.6   -10.3   174.6   -10.3   174.6   -10.3   174.6
  7168   -10.5   170.5   -10.5   170.5   -10.5   170.5   -10.5   170.5   -10.5   170.5
  7172   -10.7   165.6   -10.7   165.6   -10.7   165.6   -10.7   165.6   -10.7   165.6
  7176   -10.7   161.1   -10.7   161.1   -10.7   161.1   -10.7   161.1   -10.7   161.1
  7180   -10.8   155.5   -10.8   155.5   -10.8   155.5   -10.8   155.5   -10.8   155.5
  7184   -11.0   152.0   -11.0   152.0   -11.0   152.0   -11.0   152.0   -11.0   152.0
  7188   -11.1   147.6   -11.1   147.6   -11.1   147.6   -11.1   147.6   -11.1   147.6
  7191   -11.2   141.6   -11.2   141.6   -11.2   141.6   -11.2   141.6   -11.2   141.6
  7195   -11.3   138.1   -11.3   138.1   -11.3   138.1   -11.3   138.1   -11.3   138.1
  7199   -11.4   133.6   -11.4   133.6   -11.4   133.6   -11.4   133.6   -11.4   133.6
  7203   -11.5   129.2   -11.5   129.2   -11.5   129.2   -11.5   129.2   -11.5   129.2
  7207   -11.6   124.9   -11.6   124.9   -11.6   124.9   -11.6   124.9   -11.6   124.9
  7211   -11.8   118.5   -11.8   118.5   -11.8   118.5   -11.8   118.5   -11.8   118.5
  7215   -11.8   114.6   -11.8   114.6   -11.8   114.6   -11.8   114.6   -11.8   114.6
  7219   -11.8   110.5   -11.8   110.5   -11.8   110.5   -11.8   110.5   -11.8   110.5
  7223   -12.0   107.0   -12.0   107.0   -12.0   107.0   -12.0   107.0   -12.0   107.0
  7227   -12.1   101.6   -12.1   101.6   -12.1   101.6   -12.1   101.6   -12.1   101.6
  7230   -12.2    94.9   -12.2    94.9   -12.2    94.9   -12.2    94.9   -12.2    94.9
  7234   -12.3    91.3   -12.3    91.3   -12.3    91.3   -12.3    91.3   -12.3    91.3
  7238   -12.4    87.7   -12.4    87.7   -12.4    87.7   -12.4    87.7   -12.4    87.7
  7242   -12.6    82.0   -12.6    82.0   -12.6    82.0   -12.6    82.0   -12.6    82.0
  7246   -12.6    78.0   -12.6    78.0   -12.6    78.0   -12.6    78.0   -12.6    78.0
  7250   -12.7    72.6   -12.7    72.6   -12.7    72.6   -12.7    72.6   -12.7    72.6
  7254   -12.8    69.2   -12.8    69.2   -12.8    69.2   -12.8    69.2   -12.8    69.2
  7258   -13.1    64.2   -13.1    64.2   -13.1    64.2   -13.1    64.2   -13.1    64.2
  7262   -13.1    58.0   -13.1    58.0   -13.1    58.0   -13.1    58.0   -13.1    58.0
  7266   -13.2    54.0   -13.2    54.0   -13.2    54.0   -13.2    54.0   -13.2    54.0
  7270   -13.1    49.3   -13.1    49.3   -13.1    49.3   -13.1    49.3   -13.1    49.3
  7273   -13.5    45.3   -13.5    45.3   -13.5    45.3   -13.5    45.3   -13.5    45.3
  7277   -13.6    40.4   -13.6    40.4   -13.6    40.4   -13.6    40.4   -13.6    40.4
  7281   -13.6    34.5   -13.6    34.5   -13.6    34.5   -13.6    34.5   -13.6    34.5
  7285   -13.9    29.3   -13.9    29.3   -13.9    29.3   -13.9    29.3   -13.9    29.3
  7289   -14.0    26.6   -14.0    26.6   -14.0    26.6   -14.0    26.6   -14.0    26.6
  7293   -14.2    20.4   -14.2    20.4   -14.2    20.4   -14.2    20.4   -14.2    20.4
  7297   -14.3    15.5   -14.3    15.5   -14.3    15.5   -14.3    15.5   -14.3    15.5
  7301   -14.3    11.2   -14.3    11.2   -14.3    11.2   -14.3    11.2   -14.3    11.2
  7305   -14.6     7.3   -14.6     7.3   -14.6     7.3   -14.6     7.3   -14.6     7.3
  7309   -15.0     2.7   -15.0     2.7   -15.0     2.7   -15.0     2.7   -15.0     2.7
  7313   -14.9    -4.5   -14.9    -4.5   -14.9    -4.5   -14.9    -4.5   -14.9    -4.5
  7316   -14.8    -9.1   -14.8    -9.1   -14.8    -9.1   -14.8    -9.1   -14.8    -9.1
  7320   -15.0   -13.6   -15.0   -13.6   -15.0   -13.6   -15.0   -13.6   -15.0   -13.6
  7324   -15.2   -17.4   -15.2   -17.4   -15.2   -17.4   -15.2   -17.4   -15.2   -17.4
  7328   -15.2   -23.9   -15.2   -23.9   -15.2   -23.9   -15.2   -23.9   -15.2   -23.9
  7332   -15.5   -29.6   -15.5   -29.6   -15.5   -29.6   -15.5   -29.6   -15.5   -29.6
  7336   -15.6   -34.2   -15.6   -34.2   -15.6   -34.2   -15.6   -34.2   -15.6   -34.2
  7340   -15.7   -38.4   -15.7   -38.4   -15.7   -38.4   -15.7   -38.4   -15.7   -38.4
  7344   -15.9   -43.0   -15.9   -43.0   -15.9   -43.0   -15.9   -43.0   -15.9   -43.0
  7348   -16.1   -49.0   -16.1   -49.0   -16.1   -49.0   -16.1   -49.0   -16.1   -49.0
  7352   -16.2   -53.7   -16.2   -53.7   -16.2   -53.7   -16.2   -53.7   -16.2   -53.7
  7355   -16.1   -58.7   -16.1   -58.7   -16.1   -58.7   -16.1   -58.7   -16.1   -58.7
  7359   -16.4   -64.3   -16.4   -64.3   -16.4   -64.3   -16.4   -64.3   -16.4   -64.3
  7363   -16.5   -69.1   -16.5   -69.1   -16.5   -69.1   -16.5   -69.1   -16.5   -69.1
  7367   -16.6   -75.2   -16.6   -75.2   -16.6   -75.2   -16.6   -75.2   -16.6   -75.2
  7371   -16.9   -80.4   -16.9   -80.4   -16.9   -80.4   -16.9   -80.4   -16.9   -80.4
  7375   -17.1   -84.8   -17.1   -84.8   -17.1   -84.8   -17.1   -84.8   -17.1   -84.8
  7379   -17.4   -89.7   -17.4   -89.7   -17.4   -89.7   -17.4   -89.7   -17.4   -89.7
  7383   -17.4   -97.7   -17.4   -97.7   -17.4   -97.7   -17.4   -97.7   -17.4   -97.7
  7387   -17.7  -101.8   -17.7  -101.8   -17.7  -101.8   -17.7  -101.8   -17.7  -101.8
  7391   -17.8  -106.7   -17.8  -106.7   -17.8  -106.7   -17.8  -106.7   -17.8  -106.7
  7395   -17.8  -111.6   -17.8  -111.6   -17.8  -111.6   -17.8  -111.6   -17.8  -111.6
  7398   -18.3  -117.8   -18.3  -117.8   -18.3  -117.8   -18.3  -117.8   -18.3  -117.8
  7402   -18.2  -121.2   -18.2  -121.2   -18.2  -121.2   -18.2  -121.2   -18.2  -121.2
  7406   -18.3  -128.0   -18.3  -128.0   -18.3  -128.0   -18.3  -128.0   -18.3  -128.0
  7410   -18.4  -133.4   -18.4  -133.4   -18.4  -133.4   -18.4  -133.4   -18.4  -133.4
  7414   -18.4  -139.7   -18.4  -139.7   -18.4  -139.7   -18.4  -139.7   -18.4  -139.7
  7418   -19.0  -148.2   -19.0  -148.2   -19.0  -148.2   -19.0  -148.2   -19.0  -148.2
  7422   -19.0  -152.5   -19.0  -152.5   -19.0  -152.5   -19.0  -152.5   -19.0  -152.5
  7426   -19.2  -157.9   -19.2  -157.9   -19.2  -157.9   -19.2  -157.9   -19.2  -157.9
  7430   -19.4  -163.4   -19.4  -163.4   -19.4  -163.4   -19.4  -163.4   -19.4  -163.4
  7434   -19.2  -170.7   -19.2  -170.7   -19.2  -170.7   -19.2  -170.7   -19.2  -170.7
  7438   -19.5  -175.6   -19.5  -175.6   -19.5  -175.6   -19.5  -175.6   -19.5  -175.6
  7441   -19.5   177.4   -19.5   177.4   -19.5   177.4   -19.5   177.4   -19.5   177.4
  7445   -19.8   173.0   -19.8   173.0   -19.8   173.0   -19.8   173.0   -19.8   173.0
  7449   -19.9   165.8   -19.9   165.8   -19.9   165.8   -19.9   165.8   -19.9   165.8
  7453   -20.0   158.7   -20.0   158.7   -20.0   158.7   -20.0   158.7   -20.0   158.7
  7457   -20.0   153.4   -20.0   153.4   -20.0   153.4   -20.0   153.4   -20.0   153.4
  7461   -20.3   146.6   -20.3   146.6   -20.3   146.6   -20.3   146.6   -20.3   146.6
  7465   -20.2   139.5   -20.2   139.5   -20.2   139.5   -20.2   139.5   -20.2   139.5
  7469   -20.1   133.9   -20.1   133.9   -20.1   133.9   -20.1   133.9   -20.1   133.9
  7473   -20.8   128.1   -20.8   128.1   -20.8   128.1   -20.8   128.1   -20.8   128.1
  7477   -21.1   121.3   -21.1   121.3   -21.1   121.3   -21.1   121.3   -21.1   121.3
  7480   -20.6   114.2   -20.6   114.2   -20.6   114.2   -20.6   114.2   -20.6   114.2
  7484   -20.6   108.4   -20.6   108.4   -20.6   108.4   -20.6   108.4   -20.6   108.4
  7488   -20.4   100.4   -20.4   100.4   -20.4   100.4   -20.4   100.4   -20.4   100.4
  7492   -20.6    95.1   -20.6    95.1   -20.6    95.1   -20.6    95.1   -20.6    95.1
  7496   -20.6    85.6   -20.6    85.6   -20.6    85.6   -20.6    85.6   -20.6    85.6
  7500   -20.4    79.5   -20.4    79.5   -20.4    79.5   -20.4    79.5   -20.4    79.5
  7504   -20.2    73.9   -20.2    73.9   -20.2    73.9   -20.2    73.9   -20.2    73.9
  7508   -20.2    66.9   -20.2    66.9   -20.2    66.9   -20.2    66.9   -20.2    66.9
  7512   -20.4    59.9   -20.4    59.9   -20.4    59.9   -20.4    59.9   -20.4    59.9
  7516   -20.4    53.7   -20.4    53.7   -20.4    53.7   -20.4    53.7   -20.4    53.7
  7520   -20.1    46.0   -20.1    46.0   -20.1    46.0   -20.1    46.0   -20.1    46.0
  7523   -20.3    38.8   -20.3    38.8   -20.3    38.8   -20.3    38.8   -20.3    38.8
  7527   -20.0    34.7   -20.0    34.7   -20.0    34.7   -20.0    34.7   -20.0    34.7
  7531   -20.1    28.5   -20.1    28.5   -20.1    28.5   -20.1    28.5   -20.1    28.5
  7535   -19.8    22.3   -19.8    22.3   -19.8    22.3   -19.8    22.3   -19.8    22.3
  7539   -19.4    15.2   -19.4    15.2   -19.4    15.2   -19.4    15.2   -19.4    15.2
  7543   -19.7     7.4   -19.7     7.4   -19.7     7.4   -19.7     7.4   -19.7     7.4
  7547   -19.0     2.3   -19.0     2.3   -19.0     2.3   -19.0     2.3   -19.0     2.3
  7551   -19.0    -2.9   -19.0    -2.9   -19.0    -2.9   -19.0    -2.9   -19.0    -2.9
  7555   -18.7    -9.4   -18.7    -9.4   -18.7    -9.4   -18.7    -9.4   -18.7    -9.4
  7559   -18.7   -12.4   -18.7   -12.4   -18.7   -12.4   -18.7   -12.4   -18.7   -12.4
  7563   -19.0   -20.5   -19.0   -20.5   -19.0   -20.5   -19.0   -20.5   -19.0   -20.5
  7566   -18.4   -29.3   -18.4   -29.3   -18.4   -29.3   -18.4   -29.3   -18.4   -29.3
  7570   -18.1   -31.2   -18.1   -31.2   -18.1   -31.2   -18.1   -31.2   -18.1   -31.2
  7574   -18.0   -37.7   -18.0   -37.7   -18.0   -37.7   -18.0   -37.7   -18.0   -37.7
  7578   -18.0   -46.1   -18.0   -46.1   -18.0   -46.1   -18.0   -46.1   -18.0   -46.1
  7582   -17.7   -50.9   -17.7   -50.9   -17.7   -50.9   -17.7   -50.9   -17.7   -50.9
  7586   -17.3   -55.5   -17.3   -55.5   -17.3   -55.5   -17.3   -55.5   -17.3   -55.5
  7590   -17.2   -62.2   -17.2   -62.2   -17.2   -62.2   -17.2   -62.2   -17.2   -62.2
  7594   -17.4   -67.9   -17.4   -67.9   -17.4   -67.9   -17.4   -67.9   -17.4   -67.9
  7598   -16.7   -72.9   -16.7   -72.9   -16.7   -72.9   -16.7   -72.9   -16.7   -72.9
  7602   -16.8   -78.7   -16.8   -78.7   -16.8   -78.7   -16.8   -78.7   -16.8   -78.7
  7605   -16.6   -82.7   -16.6   -82.7   -16.6   -82.7   -16.6   -82.7   -16.6   -82.7
  7609   -16.5   -89.6   -16.5   -89.6   -16.5   -89.6   -16.5   -89.6   -16.5   -89.6
  7613   -15.9   -95.0   -15.9   -95.0   -15.9   -95.0   -15.9   -95.0   -15.9   -95.0
  7617   -15.9   -99.6   -15.9   -99.6   -15.9   -99.6   -15.9   -99.6   -15.9   -99.6
  7621   -15.9  -105.1   -15.9  -105.1   -15.9  -105.1   -15.9  -105.1   -15.9  -105.1
  7625   -15.5  -111.0   -15.5  -111.0   -15.5  -111.0   -15.5  -111.0   -15.5  -111.0
  7629   -15.4  -115.1   -15.4  -115.1   -15.4  -115.1   -15.4  -115.1   -15.4  -115.1
  7633   -15.2  -120.7   -15.2  -120.7   -15.2  -120.7   -15.2  -120.7   -15.2  -120.7
  7637   -15.0  -124.7   -15.0  -124.7   -15.0  -124.7   -15.0  -124.7   -15.0  -124.7
  7641   -14.7  -130.9   -14.7  -130.9   -14.7  -130.9   -14.7  -130.9   -14.7  -130.9
  7645   -14.6  -136.8   -14.6  -136.8   -14.6  -136.8   -14.6  -136.8   -14.6  -136.8
  7648   -14.6  -140.5   -14.6  -140.5   -14.6  -140.5   -14.6  -140.5   -14.6  -140.5
  7652   -14.2  -145.7   -14.2  -145.7   -14.2  -145.7   -14.2  -145.7   -14.2  -145.7
  7656   -14.2  -150.6   -14.2  -150.6   -14.2  -150.6   -14.2  -150.6   -14.2  -150.6
  7660   -14.1  -155.6   -14.1  -155.6   -14.1  -155.6   -14.1  -155.6   -14.1  -155.6
  7664   -13.6  -161.1   -13.6  -161.1   -13.6  -161.1   -13.6  -161.1   -13.6  -161.1
  7668   -13.5  -165.5   -13.5  -165.5   -13.5  -165.5   -13.5  -165.5   -13.5  -165.5
  7672   -13.3  -170.2   -13.3  -170.2   -13.3  -170.2   -13.3  -170.2   -13.3  -170.2
  7676   -13.1  -175.2   -13.1  -175.2   -13.1  -175.2   -13.1  -175.2   -13.1  -175.2
  7680   -13.0   178.7   -13.0   178.7   -13.0   178.7   -13.0   178.7   -13.0   178.7
  7684   -13.0   173.9   -13.0   173.9   -13.0   173.9   -13.0   173.9   -13.0   173.9
  7688   -12.8   168.9   -12.8   168.9   -12.8   168.9   -12.8   168.9   -12.8   168.9
  7691   -12.5   164.3   -12.5   164.3   -12.5   164.3   -12.5   164.3   -12.5   164.3
  7695   -12.5   160.2   -12.5   160.2   -12.5   160.2   -12.5   160.2   -12.5   160.2
  7699   -12.2   154.8   -12.2   154.8   -12.2   154.8   -12.2   154.8   -12.2   154.8
  7703   -12.1   150.0   -12.1   150.0   -12.1   150.0   -12.1   150.0   -12.1   150.0
  7707   -12.0   145.1   -12.0   145.1   -12.0   145.1   -12.0   145.1   -12.0   145.1
  7711   -11.7   139.5   -11.7   139.5   -11.7   139.5   -11.7   139.5   -11.7   139.5
  7715   -11.5   136.0   -11.5   136.0   -11.5   136.0   -11.5   136.0   -11.5   136.0
  7719   -11.5   130.5   -11.5   130.5   -11.5   130.5   -11.5   130.5   -11.5   130.5
  7723   -11.3   125.9   -11.3   125.9   -11.3   125.9   -11.3   125.9   -11.3   125.9
  7727   -11.1   121.3   -11.1   121.3   -11.1   121.3   -11.1   121.3   -11.1   121.3
  7730   -10.9   116.5   -10.9   116.5   -10.9   116.5   -10.9   116.5   -10.9   116.5
  7734   -10.9   111.0   -10.9   111.0   -10.9   111.0   -10.9   111.0   -10.9   111.0
  7738   -10.7   106.6   -10.7   106.6   -10.7   106.6   -10.7   106.6   -10.7   106.6
  7742   -10.4   102.4   -10.4   102.4   -10.4   102.4   -10.4   102.4   -10.4   102.4
  7746   -10.3    97.6   -10.3    97.6   -10.3    97.6   -10.3    97.6   -10.3    97.6
  7750   -10.1    92.9   -10.1    92.9   -10.1    92.9   -10.1    92.9   -10.1    92.9
  7754   -10.1    88.4   -10.1    88.4   -10.1    88.4   -10.1    88.4   -10.1    88.4
  7758    -9.8    83.2    -9.8    83.2    -9.8    83.2    -9.8    83.2    -9.8    83.2
  7762    -9.7    79.2    -9.7    79.2    -9.7    79.2    -9.7    79.2    -9.7    79.2
  7766    -9.5    73.6    -9.5    73.6    -9.5    73.6    -9.5    73.6    -9.5    73.6
  7770    -9.5    69.4    -9.5    69.4    -9.5    69.4    -9.5    69.4    -9.5    69.4
  7773    -9.4    64.4    -9.4    64.4    -9.4    64.4    -9.4    64.4    -9.4    64.4
  7777    -9.2    60.0    -9.2    60.0    -9.2    60.0    -9.2    60.0    -9.2    60.0
  7781    -9.0    55.4    -9.0    55.4    -9.0    55.4    -9.0    55.4    -9.0    55.4
  7785    -9.0    50.6    -9.0    50.6    -9.0    50.6    -9.0    50.6    -9.0    50.6
  7789    -8.7    45.8    -8.7    45.8    -8.7    45.8    -8.7    45.8    -8.7    45.8
  7793    -8.7    41.2    -8.7    41.2    -8.7    41.2    -8.7    41.2    -8.7    41.2
  7797    -8.5    36.6    -8.5    36.6    -8.5    36.6    -8.5    36.6    -8.5    36.6
  7801    -8.5    32.4    -8.5    32.4    -8.5    32.4    -8.5    32.4    -8.5    32.4
  7805    -8.3    27.5    -8.3    27.5    -8.3    27.5    -8.3    27.5    -8.3    27.5
  7809    -8.1    22.7    -8.1    22.7    -8.1    22.7    -8.1    22.7    -8.1    22.7
  7813    -7.9    18.3    -7.9    18.3    -7.9    18.3    -7.9    18.3    -7.9    18.3
  7816    -7.9    13.4    -7.9    13.4    -7.9    13.4    -7.9    13.4    -7.9    13.4
  7820    -7.7     8.9    -7.7     8.9    -7.7     8.9    -7.7     8.9    -7.7     8.9
  7824    -7.6     4.3    -7.6     4.3    -7.6     4.3    -7.6     4.3    -7.6     4.3
  7828    -7.4    -0.1    -7.4    -0.1    -7.4    -0.1    -7.4    -0.1    -7.4    -0.1
  7832    -7.4    -4.5    -7.4    -4.5    -7.4    -4.5    -7.4    -4.5    -7.4    -4.5
  7836    -7.2    -9.6    -7.2    -9.6    -7.2    -9.6    -7.2    -9.6    -7.2    -9.6
  7840    -7.0   -14.3    -7.0   -14.3    -7.0   -14.3    -7.0   -14.3    -7.0   -14.3
  7844    -7.0   -18.3    -7.0   -18.3    -7.0   -18.3    -7.0   -18.3    -7.0   -18.3
  7848    -7.0   -23.1    -7.0   -23.1    -7.0   -23.1    -7.0   -23.1    -7.0   -23.1
  7852    -6.8   -27.7    -6.8   -27.7    -6.8   -27.7    -6.8   -27.7    -6.8   -27.7
  7855    -6.7   -32.2    -6.7   -32.2    -6.7   -32.2    -6.7   -32.2    -6.7   -32.2
  7859    -6.5   -36.8    -6.5   -36.8    -6.5   -36.8    -6.5   -36.8    -6.5   -36.8
  7863    -6.4   -41.5    -6.4   -41.5    -6.4   -41.5    -6.4   -41.5    -6.4   -41.5
  7867    -6.3   -46.0    -6.3   -46.0    -6.3   -46.0    -6.3   -46.0    -6.3   -46.0
  7871    -6.2   -51.2    -6.2   -51.2    -6.2   -51.2    -6.2   -51.2    -6.2   -51.2
  7875    -6.0   -55.4    -6.0   -55.4    -6.0   -55.4    -6.0   -55.4    -6.0   -55.4
  7879    -5.9   -59.6    -5.9   -59.6    -5.9   -59.6    -5.9   -59.6    -5.9   -59.6
  7883    -5.8   -64.8    -5.8   -64.8    -5.8   -64.8    -5.8   -64.8    -5.8   -64.8
  7887    -5.7   -68.6    -5.7   -68.6    -5.7   -68.6    -5.7   -68.6    -5.7   -68.6
  7891    -5.6   -73.9    -5.6   -73.9    -5.6   -73.9    -5.6   -73.9    -5.6   -73.9
  7895    -5.5   -77.9    -5.5   -77.9    -5.5   -77.9    -5.5   -77.9    -5.5   -77.9
  7898    -5.4   -82.8    -5.4   -82.8    -5.4   -82.8    -5.4   -82.8    -5.4   -82.8
  7902    -5.2   -87.4    -5.2   -87.4    -5.2   -87.4    -5.2   -87.4    -5.2   -87.4
  7906    -5.1   -91.7    -5.1   -91.7    -5.1   -91.7    -5.1   -91.7    -5.1   -91.7
  7910    -5.0   -96.2    -5.0   -96.2    -5.0   -96.2    -5.0   -96.2    -5.0   -96.2
  7914    -4.9  -100.7    -4.9  -100.7    -4.9  -100.7    -4.9  -100.7    -4.9  -100.7
  7918    -4.8  -105.3    -4.8  -105.3    -4.8  -105.3    -4.8  -105.3    -4.8  -105.3
  7922    -4.7  -110.1    -4.7  -110.1    -4.7  -110.1    -4.7  -110.1    -4.7  -110.1
  7926    -4.6  -114.3    -4.6  -114.3    -4.6  -114.3    -4.6  -114.3    -4.6  -114.3
  7930    -4.5  -119.0    -4.5  -119.0    -4.5  -119.0    -4.5  -119.0    -4.5  -119.0
  7934    -4.3  -123.5    -4.3  -123.5    -4.3  -123.5    -4.3  -123.5    -4.3  -123.5
  7938    -4.2  -128.1    -4.2  -128.1    -4.2  -128.1    -4.2  -128.1    -4.2  -128.1
  7941    -4.1  -132.4    -4.1  -132.4    -4.1  -132.4    -4.1  -132.4    -4.1  -132.4
  7945    -4.1  -137.2    -4.1  -137.2    -4.1  -137.2    -4.1  -137.2    -4.1  -137.2
  7949    -3.9  -141.7    -3.9  -141.7    -3.9  -141.7    -3.9  -141.7    -3.9  -141.7
  7953    -3.8  -146.0    -3.8  -146.0    -3.8  -146.0    -3.8  -146.0    -3.8  -146.0
  7957    -3.7  -150.5    -3.7  -150.5    -3.7  -150.5    -3.7  -150.5    -3.7  -150.5
  7961    -3.6  -155.2    -3.6  -155.2    -3.6  -155.2    -3.6  -155.2    -3.6  -155.2
  7965    -3.5  -159.4    -3.5  -159.4    -3.5  -159.4    -3.5  -159.4    -3.5  -159.4
  7969    -3.4  -163.9    -3.4  -163.9    -3.4  -163.9    -3.4  -163.9    -3.4  -163.9
  7973    -3.3  -168.6    -3.3  -168.6    -3.3  -168.6    -3.3  -168.6    -3.3  -168.6
  7977    -3.2  -173.1    -3.2  -173.1    -3.2  -173.1    -3.2  -173.1    -3.2  -173.1
  7980    -3.1  -177.5    -3.1  -177.5    -3.1  -177.5    -3.1  -177.5    -3.1  -177.5
  7984    -2.9   177.9    -2.9   177.9    -2.9   177.9    -2.9   177.9    -2.9   177.9
  7988    -2.9   173.3    -2.9   173.3    -2.9   173.3    -2.9   173.3    -2.9   173.3
  7992    -2.8   169.0    -2.8   169.0    -2.8   169.0    -2.8   169.0    -2.8   169.0
  7996    -2.6   164.2    -2.6   164.2    -2.6   164.2    -2.6   164.2    -2.6   164.2
  8000    -2.5   160.1    -2.5   160.1    -2.5   160.1    -2.5   160.1    -2.5   160.1
  8004    -2.4   155.6    -2.4   155.6    -2.4   155.6    -2.4   155.6    -2.4   155.6
  8008    -2.3   151.0    -2.3   151.0    -2.3   151.0    -2.3   151.0    -2.3   151.0
  8012    -2.2   146.5    -2.2   146.5    -2.2   146.5    -2.2   146.5    -2.2   146.5
  8016    -2.2   141.9    -2.2   141.9    -2.2   141.9    -2.2   141.9    -2.2   141.9
  8020    -2.0   137.6    -2.0   137.6    -2.0   137.6    -2.0   137.6    -2.0   137.6
  8023    -2.0   132.8    -2.0   132.8    -2.0   132.8    -2.0   132.8    -2.0   132.8
  8027    -1.8   128.7    -1.8   128.7    -1.8   128.7    -1.8   128.7    -1.8   128.7
  8031    -1.7   124.1    -1.7   124.1    -1.7   124.1    -1.7   124.1    -1.7   124.1
  8035    -1.6   119.7    -1.6   119.7    -1.6   119.7    -1.6   119.7    -1.6   119.7
  8039    -1.5   115.0    -1.5   115.0    -1.5   115.0    -1.5   115.0    -1.5   115.0
  8043    -1.4   110.6    -1.4   110.6    -1.4   110.6    -1.4   110.6    -1.4   110.6
  8047    -1.3   106.0    -1.3   106.0    -1.3   106.0    -1.3   106.0    -1.3   106.0
  8051    -1.2   101.7    -1.2   101.7    -1.2   101.7    -1.2   101.7    -1.2   101.7
  8055    -1.1    97.3    -1.1    97.3    -1.1    97.3    -1.1    97.3    -1.1    97.3
  8059    -1.0    92.8    -1.0    92.8    -1.0    92.8    -1.0    92.8    -1.0    92.8
  8063    -0.9    88.4    -0.9    88.4    -0.9    88.4    -0.9    88.4    -0.9    88.4
  8066    -0.8    83.7    -0.8    83.7    -0.8    83.7    -0.8    83.7    -0.8    83.7
  8070    -0.7    79.3    -0.7    79.3    -0.7    79.3    -0.7    79.3    -0.7    79.3
  8074    -0.6    74.7    -0.6    74.7    -0.6    74.7    -0.6    74.7    -0.6    74.7
  8078    -0.5    70.4    -0.5    70.4    -0.5    70.4    -0.5    70.4    -0.5    70.4
  8082    -0.4    65.8    -0.4    65.8    -0.4    65.8    -0.4    65.8    -0.4    65.8
  8086    -0.3    61.3    -0.3    61.3    -0.3    61.3    -0.3    61.3    -0.3    61.3
  8090    -0.2    56.8    -0.2    56.8    -0.2    56.8    -0.2    56.8    -0.2    56.8
  8094    -0.1    52.2    -0.1    52.2    -0.1    52.2    -0.1    52.2    -0.1    52.2
  8098     0.0    47.9     0.0    47.9     0.0    47.9     0.0    47.9     0.0    47.9
  8102     0.1    43.4     0.1    43.4     0.1    43.4     0.1    43.4     0.1    43.4
  8105     0.2    38.7     0.2    38.7     0.2    38.7     0.2    38.7     0.2    38.7
  8109     0.3    34.5     0.3    34.5     0.3    34.5     0.3    34.5     0.3    34.5
  8113     0.4    30.1     0.4    30.1     0.4    30.1     0.4    30.1     0.4    30.1
  8117     0.5    25.7     0.5    25.7     0.5    25.7     0.5    25.7     0.5    25.7
  8121     0.6    20.8     0.6    20.8     0.6    20.8     0.6    20.8     0.6    20.8
  8125     0.8    16.5     0.8    16.5     0.8    16.5     0.8    16.5     0.8    16.5
  8129     0.8    12.1     0.8    12.1     0.8    12.1     0.8    12.1     0.8    12.1
  8133     0.9     7.4     0.9     7.4     0.9     7.4     0.9     7.4     0.9     7.4
  8137     1.0     2.9     1.0     2.9     1.0     2.9     1.0     2.9     1.0     2.9
  8141     1.2    -1.5     1.2    -1.5     1.2    -1.5     1.2    -1.5     1.2    -1.5
  8145     1.2    -6.0     1.2    -6.0     1.2    -6.0     1.2    -6.0     1.2    -6.0
  8148     1.3   -10.5     1.3   -10.5     1.3   -10.5     1.3   -10.5     1.3   -10.5
  8152     1.5   -15.1     1.5   -15.1     1.5   -15.1     1.5   -15.1     1.5   -15.1
  8156     1.6   -19.4     1.6   -19.4     1.6   -19.4     1.6   -19.4     1.6   -19.4
  8160     1.6   -24.0     1.6   -24.0     1.6   -24.0     1.6   -24.0     1.6   -24.0
  8164     1.8   -28.5     1.8   -28.5     1.8   -28.5     1.8   -28.5     1.8   -28.5
  8168     1.9   -33.2     1.9   -33.2     1.9   -33.2     1.9   -33.2     1.9   -33.2
  8172     2.0   -37.6     2.0   -37.6     2.0   -37.6     2.0   -37.6     2.0   -37.6
  8176     2.1   -42.0     2.1   -42.0     2.1   -42.0     2.1   -42.0     2.1   -42.0
  8180     2.2   -46.7     2.2   -46.7     2.2   -46.7     2.2   -46.7     2.2   -46.7
  8184     2.3   -51.2     2.3   -51.2     2.3   -51.2     2.3   -51.2     2.3   -51.2
  8188     2.4   -55.4     2.4   -55.4     2.4   -55.4     2.4   -55.4     2.4   -55.4
  8191     2.5   -60.1     2.5   -60.1     2.5   -60.1     2.5   -60.1     2.5   -60.1
  8195     2.5   -64.8     2.5   -64.8     2.5   -64.8     2.5   -64.8     2.5   -64.8
  8199     2.7   -69.1     2.7   -69.1     2.7   -69.1     2.7   -69.1     2.7   -69.1
  8203     2.8   -73.7     2.8   -73.7     2.8   -73.7     2.8   -73.7     2.8   -73.7
  8207     2.9   -78.3     2.9   -78.3     2.9   -78.3     2.9   -78.3     2.9   -78.3
  8211     3.0   -82.8     3.0   -82.8     3.0   -82.8     3.0   -82.8     3.0   -82.8
  8215     3.1   -87.3     3.1   -87.3     3.1   -87.3     3.1   -87.3     3.1   -87.3
  8219     3.2   -91.6     3.2   -91.6     3.2   -91.6     3.2   -91.6     3.2   -91.6
  8223     3.2   -96.3     3.2   -96.3     3.2   -96.3     3.2   -96.3     3.2   -96.3
  8227     3.4  -100.9     3.4  -100.9     3.4  -100.9     3.4  -100.9     3.4  -100.9
  8230     3.5  -105.4     3.5  -105.4     3.5  -105.4     3.5  -105.4     3.5  -105.4
  8234     3.6  -109.8     3.6  -109.8     3.6  -109.8     3.6  -109.8     3.6  -109.8
  8238     3.7  -114.5     3.7  -114.5     3.7  -114.5     3.7  -114.5     3.7  -114.5
  8242     3.8  -119.1     3.8  -119.1     3.8  -119.1     3.8  -119.1     3.8  -119.1
  8246     3.9  -123.5     3.9  -123.5     3.9  -123.5     3.9  -123.5     3.9  -123.5
  8250     4.0  -128.0     4.0  -128.0     4.0  -128.0     4.0  -128.0     4.0  -128.0
  8254     4.1  -132.5     4.1  -132.5     4.1  -132.5     4.1  -132.5     4.1  -132.5
  8258     4.2  -137.2     4.2  -137.2     4.2  -137.2     4.2  -137.2     4.2  -137.2
  8262     4.3  -141.7     4.3  -141.7     4.3  -141.7     4.3  -141.7     4.3  -141.7
  8266     4.4  -146.1     4.4  -146.1     4.4  -146.1     4.4  -146.1     4.4  -146.1
  8270     4.5  -150.7     4.5  -150.7     4.5  -150.7     4.5  -150.7     4.5  -150.7
  8273     4.6  -155.4     4.6  -155.4     4.6  -155.4     4.6  -155.4     4.6  -155.4
  8277     4.7  -160.0     4.7  -160.0     4.7  -160.0     4.7  -160.0     4.7  -160.0
  8281     4.8  -164.4     4.8  -164.4     4.8  -164.4     4.8  -164.4     4.8  -164.4
  8285     4.9  -169.0     4.9  -169.0     4.9  -169.0     4.9  -169.0     4.9  -169.0
  8289     5.0  -173.6     5.0  -173.6     5.0  -173.6     5.0  -173.6     5.0  -173.6
  8293     5.1  -178.2     5.1  -178.2     5.1  -178.2     5.1  -178.2     5.1  -178.2
  8297     5.2   177.3     5.2   177.3     5.2   177.3     5.2   177.3     5.2   177.3
  8301     5.3   172.7     5.3   172.7     5.3   172.7     5.3   172.7     5.3   172.7
  8305     5.4   168.1     5.4   168.1     5.4   168.1     5.4   168.1     5.4   168.1
  8309     5.5   163.6     5.5   163.6     5.5   163.6     5.5   163.6     5.5   163.6
  8313     5.6   159.1     5.6   159.1     5.6   159.1     5.6   159.1     5.6   159.1
  8316     5.7   154.4     5.7   154.4     5.7   154.4     5.7   154.4     5.7   154.4
  8320     5.8   149.8     5.8   149.8     5.8   149.8     5.8   149.8     5.8   149.8
  8324     5.9   145.4     5.9   145.4     5.9   145.4     5.9   145.4     5.9   145.4
  8328     6.0   140.8     6.0   140.8     6.0   140.8     6.0   140.8     6.0   140.8
  8332     6.1   136.1     6.1   136.1     6.1   136.1     6.1   136.1     6.1   136.1
  8336     6.2   131.6     6.2   131.6     6.2   131.6     6.2   131.6     6.2   131.6
  8340     6.3   127.0     6.3   127.0     6.3   127.0     6.3   127.0     6.3   127.0
  8344     6.4   122.2     6.4   122.2     6.4   122.2     6.4   122.2     6.4   122.2
  8348     6.5   117.7     6.5   117.7     6.5   117.7     6.5   117.7     6.5   117.7
  8352     6.6   113.1     6.6   113.1     6.6   113.1     6.6   113.1     6.6   113.1
  8355     6.7   108.6     6.7   108.6     6.7   108.6     6.7   108.6     6.7   108.6
  8359     6.8   103.9     6.8   103.9     6.8   103.9     6.8   103.9     6.8   103.9
  8363     6.9    99.3     6.9    99.3     6.9    99.3     6.9    99.3     6.9    99.3
  8367     7.0    94.8     7.0    94.8     7.0    94.8     7.0    94.8     7.0    94.8
  8371     7.1    90.3     7.1    90.3     7.1    90.3     7.1    90.3     7.1    90.3
  8375     7.2    85.6     7.2    85.6     7.2    85.6     7.2    85.6     7.2    85.6
  8379     7.3    80.9     7.3    80.9     7.3    80.9     7.3    80.9     7.3    80.9
  8383     7.4    76.3     7.4    76.3     7.4    76.3     7.4    76.3     7.4    76.3
  8387     7.5    71.7     7.5    71.7     7.5    71.7     7.5    71.7     7.5    71.7
  8391     7.6    67.0     7.6    67.0     7.6    67.0     7.6    67.0     7.6    67.0
  8395     7.7    62.3     7.7    62.3     7.7    62.3     7.7    62.3     7.7    62.3
  8398     7.8    57.8     7.8    57.8     7.8    57.8     7.8    57.8     7.8    57.8
  8402     7.9    53.1     7.9    53.1     7.9    53.1     7.9    53.1     7.9    53.1
  8406     8.0    48.5     8.0    48.5     8.0    48.5     8.0    48.5     8.0    48.5
  8410     8.1    43.8     8.1    43.8     8.1    43.8     8.1    43.8     8.1    43.8
  8414     8.2    39.2     8.2    39.2     8.2    39.2     8.2    39.2     8.2    39.2
  8418     8.3    34.5     8.3    34.5     8.3    34.5     8.3    34.5     8.3    34.5
  8422     8.4    29.8     8.4    29.8     8.4    29.8     8.4    29.8     8.4    29.8
  8426     8.5    25.2     8.5    25.2     8.5    25.2     8.5    25.2     8.5    25.2
  8430     8.6    20.6     8.6    20.6     8.6    20.6     8.6    20.6     8.6    20.6
  8434     8.7    15.9     8.7    15.9     8.7    15.9     8.7    15.9     8.7    15.9
  8438     8.8    11.2     8.8    11.2     8.8    11.2     8.8    11.2     8.8    11.2
  8441     8.9     6.5     8.9     6.5     8.9     6.5     8.9     6.5     8.9     6.5
  8445     9.0     1.9     9.0     1.9     9.0     1.9     9.0     1.9     9.0     1.9
  8449     9.1    -2.9     9.1    -2.9     9.1    -2.9     9.1    -2.9     9.1    -2.9
  8453     9.2    -7.6     9.2    -7.6     9.2    -7.6     9.2    -7.6     9.2    -7.6
  8457     9.3   -12.1     9.3   -12.1     9.3   -12.1     9.3   -12.1     9.3   -12.1
  8461     9.4   -16.9     9.4   -16.9     9.4   -16.9     9.4   -16.9     9.4   -16.9
  8465     9.5   -21.6     9.5   -21.6     9.5   -21.6     9.5   -21.6     9.5   -21.6
  8469     9.6   -26.4     9.6   -26.4     9.6   -26.4     9.6   -26.4     9.6   -26.4
  8473     9.7   -31.0     9.7   -31.0     9.7   -31.0     9.7   -31.0     9.7   -31.0
  8477     9.8   -35.8     9.8   -35.8     9.8   -35.8     9.8   -35.8     9.8   -35.8
  8480     9.9   -40.4     9.9   -40.4     9.9   -40.4     9.9   -40.4     9.9   -40.4
  8484    10.0   -45.3    10.0   -45.3    10.0   -45.3    10.0   -45.3    10.0   -45.3
  8488    10.1   -49.9    10.1   -49.9    10.1   -49.9    10.1   -49.9    10.1   -49.9
  8492    10.2   -54.6    10.2   -54.6    10.2   -54.6    10.2   -54.6    10.2   -54.6
  8496    10.3   -59.4    10.3   -59.4    10.3   -59.4    10.3   -59.4    10.3   -59.4
  8500    10.4   -64.2    10.4   -64.2    10.4   -64.2    10.4   -64.2    10.4   -64.2
  8504    10.5   -68.9    10.5   -68.9    10.5   -68.9    10.5   -68.9    10.5   -68.9
  8508    10.6   -73.7    10.6   -73.7    10.6   -73.7    10.6   -73.7    10.6   -73.7
  8512    10.7   -78.5    10.7   -78.5    10.7   -78.5    10.7   -78.5    10.7   -78.5
  8516    10.9   -83.2    10.9   -83.2    10.9   -83.2    10.9   -83.2    10.9   -83.2
  8520    10.9   -87.9    10.9   -87.9    10.9   -87.9    10.9   -87.9    10.9   -87.9
  8523    11.0   -92.8    11.0   -92.8    11.0   -92.8    11.0   -92.8    11.0   -92.8
  8527    11.1   -97.6    11.1   -97.6    11.1   -97.6    11.1   -97.6    11.1   -97.6
  8531    11.3  -102.3    11.3  -102.3    11.3  -102.3    11.3  -102.3    11.3  -102.3
  8535    11.3  -107.0    11.3  -107.0    11.3  -107.0    11.3  -107.0    11.3  -107.0
  8539    11.4  -111.9    11.4  -111.9    11.4  -111.9    11.4  -111.9    11.4  -111.9
  8543    11.6  -116.7    11.6  -116.7    11.6  -116.7    11.6  -116.7    11.6  -116.7
  8547    11.6  -121.5    11.6  -121.5    11.6  -121.5    11.6  -121.5    11.6  -121.5
  8551    11.7  -126.4    11.7  -126.4    11.7  -126.4    11.7  -126.4    11.7  -126.4
  8555    11.8  -131.2    11.8  -131.2    11.8  -131.2    11.8  -131.2    11.8  -131.2
  8559    12.0  -136.0    12.0  -136.0    12.0  -136.0    12.0  -136.0    12.0  -136.0
  8563    12.1  -140.8    12.1  -140.8    12.1  -140.8    12.1  -140.8    12.1  -140.8
  8566    12.1  -145.7    12.1  -145.7    12.1  -145.7    12.1  -145.7    12.1  -145.7
  8570    12.2  -150.6    12.2  -150.6    12.2  -150.6    12.2  -150.6    12.2  -150.6
  8574    12.4  -155.4    12.4  -155.4    12.4  -155.4    12.4  -155.4    12.4  -155.4
  8578    12.4  -160.2    12.4  -160.2    12.4  -160.2    12.4  -160.2    12.4  -160.2
  8582    12.5  -165.2    12.5  -165.2    12.5  -165.2    12.5  -165.2    12.5  -165.2
  8586    12.7  -170.1    12.7  -170.1    12.7  -170.1    12.7  -170.1    12.7  -170.1
  8590    12.7  -174.9    12.7  -174.9    12.7  -174.9    12.7  -174.9    12.7  -174.9
  8594    12.8  -179.8    12.8  -179.8    12.8  -179.8    12.8  -179.8    12.8  -179.8
  8598    12.9   175.2    12.9   175.2    12.9   175.2    12.9   175.2    12.9   175.2
  8602    13.1   170.4    13.1   170.4    13.1   170.4    13.1   170.4    13.1   170.4
  8605    13.1   165.4    13.1   165.4    13.1   165.4    13.1   165.4    13.1   165.4
  8609    13.2   160.4    13.2   160.4    13.2   160.4    13.2   160.4    13.2   160.4
  8613    13.3   155.5    13.3   155.5    13.3   155.5    13.3   155.5    13.3   155.5
  8617    13.4   150.6    13.4   150.6    13.4   150.6    13.4   150.6    13.4   150.6
  8621    13.5   145.7    13.5   145.7    13.5   145.7    13.5   145.7    13.5   145.7
  8625    13.6   140.6    13.6   140.6    13.6   140.6    13.6   140.6    13.6   140.6
  8629    13.7   135.6    13.7   135.6    13.7   135.6    13.7   135.6    13.7   135.6
  8633    13.8   130.8    13.8   130.8    13.8   130.8    13.8   130.8    13.8   130.8
  8637    13.9   125.7    13.9   125.7    13.9   125.7    13.9   125.7    13.9   125.7
  8641    14.0   120.7    14.0   120.7    14.0   120.7    14.0   120.7    14.0   120.7
  8645    14.1   115.7    14.1   115.7    14.1   115.7    14.1   115.7    14.1   115.7
  8648    14.2   110.7    14.2   110.7    14.2   110.7    14.2   110.7    14.2   110.7
  8652    14.3   105.7    14.3   105.7    14.3   105.7    14.3   105.7    14.3   105.7
  8656    14.4   100.6    14.4   100.6    14.4   100.6    14.4   100.6    14.4   100.6
  8660    14.5    95.6    14.5    95.6    14.5    95.6    14.5    95.6    14.5    95.6
  8664    14.6    90.5    14.6    90.5    14.6    90.5    14.6    90.5    14.6    90.5
  8668    14.7    85.4    14.7    85.4    14.7    85.4    14.7    85.4    14.7    85.4
  8672    14.8    80.3    14.8    80.3    14.8    80.3    14.8    80.3    14.8    80.3
  8676    14.9    75.3    14.9    75.3    14.9    75.3    14.9    75.3    14.9    75.3
  8680    14.9    70.3    14.9    70.3    14.9    70.3    14.9    70.3    14.9    70.3
  8684    15.0    65.0    15.0    65.0    15.0    65.0    15.0    65.0    15.0    65.0
  8688    15.1    60.0    15.1    60.0    15.1    60.0    15.1    60.0    15.1    60.0
  8691    15.2    54.8    15.2    54.8    15.2    54.8    15.2    54.8    15.2    54.8
  8695    15.3    49.7    15.3    49.7    15.3    49.7    15.3    49.7    15.3    49.7
  8699    15.4    44.5    15.4    44.5    15.4    44.5    15.4    44.5    15.4    44.5
  8703    15.5    39.3    15.5    39.3    15.5    39.3    15.5    39.3    15.5    39.3
  8707    15.5    34.2    15.5    34.2    15.5    34.2    15.5    34.2    15.5    34.2
  8711    15.6    29.0    15.6    29.0    15.6    29.0    15.6    29.0    15.6    29.0
  8715    15.7    23.7    15.7    23.7    15.7    23.7    15.7    23.7    15.7    23.7
  8719    15.8    18.6    15.8    18.6    15.8    18.6    15.8    18.6    15.8    18.6
  8723    15.9    13.5    15.9    13.5    15.9    13.5    15.9    13.5    15.9    13.5
  8727    15.9     8.1    15.9     8.1    15.9     8.1    15.9     8.1    15.9     8.1
  8730    16.0     2.9    16.0     2.9    16.0     2.9    16.0     2.9    16.0     2.9
  8734    16.1    -2.3    16.1    -2.3    16.1    -2.3    16.1    -2.3    16.1    -2.3
  8738    16.2    -7.5    16.2    -7.5    16.2    -7.5    16.2    -7.5    16.2    -7.5
  8742    16.2   -12.8    16.2   -12.8    16.2   -12.8    16.2   -12.8    16.2   -12.8
  8746    16.3   -18.2    16.3   -18.2    16.3   -18.2    16.3   -18.2    16.3   -18.2
  8750    16.4   -23.4    16.4   -23.4    16.4   -23.4    16.4   -23.4    16.4   -23.4
  8754    16.4   -28.7    16.4   -28.7    16.4   -28.7    16.4   -28.7    16.4   -28.7
  8758    16.5   -34.1    16.5   -34.1    16.5   -34.1    16.5   -34.1    16.5   -34.1
  8762    16.6   -39.3    16.6   -39.3    16.6   -39.3    16.6   -39.3    16.6   -39.3
  8766    16.6   -44.6    16.6   -44.6    16.6   -44.6    16.6   -44.6    16.6   -44.6
  8770    16.7   -50.1    16.7   -50.1    16.7   -50.1    16.7   -50.1    16.7   -50.1
  8773    16.8   -55.3    16.8   -55.3    16.8   -55.3    16.8   -55.3    16.8   -55.3
  8777    16.8   -60.7    16.8   -60.7    16.8   -60.7    16.8   -60.7    16.8   -60.7
  8781    16.8   -66.0    16.8   -66.0    16.8   -66.0    16.8   -66.0    16.8   -66.0
  8785    16.9   -71.5    16.9   -71.5    16.9   -71.5    16.9   -71.5    16.9   -71.5
  8789    17.0   -76.8    17.0   -76.8    17.0   -76.8    17.0   -76.8    17.0   -76.8
  8793    17.0   -82.1    17.0   -82.1    17.0   -82.1    17.0   -82.1    17.0   -82.1
  8797    17.0   -87.6    17.0   -87.6    17.0   -87.6    17.0   -87.6    17.0   -87.6
  8801    17.1   -93.1    17.1   -93.1    17.1   -93.1    17.1   -93.1    17.1   -93.1
  8805    17.1   -98.4    17.1   -98.4    17.1   -98.4    17.1   -98.4    17.1   -98.4
  8809    17.2  -103.8    17.2  -103.8    17.2  -103.8    17.2  -103.8    17.2  -103.8
  8813    17.2  -109.3    17.2  -109.3    17.2  -109.3    17.2  -109.3    17.2  -109.3
  8816    17.2  -114.7    17.2  -114.7    17.2  -114.7    17.2  -114.7    17.2  -114.7
  8820    17.3  -120.1    17.3  -120.1    17.3  -120.1    17.3  -120.1    17.3  -120.1
  8824    17.3  -125.5    17.3  -125.5    17.3  -125.5    17.3  -125.5    17.3  -125.5
  8828    17.3  -131.0    17.3  -131.0    17.3  -131.0    17.3  -131.0    17.3  -131.0
  8832    17.3  -136.5    17.3  -136.5    17.3  -136.5    17.3  -136.5    17.3  -136.5
  8836    17.4  -141.9    17.4  -141.9    17.4  -141.9    17.4  -141.9    17.4  -141.9
  8840    17.4  -147.4    17.4  -147.4    17.4  -147.4    17.4  -147.4    17.4  -147.4
  8844    17.4  -152.9    17.4  -152.9    17.4  -152.9    17.4  -152.9    17.4  -152.9
  8848    17.4  -158.2    17.4  -158.2    17.4  -158.2    17.4  -158.2    17.4  -158.2
  8852    17.4  -163.7    17.4  -163.7    17.4  -163.7    17.4  -163.7    17.4  -163.7
  8855    17.4  -169.3    17.4  -169.3    17.4  -169.3    17.4  -169.3    17.4  -169.3
  8859    17.4  -174.7    17.4  -174.7    17.4  -174.7    17.4  -174.7    17.4  -174.7
  8863    17.4   179.9    17.4   179.9    17.4   179.9    17.4   179.9    17.4   179.9
  8867    17.4   174.4    17.4   174.4    17.4   174.4    17.4   174.4    17.4   174.4
  8871    17.4   168.9    17.4   168.9    17.4   168.9    17.4   168.9    17.4   168.9
  8875    17.4   163.4    17.4   163.4    17.4   163.4    17.4   163.4    17.4   163.4
  8879    17.4   158.0    17.4   158.0    17.4   158.0    17.4   158.0    17.4   158.0
  8883    17.4   152.5    17.4   152.5    17.4   152.5    17.4   152.5    17.4   152.5
  8887    17.4   147.0    17.4   147.0    17.4   147.0    17.4   147.0    17.4   147.0
  8891    17.4   141.7    17.4   141.7    17.4   141.7    17.4   141.7    17.4   141.7
  8895    17.3   136.1    17.3   136.1    17.3   136.1    17.3   136.1    17.3   136.1
  8898    17.3   130.6    17.3   130.6    17.3   130.6    17.3   130.6    17.3   130.6
  8902    17.3   125.3    17.3   125.3    17.3   125.3    17.3   125.3    17.3   125.3
  8906    17.3   119.8    17.3   119.8    17.3   119.8    17.3   119.8    17.3   119.8
  8910    17.2   114.3    17.2   114.3    17.2   114.3    17.2   114.3    17.2   114.3
  8914    17.2   108.8    17.2   108.8    17.2   108.8    17.2   108.8    17.2   108.8
  8918    17.2   103.5    17.2   103.5    17.2   103.5    17.2   103.5    17.2   103.5
  8922    17.1    98.1    17.1    98.1    17.1    98.1    17.1    98.1    17.1    98.1
  8926    17.1    92.6    17.1    92.6    17.1    92.6    17.1    92.6    17.1    92.6
  8930    17.1    87.2    17.1    87.2    17.1    87.2    17.1    87.2    17.1    87.2
  8934    17.0    81.9    17.0    81.9    17.0    81.9    17.0    81.9    17.0    81.9
  8938    17.0    76.4    17.0    76.4    17.0    76.4    17.0    76.4    17.0    76.4
  8941    16.9    71.0    16.9    71.0    16.9    71.0    16.9    71.0    16.9    71.0
  8945    16.9    65.7    16.9    65.7    16.9    65.7    16.9    65.7    16.9    65.7
  8949    16.8    60.2    16.8    60.2    16.8    60.2    16.8    60.2    16.8    60.2
  8953    16.8    54.9    16.8    54.9    16.8    54.9    16.8    54.9    16.8    54.9
  8957    16.7    49.4    16.7    49.4    16.7    49.4    16.7    49.4    16.7    49.4
  8961    16.7    44.2    16.7    44.2    16.7    44.2    16.7    44.2    16.7    44.2
  8965    16.6    38.8    16.6    38.8    16.6    38.8    16.6    38.8    16.6    38.8
  8969    16.5    33.3    16.5    33.3    16.5    33.3    16.5    33.3    16.5    33.3
  8973    16.5    28.1    16.5    28.1    16.5    28.1    16.5    28.1    16.5    28.1
  8977    16.4    22.8    16.4    22.8    16.4    22.8    16.4    22.8    16.4    22.8
  8980    16.3    17.4    16.3    17.4    16.3    17.4    16.3    17.4    16.3    17.4
  8984    16.3    12.1    16.3    12.1    16.3    12.1    16.3    12.1    16.3    12.1
  8988    16.2     6.9    16.2     6.9    16.2     6.9    16.2     6.9    16.2     6.9
  8992    16.1     1.6    16.1     1.6    16.1     1.6    16.1     1.6    16.1     1.6
  8996    16.1    -3.7    16.1    -3.7    16.1    -3.7    16.1    -3.7    16.1    -3.7
  9000    16.0    -9.0    16.0    -9.0    16.0    -9.0    16.0    -9.0    16.0    -9.0
  9004    15.9   -14.2    15.9   -14.2    15.9   -14.2    15.9   -14.2    15.9   -14.2
  9008    15.8   -19.5    15.8   -19.5    15.8   -19.5    15.8   -19.5    15.8   -19.5
  9012    15.8   -24.9    15.8   -24.9    15.8   -24.9    15.8   -24.9    15.8   -24.9
  9016    15.7   -29.9    15.7   -29.9    15.7   -29.9    15.7   -29.9    15.7   -29.9
  9020    15.6   -35.2    15.6   -35.2    15.6   -35.2    15.6   -35.2    15.6   -35.2
  9023    15.5   -40.5    15.5   -40.5    15.5   -40.5    15.5   -40.5    15.5   -40.5
  9027    15.5   -45.6    15.5   -45.6    15.5   -45.6    15.5   -45.6    15.5   -45.6
  9031    15.4   -50.8    15.4   -50.8    15.4   -50.8    15.4   -50.8    15.4   -50.8
  9035    15.3   -56.1    15.3   -56.1    15.3   -56.1    15.3   -56.1    15.3   -56.1
  9039    15.2   -61.3    15.2   -61.3    15.2   -61.3    15.2   -61.3    15.2   -61.3
  9043    15.1   -66.5    15.1   -66.5    15.1   -66.5    15.1   -66.5    15.1   -66.5
  9047    15.0   -71.5    15.0   -71.5    15.0   -71.5    15.0   -71.5    15.0   -71.5
  9051    14.9   -76.8    14.9   -76.8    14.9   -76.8    14.9   -76.8    14.9   -76.8
  9055    14.9   -82.0    14.9   -82.0    14.9   -82.0    14.9   -82.0    14.9   -82.0
  9059    14.8   -87.0    14.8   -87.0    14.8   -87.0    14.8   -87.0    14.8   -87.0
  9063    14.7   -92.2    14.7   -92.2    14.7   -92.2    14.7   -92.2    14.7   -92.2
  9066    14.6   -97.3    14.6   -97.3    14.6   -97.3    14.6   -97.3    14.6   -97.3
  9070    14.5  -102.4    14.5  -102.4    14.5  -102.4    14.5  -102.4    14.5  -102.4
  9074    14.4  -107.6    14.4  -107.6    14.4  -107.6    14.4  -107.6    14.4  -107.6
  9078    14.3  -112.6    14.3  -112.6    14.3  -112.6    14.3  -112.6    14.3  -112.6
  9082    14.2  -117.9    14.2  -117.9    14.2  -117.9    14.2  -117.9    14.2  -117.9
  9086    14.1  -122.9    14.1  -122.9    14.1  -122.9    14.1  -122.9    14.1  -122.9
  9090    14.0  -127.9    14.0  -127.9    14.0  -127.9    14.0  -127.9    14.0  -127.9
  9094    13.9  -133.1    13.9  -133.1    13.9  -133.1    13.9  -133.1    13.9  -133.1
  9098    13.8  -138.1    13.8  -138.1    13.8  -138.1    13.8  -138.1    13.8  -138.1
  9102    13.7  -143.1    13.7  -143.1    13.7  -143.1    13.7  -143.1    13.7  -143.1
  9105    13.6  -148.3    13.6  -148.3    13.6  -148.3    13.6  -148.3    13.6  -148.3
  9109    13.5  -153.3    13.5  -153.3    13.5  -153.3    13.5  -153.3    13.5  -153.3
  9113    13.4  -158.3    13.4  -158.3    13.4  -158.3    13.4  -158.3    13.4  -158.3
  9117    13.3  -163.3    13.3  -163.3    13.3  -163.3    13.3  -163.3    13.3  -163.3
  9121    13.2  -168.4    13.2  -168.4    13.2  -168.4    13.2  -168.4    13.2  -168.4
  9125    13.1  -173.4    13.1  -173.4    13.1  -173.4    13.1  -173.4    13.1  -173.4
  9129    13.0  -178.3    13.0  -178.3    13.0  -178.3    13.0  -178.3    13.0  -178.3
  9133    12.9   176.5    12.9   176.5    12.9   176.5    12.9   176.5    12.9   176.5
  9137    12.8   171.5    12.8   171.5    12.8   171.5    12.8   171.5    12.8   171.5
  9141    12.7   166.7    12.7   166.7    12.7   166.7    12.7   166.7    12.7   166.7
  9145    12.6   161.6    12.6   161.6    12.6   161.6    12.6   161.6    12.6   161.6
  9148    12.5   156.5    12.5   156.5    12.5   156.5    12.5   156.5    12.5   156.5
  9152    12.4   151.7    12.4   151.7    12.4   151.7    12.4   151.7    12.4   151.7
  9156    12.3   146.7    12.3   146.7    12.3   146.7    12.3   146.7    12.3   146.7
  9160    12.2   141.7    12.2   141.7    12.2   141.7    12.2   141.7    12.2   141.7
  9164    12.1   136.7    12.1   136.7    12.1   136.7    12.1   136.7    12.1   136.7
  9168    12.0   131.8    12.0   131.8    12.0   131.8    12.0   131.8    12.0   131.8
  9172    11.8   126.9    11.8   126.9    11.8   126.9    11.8   126.9    11.8   126.9
  9176    11.7   121.8    11.7   121.8    11.7   121.8    11.7   121.8    11.7   121.8
  9180    11.6   116.9    11.6   116.9    11.6   116.9    11.6   116.9    11.6   116.9
  9184    11.5   112.1    11.5   112.1    11.5   112.1    11.5   112.1    11.5   112.1
  9188    11.4   106.9    11.4   106.9    11.4   106.9    11.4   106.9    11.4   106.9
  9191    11.3   102.2    11.3   102.2    11.3   102.2    11.3   102.2    11.3   102.2
  9195    11.2    97.2    11.2    97.2    11.2    97.2    11.2    97.2    11.2    97.2
  9199    11.1    92.3    11.1    92.3    11.1    92.3    11.1    92.3    11.1    92.3
  9203    11.0    87.4    11.0    87.4    11.0    87.4    11.0    87.4    11.0    87.4
  9207    10.9    82.4    10.9    82.4    10.9    82.4    10.9    82.4    10.9    82.4
  9211    10.7    77.6    10.7    77.6    10.7    77.6    10.7    77.6    10.7    77.6
  9215    10.6    72.7    10.6    72.7    10.6    72.7    10.6    72.7    10.6    72.7
  9219    10.5    67.7    10.5    67.7    10.5    67.7    10.5    67.7    10.5    67.7
  9223    10.4    63.0    10.4    63.0    10.4    63.0    10.4    63.0    10.4    63.0
  9227    10.3    57.9    10.3    57.9    10.3    57.9    10.3    57.9    10.3    57.9
  9230    10.2    53.1    10.2    53.1    10.2    53.1    10.2    53.1    10.2    53.1
  9234    10.1    48.3    10.1    48.3    10.1    48.3    10.1    48.3    10.1    48.3
  9238     9.9    43.5     9.9    43.5     9.9    43.5     9.9    43.5     9.9    43.5
  9242     9.8    38.5     9.8    38.5     9.8    38.5     9.8    38.5     9.8    38.5
  9246     9.7    33.7     9.7    33.7     9.7    33.7     9.7    33.7     9.7    33.7
  9250     9.6    28.9     9.6    28.9     9.6    28.9     9.6    28.9     9.6    28.9
  9254     9.5    24.0     9.5    24.0     9.5    24.0     9.5    24.0     9.5    24.0
  9258     9.3    19.0     9.3    19.0     9.3    19.0     9.3    19.0     9.3    19.0
  9262     9.3    14.4     9.3    14.4     9.3    14.4     9.3    14.4     9.3    14.4
  9266     9.1     9.5     9.1     9.5     9.1     9.5     9.1     9.5     9.1     9.5
  9270     9.0     4.5     9.0     4.5     9.0     4.5     9.0     4.5     9.0     4.5
  9273     8.9    -0.2     8.9    -0.2     8.9    -0.2     8.9    -0.2     8.9    -0.2
  9277     8.8    -5.0     8.8    -5.0     8.8    -5.0     8.8    -5.0     8.8    -5.0
  9281     8.6    -9.9     8.6    -9.9     8.6    -9.9     8.6    -9.9     8.6    -9.9
  9285     8.5   -14.7     8.5   -14.7     8.5   -14.7     8.5   -14.7     8.5   -14.7
  9289     8.4   -19.5     8.4   -19.5     8.4   -19.5     8.4   -19.5     8.4   -19.5
  9293     8.3   -24.3     8.3   -24.3     8.3   -24.3     8.3   -24.3     8.3   -24.3
  9297     8.1   -29.3     8.1   -29.3     8.1   -29.3     8.1   -29.3     8.1   -29.3
  9301     8.1   -34.0     8.1   -34.0     8.1   -34.0     8.1   -34.0     8.1   -34.0
  9305     7.9   -38.8     7.9   -38.8     7.9   -38.8     7.9   -38.8     7.9   -38.8
  9309     7.8   -43.8     7.8   -43.8     7.8   -43.8     7.8   -43.8     7.8   -43.8
  9313     7.7   -48.3     7.7   -48.3     7.7   -48.3     7.7   -48.3     7.7   -48.3
  9316     7.6   -53.2     7.6   -53.2     7.6   -53.2     7.6   -53.2     7.6   -53.2
  9320     7.4   -58.0     7.4   -58.0     7.4   -58.0     7.4   -58.0     7.4   -58.0
  9324     7.3   -62.8     7.3   -62.8     7.3   -62.8     7.3   -62.8     7.3   -62.8
  9328     7.2   -67.6     7.2   -67.6     7.2   -67.6     7.2   -67.6     7.2   -67.6
  9332     7.1   -72.4     7.1   -72.4     7.1   -72.4     7.1   -72.4     7.1   -72.4
  9336     6.9   -77.2     6.9   -77.2     6.9   -77.2     6.9   -77.2     6.9   -77.2
  9340     6.8   -82.0     6.8   -82.0     6.8   -82.0     6.8   -82.0     6.8   -82.0
  9344     6.7   -86.6     6.7   -86.6     6.7   -86.6     6.7   -86.6     6.7   -86.6
  9348     6.5   -91.5     6.5   -91.5     6.5   -91.5     6.5   -91.5     6.5   -91.5
  9352     6.4   -96.4     6.4   -96.4     6.4   -96.4     6.4   -96.4     6.4   -96.4
  9355     6.3  -101.0     6.3  -101.0     6.3  -101.0     6.3  -101.0     6.3  -101.0
  9359     6.2  -105.8     6.2  -105.8     6.2  -105.8     6.2  -105.8     6.2  -105.8
  9363     6.0  -110.5     6.0  -110.5     6.0  -110.5     6.0  -110.5     6.0  -110.5
  9367     5.9  -115.4     5.9  -115.4     5.9  -115.4     5.9  -115.4     5.9  -115.4
  9371     5.8  -120.1     5.8  -120.1     5.8  -120.1     5.8  -120.1     5.8  -120.1
  9375     5.6  -124.8     5.6  -124.8     5.6  -124.8     5.6  -124.8     5.6  -124.8
  9379     5.5  -129.7     5.5  -129.7     5.5  -129.7     5.5  -129.7     5.5  -129.7
  9383     5.4  -134.3     5.4  -134.3     5.4  -134.3     5.4  -134.3     5.4  -134.3
  9387     5.2  -139.0     5.2  -139.0     5.2  -139.0     5.2  -139.0     5.2  -139.0
  9391     5.1  -144.0     5.1  -144.0     5.1  -144.0     5.1  -144.0     5.1  -144.0
  9395     5.0  -148.5     5.0  -148.5     5.0  -148.5     5.0  -148.5     5.0  -148.5
  9398     4.9  -153.4     4.9  -153.4     4.9  -153.4     4.9  -153.4     4.9  -153.4
  9402     4.7  -158.2     4.7  -158.2     4.7  -158.2     4.7  -158.2     4.7  -158.2
  9406     4.6  -162.9     4.6  -162.9     4.6  -162.9     4.6  -162.9     4.6  -162.9
  9410     4.5  -167.7     4.5  -167.7     4.5  -167.7     4.5  -167.7     4.5  -167.7
  9414     4.3  -172.3     4.3  -172.3     4.3  -172.3     4.3  -172.3     4.3  -172.3
  9418     4.2  -177.2     4.2  -177.2     4.2  -177.2     4.2  -177.2     4.2  -177.2
  9422     4.1   178.2     4.1   178.2     4.1   178.2     4.1   178.2     4.1   178.2
  9426     3.9   173.6     3.9   173.6     3.9   173.6     3.9   173.6     3.9   173.6
  9430     3.8   168.6     3.8   168.6     3.8   168.6     3.8   168.6     3.8   168.6
  9434     3.7   164.0     3.7   164.0     3.7   164.0     3.7   164.0     3.7   164.0
  9438     3.5   159.1     3.5   159.1     3.5   159.1     3.5   159.1     3.5   159.1
  9441     3.4   154.4     3.4   154.4     3.4   154.4     3.4   154.4     3.4   154.4
  9445     3.2   149.8     3.2   149.8     3.2   149.8     3.2   149.8     3.2   149.8
  9449     3.1   144.9     3.1   144.9     3.1   144.9     3.1   144.9     3.1   144.9
  9453     2.9   140.3     2.9   140.3     2.9   140.3     2.9   140.3     2.9   140.3
  9457     2.8   135.4     2.8   135.4     2.8   135.4     2.8   135.4     2.8   135.4
  9461     2.7   130.7     2.7   130.7     2.7   130.7     2.7   130.7     2.7   130.7
  9465     2.5   126.0     2.5   126.0     2.5   126.0     2.5   126.0     2.5   126.0
  9469     2.4   121.2     2.4   121.2     2.4   121.2     2.4   121.2     2.4   121.2
  9473     2.3   116.7     2.3   116.7     2.3   116.7     2.3   116.7     2.3   116.7
  9477     2.1   112.0     2.1   112.0     2.1   112.0     2.1   112.0     2.1   112.0
  9480     2.0   107.0     2.0   107.0     2.0   107.0     2.0   107.0     2.0   107.0
  9484     1.8   102.5     1.8   102.5     1.8   102.5     1.8   102.5     1.8   102.5
  9488     1.7    97.5     1.7    97.5     1.7    97.5     1.7    97.5     1.7    97.5
  9492     1.5    93.0     1.5    93.0     1.5    93.0     1.5    93.0     1.5    93.0
  9496     1.4    88.1     1.4    88.1     1.4    88.1     1.4    88.1     1.4    88.1
  9500     1.3    83.5     1.3    83.5     1.3    83.5     1.3    83.5     1.3    83.5
  9504     1.1    78.8     1.1    78.8     1.1    78.8     1.1    78.8     1.1    78.8
  9508     0.9    73.9     0.9    73.9     0.9    73.9     0.9    73.9     0.9    73.9
  9512     0.8    68.8     0.8    68.8     0.8    68.8     0.8    68.8     0.8    68.8
  9516     0.7    64.4     0.7    64.4     0.7    64.4     0.7    64.4     0.7    64.4
  9520     0.5    59.6     0.5    59.6     0.5    59.6     0.5    59.6     0.5    59.6
  9523     0.4    54.8     0.4    54.8     0.4    54.8     0.4    54.8     0.4    54.8
  9527     0.2    49.8     0.2    49.8     0.2    49.8     0.2    49.8     0.2    49.8
  9531     0.1    45.3     0.1    45.3     0.1    45.3     0.1    45.3     0.1    45.3
  9535    -0.1    40.6    -0.1    40.6    -0.1    40.6    -0.1    40.6    -0.1    40.6
  9539    -0.2    35.6    -0.2    35.6    -0.2    35.6    -0.2    35.6    -0.2    35.6
  9543    -0.4    31.1    -0.4    31.1    -0.4    31.1    -0.4    31.1    -0.4    31.1
  9547    -0.5    25.9    -0.5    25.9    -0.5    25.9    -0.5    25.9    -0.5    25.9
  9551    -0.6    21.3    -0.6    21.3    -0.6    21.3    -0.6    21.3    -0.6    21.3
  9555    -0.8    16.5    -0.8    16.5    -0.8    16.5    -0.8    16.5    -0.8    16.5
  9559    -1.0    11.5    -1.0    11.5    -1.0    11.5    -1.0    11.5    -1.0    11.5
  9563    -1.1     6.9    -1.1     6.9    -1.1     6.9    -1.1     6.9    -1.1     6.9
  9566    -1.3     1.7    -1.3     1.7    -1.3     1.7    -1.3     1.7    -1.3     1.7
  9570    -1.4    -3.2    -1.4    -3.2    -1.4    -3.2    -1.4    -3.2    -1.4    -3.2
  9574    -1.6    -8.2    -1.6    -8.2    -1.6    -8.2    -1.6    -8.2    -1.6    -8.2
  9578    -1.8   -13.3    -1.8   -13.3    -1.8   -13.3    -1.8   -13.3    -1.8   -13.3
  9582    -2.0   -17.8    -2.0   -17.8    -2.0   -17.8    -2.0   -17.8    -2.0   -17.8
  9586    -2.2   -23.3    -2.2   -23.3    -2.2   -23.3    -2.2   -23.3    -2.2   -23.3
  9590    -2.3   -27.8    -2.3   -27.8    -2.3   -27.8    -2.3   -27.8    -2.3   -27.8
  9594    -2.6   -33.1    -2.6   -33.1    -2.6   -33.1    -2.6   -33.1    -2.6   -33.1
  9598    -2.7   -37.4    -2.7   -37.4    -2.7   -37.4    -2.7   -37.4    -2.7   -37.4
  9602    -3.0   -42.2    -3.0   -42.2    -3.0   -42.2    -3.0   -42.2    -3.0   -42.2
  9605    -3.2   -47.2    -3.2   -47.2    -3.2   -47.2    -3.2   -47.2    -3.2   -47.2
  9609    -3.4   -51.7    -3.4   -51.7    -3.4   -51.7    -3.4   -51.7    -3.4   -51.7
  9613    -3.6   -56.4    -3.6   -56.4    -3.6   -56.4    -3.6   -56.4    -3.6   -56.4
  9617    -3.8   -61.3    -3.8   -61.3    -3.8   -61.3    -3.8   -61.3    -3.8   -61.3
  9621    -4.1   -65.7    -4.1   -65.7    -4.1   -65.7    -4.1   -65.7    -4.1   -65.7
  9625    -4.3   -70.7    -4.3   -70.7    -4.3   -70.7    -4.3   -70.7    -4.3   -70.7
  9629    -4.4   -75.1    -4.4   -75.1    -4.4   -75.1    -4.4   -75.1    -4.4   -75.1
  9633    -4.7   -79.2    -4.7   -79.2    -4.7   -79.2    -4.7   -79.2    -4.7   -79.2
  9637    -4.8   -84.0    -4.8   -84.0    -4.8   -84.0    -4.8   -84.0    -4.8   -84.0
  9641    -5.0   -88.6    -5.0   -88.6    -5.0   -88.6    -5.0   -88.6    -5.0   -88.6
  9645    -5.2   -93.6    -5.2   -93.6    -5.2   -93.6    -5.2   -93.6    -5.2   -93.6
  9648    -5.3   -97.8    -5.3   -97.8    -5.3   -97.8    -5.3   -97.8    -5.3   -97.8
  9652    -5.5  -102.8    -5.5  -102.8    -5.5  -102.8    -5.5  -102.8    -5.5  -102.8
  9656    -5.7  -107.4    -5.7  -107.4    -5.7  -107.4    -5.7  -107.4    -5.7  -107.4
  9660    -5.8  -112.2    -5.8  -112.2    -5.8  -112.2    -5.8  -112.2    -5.8  -112.2
  9664    -6.0  -117.3    -6.0  -117.3    -6.0  -117.3    -6.0  -117.3    -6.0  -117.3
  9668    -6.2  -121.7    -6.2  -121.7    -6.2  -121.7    -6.2  -121.7    -6.2  -121.7
  9672    -6.4  -126.6    -6.4  -126.6    -6.4  -126.6    -6.4  -126.6    -6.4  -126.6
  9676    -6.6  -131.2    -6.6  -131.2    -6.6  -131.2    -6.6  -131.2    -6.6  -131.2
  9680    -6.8  -136.0    -6.8  -136.0    -6.8  -136.0    -6.8  -136.0    -6.8  -136.0
  9684    -6.9  -140.9    -6.9  -140.9    -6.9  -140.9    -6.9  -140.9    -6.9  -140.9
  9688    -7.1  -145.5    -7.1  -145.5    -7.1  -145.5    -7.1  -145.5    -7.1  -145.5
  9691    -7.3  -150.2    -7.3  -150.2    -7.3  -150.2    -7.3  -150.2    -7.3  -150.2
  9695    -7.4  -155.8    -7.4  -155.8    -7.4  -155.8    -7.4  -155.8    -7.4  -155.8
  9699    -7.6  -160.4    -7.6  -160.4    -7.6  -160.4    -7.6  -160.4    -7.6  -160.4
  9703    -7.8  -165.3    -7.8  -165.3    -7.8  -165.3    -7.8  -165.3    -7.8  -165.3
  9707    -7.9  -170.1    -7.9  -170.1    -7.9  -170.1    -7.9  -170.1    -7.9  -170.1
  9711    -8.2  -175.1    -8.2  -175.1    -8.2  -175.1    -8.2  -175.1    -8.2  -175.1
  9715    -8.3   179.7    -8.3   179.7    -8.3   179.7    -8.3   179.7    -8.3   179.7
  9719    -8.5   174.6    -8.5   174.6    -8.5   174.6    -8.5   174.6    -8.5   174.6
  9723    -8.7   169.9    -8.7   169.9    -8.7   169.9    -8.7   169.9    -8.7   169.9
  9727    -8.8   165.5    -8.8   165.5    -8.8   165.5    -8.8   165.5    -8.8   165.5
  9730    -9.1   159.9    -9.1   159.9    -9.1   159.9    -9.1   159.9    -9.1   159.9
  9734    -9.3   154.9    -9.3   154.9    -9.3   154.9    -9.3   154.9    -9.3   154.9
  9738    -9.5   150.3    -9.5   150.3    -9.5   150.3    -9.5   150.3    -9.5   150.3
  9742    -9.7   144.4    -9.7   144.4    -9.7   144.4    -9.7   144.4    -9.7   144.4
  9746    -9.8   139.3    -9.8   139.3    -9.8   139.3    -9.8   139.3    -9.8   139.3
  9750   -10.0   134.7   -10.0   134.7   -10.0   134.7   -10.0   134.7   -10.0   134.7
  9754   -10.2   130.0   -10.2   130.0   -10.2   130.0   -10.2   130.0   -10.2   130.0
  9758   -10.5   123.8   -10.5   123.8   -10.5   123.8   -10.5   123.8   -10.5   123.8
  9762   -10.7   118.8   -10.7   118.8   -10.7   118.8   -10.7   118.8   -10.7   118.8
  9766   -10.9   113.6   -10.9   113.6   -10.9   113.6   -10.9   113.6   -10.9   113.6
  9770   -11.0   108.0   -11.0   108.0   -11.0   108.0   -11.0   108.0   -11.0   108.0
  9773   -11.1   103.2   -11.1   103.2   -11.1   103.2   -11.1   103.2   -11.1   103.2
  9777   -11.4    98.0   -11.4    98.0   -11.4    98.0   -11.4    98.0   -11.4    98.0
  9781   -11.4    91.9   -11.4    91.9   -11.4    91.9   -11.4    91.9   -11.4    91.9
  9785   -11.7    87.3   -11.7    87.3   -11.7    87.3   -11.7    87.3   -11.7    87.3
  9789   -11.9    81.1   -11.9    81.1   -11.9    81.1   -11.9    81.1   -11.9    81.1
  9793   -12.1    75.8   -12.1    75.8   -12.1    75.8   -12.1    75.8   -12.1    75.8
  9797   -12.2    70.8   -12.2    70.8   -12.2    70.8   -12.2    70.8   -12.2    70.8
  9801   -12.3    64.8   -12.3    64.8   -12.3    64.8   -12.3    64.8   -12.3    64.8
  9805   -12.7    60.2   -12.7    60.2   -12.7    60.2   -12.7    60.2   -12.7    60.2
  9809   -12.8    54.4   -12.8    54.4   -12.8    54.4   -12.8    54.4   -12.8    54.4
  9813   -13.0    48.2   -13.0    48.2   -13.0    48.2   -13.0    48.2   -13.0    48.2
  9816   -13.2    43.2   -13.2    43.2   -13.2    43.2   -13.2    43.2   -13.2    43.2
  9820   -13.3    37.2   -13.3    37.2   -13.3    37.2   -13.3    37.2   -13.3    37.2
  9824   -13.5    33.0   -13.5    33.0   -13.5    33.0   -13.5    33.0   -13.5    33.0
  9828   -13.5    26.5   -13.5    26.5   -13.5    26.5   -13.5    26.5   -13.5    26.5
  9832   -13.9    20.9   -13.9    20.9   -13.9    20.9   -13.9    20.9   -13.9    20.9
  9836   -14.0    14.8   -14.0    14.8   -14.0    14.8   -14.0    14.8   -14.0    14.8
  9840   -14.1     9.5   -14.1     9.5   -14.1     9.5   -14.1     9.5   -14.1     9.5
  9844   -14.3     4.1   -14.3     4.1   -14.3     4.1   -14.3     4.1   -14.3     4.1
  9848   -14.5    -2.9   -14.5    -2.9   -14.5    -2.9   -14.5    -2.9   -14.5    -2.9
  9852   -14.5    -7.4   -14.5    -7.4   -14.5    -7.4   -14.5    -7.4   -14.5    -7.4
  9855   -14.7   -13.5   -14.7   -13.5   -14.7   -13.5   -14.7   -13.5   -14.7   -13.5
  9859   -14.9   -20.0   -14.9   -20.0   -14.9   -20.0   -14.9   -20.0   -14.9   -20.0
  9863   -14.9   -25.2   -14.9   -25.2   -14.9   -25.2   -14.9   -25.2   -14.9   -25.2
  9867   -15.1   -31.3   -15.1   -31.3   -15.1   -31.3   -15.1   -31.3   -15.1   -31.3
  9871   -15.2   -37.7   -15.2   -37.7   -15.2   -37.7   -15.2   -37.7   -15.2   -37.7
  9875   -15.4   -43.8   -15.4   -43.8   -15.4   -43.8   -15.4   -43.8   -15.4   -43.8
  9879   -15.4   -49.0   -15.4   -49.0   -15.4   -49.0   -15.4   -49.0   -15.4   -49.0
  9883   -15.4   -55.2   -15.4   -55.2   -15.4   -55.2   -15.4   -55.2   -15.4   -55.2
  9887   -15.6   -62.4   -15.6   -62.4   -15.6   -62.4   -15.6   -62.4   -15.6   -62.4
  9891   -15.6   -66.8   -15.6   -66.8   -15.6   -66.8   -15.6   -66.8   -15.6   -66.8
  9895   -15.7   -73.3   -15.7   -73.3   -15.7   -73.3   -15.7   -73.3   -15.7   -73.3
  9898   -15.8   -78.3   -15.8   -78.3   -15.8   -78.3   -15.8   -78.3   -15.8   -78.3
  9902   -15.9   -85.5   -15.9   -85.5   -15.9   -85.5   -15.9   -85.5   -15.9   -85.5
  9906   -15.8   -90.5   -15.8   -90.5   -15.8   -90.5   -15.8   -90.5   -15.8   -90.5
  9910   -15.9   -95.4   -15.9   -95.4   -15.9   -95.4   -15.9   -95.4   -15.9   -95.4
  9914   -15.7  -103.3   -15.7  -103.3   -15.7  -103.3   -15.7  -103.3   -15.7  -103.3
  9918   -15.7  -108.2   -15.7  -108.2   -15.7  -108.2   -15.7  -108.2   -15.7  -108.2
  9922   -16.0  -113.9   -16.0  -113.9   -16.0  -113.9   -16.0  -113.9   -16.0  -113.9
  9926   -15.8  -119.5   -15.8  -119.5   -15.8  -119.5   -15.8  -119.5   -15.8  -119.5
  9930   -16.1  -125.8   -16.1  -125.8   -16.1  -125.8   -16.1  -125.8   -16.1  -125.8
  9934   -16.0  -131.8   -16.0  -131.8   -16.0  -131.8   -16.0  -131.8   -16.0  -131.8
  9938   -15.8  -136.8   -15.8  -136.8   -15.8  -136.8   -15.8  -136.8   -15.8  -136.8
  9941   -16.1  -143.3   -16.1  -143.3   -16.1  -143.3   -16.1  -143.3   -16.1  -143.3
  9945   -15.9  -150.1   -15.9  -150.1   -15.9  -150.1   -15.9  -150.1   -15.9  -150.1
  9949   -16.1  -153.4   -16.1  -153.4   -16.1  -153.4   -16.1  -153.4   -16.1  -153.4
  9953   -15.7  -159.9   -15.7  -159.9   -15.7  -159.9   -15.7  -159.9   -15.7  -159.9
  9957   -15.8  -166.9   -15.8  -166.9   -15.8  -166.9   -15.8  -166.9   -15.8  -166.9
  9961   -15.7  -171.5   -15.7  -171.5   -15.7  -171.5   -15.7  -171.5   -15.7  -171.5
  9965   -15.8  -178.2   -15.8  -178.2   -15.8  -178.2   -15.8  -178.2   -15.8  -178.2
  9969   -15.6   177.3   -15.6   177.3   -15.6   177.3   -15.6   177.3   -15.6   177.3
  9973   -15.8   171.9   -15.8   171.9   -15.8   171.9   -15.8   171.9   -15.8   171.9
  9977   -15.6   166.9   -15.6   166.9   -15.6   166.9   -15.6   166.9   -15.6   166.9
  9980   -15.7   161.2   -15.7   161.2   -15.7   161.2   -15.7   161.2   -15.7   161.2
  9984   -15.5   156.3   -15.5   156.3   -15.5   156.3   -15.5   156.3   -15.5   156.3
  9988   -15.4   149.8   -15.4   149.8   -15.4   149.8   -15.4   149.8   -15.4   149.8
  9992   -15.5   146.5   -15.5   146.5   -15.5   146.5   -15.5   146.5   -15.5   146.5
  9996   -15.4   139.0   -15.4   139.0   -15.4   139.0   -15.4   139.0   -15.4   139.0
 10000   -15.4   135.4   -15.4   135.4   -15.4   135.4   -15.4   135.4   -15.4   135.4
 10004   -15.4   129.0   -15.4   129.0   -15.4   129.0   -15.4   129.0   -15.4   129.0
 10008   -15.2   122.9   -15.2   122.9   -15.2   122.9   -15.2   122.9   -15.2   122.9
 10012   -15.1   119.1   -15.1   119.1   -15.1   119.1   -15.1   119.1   -15.1   119.1
 10016   -15.1   112.8   -15.1   112.8   -15.1   112.8   -15.1   112.8   -15.1   112.8
 10020   -15.0   108.2   -15.0   108.2   -15.0   108.2   -15.0   108.2   -15.0   108.2
 10023   -15.1   102.5   -15.1   102.5   -15.1   102.5   -15.1   102.5   -15.1   102.5
 10027   -15.0    97.9   -15.0    97.9   -15.0    97.9   -15.0    97.9   -15.0    97.9
 10031   -15.1    94.5   -15.1    94.5   -15.1    94.5   -15.1    94.5   -15.1    94.5
 10035   -14.6    88.7   -14.6    88.7   -14.6    88.7   -14.6    88.7   -14.6    88.7
 10039   -14.7    82.6   -14.7    82.6   -14.7    82.6   -14.7    82.6   -14.7    82.6
 10043   -14.6    77.3   -14.6    77.3   -14.6    77.3   -14.6    77.3   -14.6    77.3
 10047   -14.6    72.8   -14.6    72.8   -14.6    72.8   -14.6    72.8   -14.6    72.8
 10051   -14.5    68.2   -14.5    68.2   -14.5    68.2   -14.5    68.2   -14.5    68.2
 10055   -14.6    63.3   -14.6    63.3   -14.6    63.3   -14.6    63.3   -14.6    63.3
 10059   -14.3    58.1   -14.3    58.1   -14.3    58.1   -14.3    58.1   -14.3    58.1
 10063   -14.3    53.1   -14.3    53.1   -14.3    53.1   -14.3    53.1   -14.3    53.1
 10066   -14.4    48.4   -14.4    48.4   -14.4    48.4   -14.4    48.4   -14.4    48.4
 10070   -14.3    44.2   -14.3    44.2   -14.3    44.2   -14.3    44.2   -14.3    44.2
 10074   -14.3    39.2   -14.3    39.2   -14.3    39.2   -14.3    39.2   -14.3    39.2
 10078   -14.0    34.5   -14.0    34.5   -14.0    34.5   -14.0    34.5   -14.0    34.5
 10082   -14.1    29.7   -14.1    29.7   -14.1    29.7   -14.1    29.7   -14.1    29.7
 10086   -14.0    25.1   -14.0    25.1   -14.0    25.1   -14.0    25.1   -14.0    25.1
 10090   -14.0    19.2   -14.0    19.2   -14.0    19.2   -14.0    19.2   -14.0    19.2
 10094   -14.0    15.1   -14.0    15.1   -14.0    15.1   -14.0    15.1   -14.0    15.1
 10098   -13.8    11.3   -13.8    11.3   -13.8    11.3   -13.8    11.3   -13.8    11.3
 10102   -13.8     5.9   -13.8     5.9   -13.8     5.9   -13.8     5.9   -13.8     5.9
 10105   -13.7    -0.1   -13.7    -0.1   -13.7    -0.1   -13.7    -0.1   -13.7    -0.1
 10109   -13.7    -3.1   -13.7    -3.1   -13.7    -3.1   -13.7    -3.1   -13.7    -3.1
 10113   -13.6    -7.5   -13.6    -7.5   -13.6    -7.5   -13.6    -7.5   -13.6    -7.5
 10117   -13.6   -12.9   -13.6   -12.9   -13.6   -12.9   -13.6   -12.9   -13.6   -12.9
 10121   -13.6   -18.1   -13.6   -18.1   -13.6   -18.1   -13.6   -18.1   -13.6   -18.1
 10125   -13.5   -22.7   -13.5   -22.7   -13.5   -22.7   -13.5   -22.7   -13.5   -22.7
 10129   -13.5   -27.4   -13.5   -27.4   -13.5   -27.4   -13.5   -27.4   -13.5   -27.4
 10133   -13.4   -31.4   -13.4   -31.4   -13.4   -31.4   -13.4   -31.4   -13.4   -31.4
 10137   -13.4   -37.4   -13.4   -37.4   -13.4   -37.4   -13.4   -37.4   -13.4   -37.4
 10141   -13.4   -41.2   -13.4   -41.2   -13.4   -41.2   -13.4   -41.2   -13.4   -41.2
 10145   -13.2   -45.7   -13.2   -45.7   -13.2   -45.7   -13.2   -45.7   -13.2   -45.7
 10148   -13.2   -48.5   -13.2   -48.5   -13.2   -48.5   -13.2   -48.5   -13.2   -48.5
 10152   -13.3   -54.9   -13.3   -54.9   -13.3   -54.9   -13.3   -54.9   -13.3   -54.9
 10156   -13.1   -59.4   -13.1   -59.4   -13.1   -59.4   -13.1   -59.4   -13.1   -59.4
 10160   -13.1   -63.6   -13.1   -63.6   -13.1   -63.6   -13.1   -63.6   -13.1   -63.6
 10164   -13.0   -68.5   -13.0   -68.5   -13.0   -68.5   -13.0   -68.5   -13.0   -68.5
 10168   -13.1   -72.6   -13.1   -72.6   -13.1   -72.6   -13.1   -72.6   -13.1   -72.6
 10172   -12.9   -77.3   -12.9   -77.3   -12.9   -77.3   -12.9   -77.3   -12.9   -77.3
 10176   -12.9   -81.6   -12.9   -81.6   -12.9   -81.6   -12.9   -81.6   -12.9   -81.6
 10180   -12.9   -85.7   -12.9   -85.7   -12.9   -85.7   -12.9   -85.7   -12.9   -85.7
 10184   -12.9   -90.6   -12.9   -90.6   -12.9   -90.6   -12.9   -90.6   -12.9   -90.6
 10188   -12.9   -94.8   -12.9   -94.8   -12.9   -94.8   -12.9   -94.8   -12.9   -94.8
 10191   -12.7   -99.4   -12.7   -99.4   -12.7   -99.4   -12.7   -99.4   -12.7   -99.4
 10195   -12.7  -103.2   -12.7  -103.2   -12.7  -103.2   -12.7  -103.2   -12.7  -103.2
 10199   -12.7  -108.1   -12.7  -108.1   -12.7  -108.1   -12.7  -108.1   -12.7  -108.1
 10203   -12.7  -112.4   -12.7  -112.4   -12.7  -112.4   -12.7  -112.4   -12.7  -112.4
 10207   -12.8  -117.6   -12.8  -117.6   -12.8  -117.6   -12.8  -117.6   -12.8  -117.6
 10211   -12.8  -122.8   -12.8  -122.8   -12.8  -122.8   -12.8  -122.8   -12.8  -122.8
 10215   -12.6  -126.9   -12.6  -126.9   -12.6  -126.9   -12.6  -126.9   -12.6  -126.9
 10219   -12.8  -130.8   -12.8  -130.8   -12.8  -130.8   -12.8  -130.8   -12.8  -130.8
 10223   -12.6  -134.8   -12.6  -134.8   -12.6  -134.8   -12.6  -134.8   -12.6  -134.8
 10227   -12.6  -140.0   -12.6  -140.0   -12.6  -140.0   -12.6  -140.0   -12.6  -140.0
 10230   -12.6  -143.9   -12.6  -143.9   -12.6  -143.9   -12.6  -143.9   -12.6  -143.9
 10234   -12.5  -148.7   -12.5  -148.7   -12.5  -148.7   -12.5  -148.7   -12.5  -148.7
 10238   -12.6  -154.1   -12.6  -154.1   -12.6  -154.1   -12.6  -154.1   -12.6  -154.1
 10242   -12.4  -157.0   -12.4  -157.0   -12.4  -157.0   -12.4  -157.0   -12.4  -157.0
 10246   -12.4  -161.8   -12.4  -161.8   -12.4  -161.8   -12.4  -161.8   -12.4  -161.8
 10250   -12.4  -166.0   -12.4  -166.0   -12.4  -166.0   -12.4  -166.0   -12.4  -166.0
 10254   -12.4  -170.6   -12.4  -170.6   -12.4  -170.6   -12.4  -170.6   -12.4  -170.6
 10258   -12.5  -175.2   -12.5  -175.2   -12.5  -175.2   -12.5  -175.2   -12.5  -175.2
 10262   -12.4  -179.5   -12.4  -179.5   -12.4  -179.5   -12.4  -179.5   -12.4  -179.5
 10266   -12.3   175.9   -12.3   175.9   -12.3   175.9   -12.3   175.9   -12.3   175.9
 10270   -12.2   171.7   -12.2   171.7   -12.2   171.7   -12.2   171.7   -12.2   171.7
 10273   -12.3   167.4   -12.3   167.4   -12.3   167.4   -12.3   167.4   -12.3   167.4
 10277   -12.3   164.1   -12.3   164.1   -12.3   164.1   -12.3   164.1   -12.3   164.1
 10281   -12.2   159.1   -12.2   159.1   -12.2   159.1   -12.2   159.1   -12.2   159.1
 10285   -12.2   154.3   -12.2   154.3   -12.2   154.3   -12.2   154.3   -12.2   154.3
 10289   -12.2   150.4   -12.2   150.4   -12.2   150.4   -12.2   150.4   -12.2   150.4
 10293   -12.3   146.3   -12.3   146.3   -12.3   146.3   -12.3   146.3   -12.3   146.3
 10297   -12.2   140.7   -12.2   140.7   -12.2   140.7   -12.2   140.7   -12.2   140.7
 10301   -12.2   138.0   -12.2   138.0   -12.2   138.0   -12.2   138.0   -12.2   138.0
 10305   -12.1   134.0   -12.1   134.0   -12.1   134.0   -12.1   134.0   -12.1   134.0
 10309   -12.1   128.0   -12.1   128.0   -12.1   128.0   -12.1   128.0   -12.1   128.0
 10313   -12.1   124.6   -12.1   124.6   -12.1   124.6   -12.1   124.6   -12.1   124.6
 10316   -12.1   119.8   -12.1   119.8   -12.1   119.8   -12.1   119.8   -12.1   119.8
 10320   -12.0   116.0   -12.0   116.0   -12.0   116.0   -12.0   116.0   -12.0   116.0
 10324   -12.0   111.0   -12.0   111.0   -12.0   111.0   -12.0   111.0   -12.0   111.0
 10328   -12.0   107.3   -12.0   107.3   -12.0   107.3   -12.0   107.3   -12.0   107.3
 10332   -12.1   103.0   -12.1   103.0   -12.1   103.0   -12.1   103.0   -12.1   103.0
 10336   -12.0    98.7   -12.0    98.7   -12.0    98.7   -12.0    98.7   -12.0    98.7
 10340   -12.1    94.2   -12.1    94.2   -12.1    94.2   -12.1    94.2   -12.1    94.2
 10344   -11.9    90.1   -11.9    90.1   -11.9    90.1   -11.9    90.1   -11.9    90.1
 10348   -12.0    84.9   -12.0    84.9   -12.0    84.9   -12.0    84.9   -12.0    84.9
 10352   -11.9    81.2   -11.9    81.2   -11.9    81.2   -11.9    81.2   -11.9    81.2
 10355   -11.8    76.8   -11.8    76.8   -11.8    76.8   -11.8    76.8   -11.8    76.8
 10359   -11.9    73.2   -11.9    73.2   -11.9    73.2   -11.9    73.2   -11.9    73.2
 10363   -11.8    68.4   -11.8    68.4   -11.8    68.4   -11.8    68.4   -11.8    68.4
 10367   -11.9    63.5   -11.9    63.5   -11.9    63.5   -11.9    63.5   -11.9    63.5
 10371   -11.8    59.3   -11.8    59.3   -11.8    59.3   -11.8    59.3   -11.8    59.3
 10375   -11.9    55.2   -11.9    55.2   -11.9    55.2   -11.9    55.2   -11.9    55.2
 10379   -11.8    51.3   -11.8    51.3   -11.8    51.3   -11.8    51.3   -11.8    51.3
 10383   -11.9    47.5   -11.9    47.5   -11.9    47.5   -11.9    47.5   -11.9    47.5
 10387   -11.8    42.5   -11.8    42.5   -11.8    42.5   -11.8    42.5   -11.8    42.5
 10391   -11.8    38.0   -11.8    38.0   -11.8    38.0   -11.8    38.0   -11.8    38.0
 10395   -11.8    33.4   -11.8    33.4   -11.8    33.4   -11.8    33.4   -11.8    33.4
 10398   -11.8    30.8   -11.8    30.8   -11.8    30.8   -11.8    30.8   -11.8    30.8
 10402   -11.8    25.9   -11.8    25.9   -11.8    25.9   -11.8    25.9   -11.8    25.9
 10406   -11.7    21.6   -11.7    21.6   -11.7    21.6   -11.7    21.6   -11.7    21.6
 10410   -11.8    17.5   -11.8    17.5   -11.8    17.5   -11.8    17.5   -11.8    17.5
 10414   -11.7    12.1   -11.7    12.1   -11.7    12.1   -11.7    12.1   -11.7    12.1
 10418   -11.8     7.8   -11.8     7.8   -11.8     7.8   -11.8     7.8   -11.8     7.8
 10422   -11.8     5.1   -11.8     5.1   -11.8     5.1   -11.8     5.1   -11.8     5.1
 10426   -11.8    -0.1   -11.8    -0.1   -11.8    -0.1   -11.8    -0.1   -11.8    -0.1
 10430   -11.7    -4.2   -11.7    -4.2   -11.7    -4.2   -11.7    -4.2   -11.7    -4.2
 10434   -11.7    -8.1   -11.7    -8.1   -11.7    -8.1   -11.7    -8.1   -11.7    -8.1
 10438   -11.7   -12.8   -11.7   -12.8   -11.7   -12.8   -11.7   -12.8   -11.7   -12.8
 10441   -11.8   -16.9   -11.8   -16.9   -11.8   -16.9   -11.8   -16.9   -11.8   -16.9
 10445   -11.7   -20.8   -11.7   -20.8   -11.7   -20.8   -11.7   -20.8   -11.7   -20.8
 10449   -11.7   -25.6   -11.7   -25.6   -11.7   -25.6   -11.7   -25.6   -11.7   -25.6
 10453   -11.7   -29.7   -11.7   -29.7   -11.7   -29.7   -11.7   -29.7   -11.7   -29.7
 10457   -11.6   -33.5   -11.6   -33.5   -11.6   -33.5   -11.6   -33.5   -11.6   -33.5
 10461   -11.7   -37.4   -11.7   -37.4   -11.7   -37.4   -11.7   -37.4   -11.7   -37.4
 10465   -11.7   -42.5   -11.7   -42.5   -11.7   -42.5   -11.7   -42.5   -11.7   -42.5
 10469   -11.8   -46.4   -11.8   -46.4   -11.8   -46.4   -11.8   -46.4   -11.8   -46.4
 10473   -11.8   -50.8   -11.8   -50.8   -11.8   -50.8   -11.8   -50.8   -11.8   -50.8
 10477   -11.7   -55.5   -11.7   -55.5   -11.7   -55.5   -11.7   -55.5   -11.7   -55.5
 10480   -11.7   -59.6   -11.7   -59.6   -11.7   -59.6   -11.7   -59.6   -11.7   -59.6
 10484   -11.7   -64.2   -11.7   -64.2   -11.7   -64.2   -11.7   -64.2   -11.7   -64.2
 10488   -11.7   -67.5   -11.7   -67.5   -11.7   -67.5   -11.7   -67.5   -11.7   -67.5
 10492   -11.7   -71.4   -11.7   -71.4   -11.7   -71.4   -11.7   -71.4   -11.7   -71.4
 10496   -11.7   -75.6   -11.7   -75.6   -11.7   -75.6   -11.7   -75.6   -11.7   -75.6
 10500   -11.6   -81.1   -11.6   -81.1   -11.6   -81.1   -11.6   -81.1   -11.6   -81.1
 10504   -11.7   -84.7   -11.7   -84.7   -11.7   -84.7   -11.7   -84.7   -11.7   -84.7
 10508   -11.8   -88.9   -11.8   -88.9   -11.8   -88.9   -11.8   -88.9   -11.8   -88.9
 10512   -11.7   -93.0   -11.7   -93.0   -11.7   -93.0   -11.7   -93.0   -11.7   -93.0
 10516   -11.7   -97.1   -11.7   -97.1   -11.7   -97.1   -11.7   -97.1   -11.7   -97.1
 10520   -11.6  -101.6   -11.6  -101.6   -11.6  -101.6   -11.6  -101.6   -11.6  -101.6
 10523   -11.7  -106.8   -11.7  -106.8   -11.7  -106.8   -11.7  -106.8   -11.7  -106.8
 10527   -11.7  -109.7   -11.7  -109.7   -11.7  -109.7   -11.7  -109.7   -11.7  -109.7
 10531   -11.7  -113.9   -11.7  -113.9   -11.7  -113.9   -11.7  -113.9   -11.7  -113.9
 10535   -11.7  -118.8   -11.7  -118.8   -11.7  -118.8   -11.7  -118.8   -11.7  -118.8
 10539   -11.7  -122.9   -11.7  -122.9   -11.7  -122.9   -11.7  -122.9   -11.7  -122.9
 10543   -11.8  -126.7   -11.8  -126.7   -11.8  -126.7   -11.8  -126.7   -11.8  -126.7
 10547   -11.8  -130.8   -11.8  -130.8   -11.8  -130.8   -11.8  -130.8   -11.8  -130.8
 10551   -11.6  -135.2   -11.6  -135.2   -11.6  -135.2   -11.6  -135.2   -11.6  -135.2
 10555   -11.7  -139.5   -11.7  -139.5   -11.7  -139.5   -11.7  -139.5   -11.7  -139.5
 10559   -11.8  -144.0   -11.8  -144.0   -11.8  -144.0   -11.8  -144.0   -11.8  -144.0
 10563   -11.7  -147.6   -11.7  -147.6   -11.7  -147.6   -11.7  -147.6   -11.7  -147.6
 10566   -11.7  -152.1   -11.7  -152.1   -11.7  -152.1   -11.7  -152.1   -11.7  -152.1
 10570   -11.7  -156.6   -11.7  -156.6   -11.7  -156.6   -11.7  -156.6   -11.7  -156.6
 10574   -11.6  -160.3   -11.6  -160.3   -11.6  -160.3   -11.6  -160.3   -11.6  -160.3
 10578   -11.8  -165.0   -11.8  -165.0   -11.8  -165.0   -11.8  -165.0   -11.8  -165.0
 10582   -11.7  -169.5   -11.7  -169.5   -11.7  -169.5   -11.7  -169.5   -11.7  -169.5
 10586   -11.8  -172.8   -11.8  -172.8   -11.8  -172.8   -11.8  -172.8   -11.8  -172.8
 10590   -11.7  -177.9   -11.7  -177.9   -11.7  -177.9   -11.7  -177.9   -11.7  -177.9
 10594   -11.7   178.6   -11.7   178.6   -11.7   178.6   -11.7   178.6   -11.7   178.6
 10598   -11.7   174.4   -11.7   174.4   -11.7   174.4   -11.7   174.4   -11.7   174.4
 10602   -11.8   169.9   -11.8   169.9   -11.8   169.9   -11.8   169.9   -11.8   169.9
 10605   -11.7   166.2   -11.7   166.2   -11.7   166.2   -11.7   166.2   -11.7   166.2
 10609   -11.8   162.0   -11.8   162.0   -11.8   162.0   -11.8   162.0   -11.8   162.0
 10613   -11.7   157.3   -11.7   157.3   -11.7   157.3   -11.7   157.3   -11.7   157.3
 10617   -11.8   153.3   -11.8   153.3   -11.8   153.3   -11.8   153.3   -11.8   153.3
 10621   -11.8   149.2   -11.8   149.2   -11.8   149.2   -11.8   149.2   -11.8   149.2
 10625   -11.9   144.8   -11.9   144.8   -11.9   144.8   -11.9   144.8   -11.9   144.8
 10629   -11.8   140.4   -11.8   140.4   -11.8   140.4   -11.8   140.4   -11.8   140.4
 10633   -11.8   136.8   -11.8   136.8   -11.8   136.8   -11.8   136.8   -11.8   136.8
 10637   -11.8   132.4   -11.8   132.4   -11.8   132.4   -11.8   132.4   -11.8   132.4
 10641   -11.8   127.9   -11.8   127.9   -11.8   127.9   -11.8   127.9   -11.8   127.9
 10645   -11.7   123.9   -11.7   123.9   -11.7   123.9   -11.7   123.9   -11.7   123.9
 10648   -11.8   119.2   -11.8   119.2   -11.8   119.2   -11.8   119.2   -11.8   119.2
 10652   -11.8   115.0   -11.8   115.0   -11.8   115.0   -11.8   115.0   -11.8   115.0
 10656   -11.8   111.1   -11.8   111.1   -11.8   111.1   -11.8   111.1   -11.8   111.1
 10660   -11.9   106.8   -11.9   106.8   -11.9   106.8   -11.9   106.8   -11.9   106.8
 10664   -11.8   102.4   -11.8   102.4   -11.8   102.4   -11.8   102.4   -11.8   102.4
 10668   -11.9    98.5   -11.9    98.5   -11.9    98.5   -11.9    98.5   -11.9    98.5
 10672   -11.9    94.3   -11.9    94.3   -11.9    94.3   -11.9    94.3   -11.9    94.3
 10676   -11.8    90.4   -11.8    90.4   -11.8    90.4   -11.8    90.4   -11.8    90.4
 10680   -11.9    86.1   -11.9    86.1   -11.9    86.1   -11.9    86.1   -11.9    86.1
 10684   -11.9    82.1   -11.9    82.1   -11.9    82.1   -11.9    82.1   -11.9    82.1
 10688   -11.9    78.4   -11.9    78.4   -11.9    78.4   -11.9    78.4   -11.9    78.4
 10691   -11.8    74.2   -11.8    74.2   -11.8    74.2   -11.8    74.2   -11.8    74.2
 10695   -11.9    69.9   -11.9    69.9   -11.9    69.9   -11.9    69.9   -11.9    69.9
 10699   -12.0    65.7   -12.0    65.7   -12.0    65.7   -12.0    65.7   -12.0    65.7
 10703   -11.8    61.2   -11.8    61.2   -11.8    61.2   -11.8    61.2   -11.8    61.2
 10707   -12.0    56.5   -12.0    56.5   -12.0    56.5   -12.0    56.5   -12.0    56.5
 10711   -12.0    52.5   -12.0    52.5   -12.0    52.5   -12.0    52.5   -12.0    52.5
 10715   -12.0    49.0   -12.0    49.0   -12.0    49.0   -12.0    49.0   -12.0    49.0
 10719   -11.9    43.9   -11.9    43.9   -11.9    43.9   -11.9    43.9   -11.9    43.9
 10723   -12.1    40.5   -12.1    40.5   -12.1    40.5   -12.1    40.5   -12.1    40.5
 10727   -11.9    36.4   -11.9    36.4   -11.9    36.4   -11.9    36.4   -11.9    36.4
 10730   -12.1    32.2   -12.1    32.2   -12.1    32.2   -12.1    32.2   -12.1    32.2
 10734   -12.2    27.1   -12.2    27.1   -12.2    27.1   -12.2    27.1   -12.2    27.1
 10738   -12.0    23.6   -12.0    23.6   -12.0    23.6   -12.0    23.6   -12.0    23.6
 10742   -12.1    18.8   -12.1    18.8   -12.1    18.8   -12.1    18.8   -12.1    18.8
 10746   -12.1    15.3   -12.1    15.3   -12.1    15.3   -12.1    15.3   -12.1    15.3
 10750   -12.1    10.9   -12.1    10.9   -12.1    10.9   -12.1    10.9   -12.1    10.9
 10754   -12.1     6.8   -12.1     6.8   -12.1     6.8   -12.1     6.8   -12.1     6.8
 10758   -12.1     2.9   -12.1     2.9   -12.1     2.9   -12.1     2.9   -12.1     2.9
 10762   -12.1    -2.3   -12.1    -2.3   -12.1    -2.3   -12.1    -2.3   -12.1    -2.3
 10766   -12.1    -5.7   -12.1    -5.7   -12.1    -5.7   -12.1    -5.7   -12.1    -5.7
 10770   -12.1    -9.4   -12.1    -9.4   -12.1    -9.4   -12.1    -9.4   -12.1    -9.4
 10773   -12.0   -14.1   -12.0   -14.1   -12.0   -14.1   -12.0   -14.1   -12.0   -14.1
 10777   -12.1   -18.2   -12.1   -18.2   -12.1   -18.2   -12.1   -18.2   -12.1   -18.2
 10781   -12.2   -21.8   -12.2   -21.8   -12.2   -21.8   -12.2   -21.8   -12.2   -21.8
 10785   -12.1   -26.6   -12.1   -26.6   -12.1   -26.6   -12.1   -26.6   -12.1   -26.6
 10789   -12.1   -31.1   -12.1   -31.1   -12.1   -31.1   -12.1   -31.1   -12.1   -31.1
 10793   -12.2   -35.1   -12.2   -35.1   -12.2   -35.1   -12.2   -35.1   -12.2   -35.1
 10797   -12.1   -39.1   -12.1   -39.1   -12.1   -39.1   -12.1   -39.1   -12.1   -39.1
 10801   -12.3   -43.2   -12.3   -43.2   -12.3   -43.2   -12.3   -43.2   -12.3   -43.2
 10805   -12.2   -47.8   -12.2   -47.8   -12.2   -47.8   -12.2   -47.8   -12.2   -47.8
 10809   -12.4   -52.0   -12.4   -52.0   -12.4   -52.0   -12.4   -52.0   -12.4   -52.0
 10813   -12.2   -56.4   -12.2   -56.4   -12.2   -56.4   -12.2   -56.4   -12.2   -56.4
 10816   -12.3   -59.9   -12.3   -59.9   -12.3   -59.9   -12.3   -59.9   -12.3   -59.9
 10820   -12.4   -64.1   -12.4   -64.1   -12.4   -64.1   -12.4   -64.1   -12.4   -64.1
 10824   -12.3   -68.9   -12.3   -68.9   -12.3   -68.9   -12.3   -68.9   -12.3   -68.9
 10828   -12.5   -72.7   -12.5   -72.7   -12.5   -72.7   -12.5   -72.7   -12.5   -72.7
 10832   -12.3   -77.3   -12.3   -77.3   -12.3   -77.3   -12.3   -77.3   -12.3   -77.3
 10836   -12.3   -80.9   -12.3   -80.9   -12.3   -80.9   -12.3   -80.9   -12.3   -80.9
 10840   -12.2   -85.3   -12.2   -85.3   -12.2   -85.3   -12.2   -85.3   -12.2   -85.3
 10844   -12.4   -89.5   -12.4   -89.5   -12.4   -89.5   -12.4   -89.5   -12.4   -89.5
 10848   -12.4   -93.6   -12.4   -93.6   -12.4   -93.6   -12.4   -93.6   -12.4   -93.6
 10852   -12.3   -97.2   -12.3   -97.2   -12.3   -97.2   -12.3   -97.2   -12.3   -97.2
 10855   -12.6  -101.1   -12.6  -101.1   -12.6  -101.1   -12.6  -101.1   -12.6  -101.1
 10859   -12.5  -106.0   -12.5  -106.0   -12.5  -106.0   -12.5  -106.0   -12.5  -106.0
 10863   -12.5  -110.4   -12.5  -110.4   -12.5  -110.4   -12.5  -110.4   -12.5  -110.4
 10867   -12.5  -114.9   -12.5  -114.9   -12.5  -114.9   -12.5  -114.9   -12.5  -114.9
 10871   -12.5  -118.8   -12.5  -118.8   -12.5  -118.8   -12.5  -118.8   -12.5  -118.8
 10875   -12.6  -122.4   -12.6  -122.4   -12.6  -122.4   -12.6  -122.4   -12.6  -122.4
 10879   -12.4  -126.8   -12.4  -126.8   -12.4  -126.8   -12.4  -126.8   -12.4  -126.8
 10883   -12.5  -131.2   -12.5  -131.2   -12.5  -131.2   -12.5  -131.2   -12.5  -131.2
 10887   -12.6  -135.5   -12.6  -135.5   -12.6  -135.5   -12.6  -135.5   -12.6  -135.5
 10891   -12.6  -140.3   -12.6  -140.3   -12.6  -140.3   -12.6  -140.3   -12.6  -140.3
 10895   -12.6  -143.8   -12.6  -143.8   -12.6  -143.8   -12.6  -143.8   -12.6  -143.8
 10898   -12.7  -148.0   -12.7  -148.0   -12.7  -148.0   -12.7  -148.0   -12.7  -148.0
 10902   -12.7  -152.2   -12.7  -152.2   -12.7  -152.2   -12.7  -152.2   -12.7  -152.2
 10906   -12.7  -156.6   -12.7  -156.6   -12.7  -156.6   -12.7  -156.6   -12.7  -156.6
 10910   -12.7  -160.9   -12.7  -160.9   -12.7  -160.9   -12.7  -160.9   -12.7  -160.9
 10914   -12.7  -164.7   -12.7  -164.7   -12.7  -164.7   -12.7  -164.7   -12.7  -164.7
 10918   -12.6  -169.2   -12.6  -169.2   -12.6  -169.2   -12.6  -169.2   -12.6  -169.2
 10922   -12.7  -173.0   -12.7  -173.0   -12.7  -173.0   -12.7  -173.0   -12.7  -173.0
 10926   -12.7  -176.9   -12.7  -176.9   -12.7  -176.9   -12.7  -176.9   -12.7  -176.9
 10930   -12.8   178.0   -12.8   178.0   -12.8   178.0   -12.8   178.0   -12.8   178.0
 10934   -12.8   175.0   -12.8   175.0   -12.8   175.0   -12.8   175.0   -12.8   175.0
 10938   -12.8   170.5   -12.8   170.5   -12.8   170.5   -12.8   170.5   -12.8   170.5
 10941   -13.0   166.7   -13.0   166.7   -13.0   166.7   -13.0   166.7   -13.0   166.7
 10945   -12.9   161.2   -12.9   161.2   -12.9   161.2   -12.9   161.2   -12.9   161.2
 10949   -12.9   157.6   -12.9   157.6   -12.9   157.6   -12.9   157.6   -12.9   157.6
 10953   -12.9   152.6   -12.9   152.6   -12.9   152.6   -12.9   152.6   -12.9   152.6
 10957   -13.0   149.2   -13.0   149.2   -13.0   149.2   -13.0   149.2   -13.0   149.2
 10961   -12.9   145.0   -12.9   145.0   -12.9   145.0   -12.9   145.0   -12.9   145.0
 10965   -13.0   140.9   -13.0   140.9   -13.0   140.9   -13.0   140.9   -13.0   140.9
 10969   -13.0   136.4   -13.0   136.4   -13.0   136.4   -13.0   136.4   -13.0   136.4
 10973   -13.0   131.8   -13.0   131.8   -13.0   131.8   -13.0   131.8   -13.0   131.8
 10977   -13.1   127.8   -13.1   127.8   -13.1   127.8   -13.1   127.8   -13.1   127.8
 10980   -13.0   124.5   -13.0   124.5   -13.0   124.5   -13.0   124.5   -13.0   124.5
 10984   -13.1   119.5   -13.1   119.5   -13.1   119.5   -13.1   119.5   -13.1   119.5
 10988   -13.2   116.0   -13.2   116.0   -13.2   116.0   -13.2   116.0   -13.2   116.0
 10992   -13.0   111.0   -13.0   111.0   -13.0   111.0   -13.0   111.0   -13.0   111.0
 10996   -13.2   107.8   -13.2   107.8   -13.2   107.8   -13.2   107.8   -13.2   107.8
 11000   -13.3   103.7   -13.3   103.7   -13.3   103.7   -13.3   103.7   -13.3   103.7
 11004   -13.2    97.7   -13.2    97.7   -13.2    97.7   -13.2    97.7   -13.2    97.7
 11008   -13.3    94.5   -13.3    94.5   -13.3    94.5   -13.3    94.5   -13.3    94.5
 11012   -13.3    90.8   -13.3    90.8   -13.3    90.8   -13.3    90.8   -13.3    90.8
 11016   -13.2    85.8   -13.2    85.8   -13.2    85.8   -13.2    85.8   -13.2    85.8
 11020   -13.3    81.9   -13.3    81.9   -13.3    81.9   -13.3    81.9   -13.3    81.9
 11023   -13.4    77.4   -13.4    77.4   -13.4    77.4   -13.4    77.4   -13.4    77.4
 11027   -13.3    73.0   -13.3    73.0   -13.3    73.0   -13.3    73.0   -13.3    73.0
 11031   -13.3    68.9   -13.3    68.9   -13.3    68.9   -13.3    68.9   -13.3    68.9
 11035   -13.5    66.1   -13.5    66.1   -13.5    66.1   -13.5    66.1   -13.5    66.1
 11039   -13.3    60.5   -13.3    60.5   -13.3    60.5   -13.3    60.5   -13.3    60.5
 11043   -13.4    56.9   -13.4    56.9   -13.4    56.9   -13.4    56.9   -13.4    56.9
 11047   -13.4    52.0   -13.4    52.0   -13.4    52.0   -13.4    52.0   -13.4    52.0
 11051   -13.5    47.8   -13.5    47.8   -13.5    47.8   -13.5    47.8   -13.5    47.8
 11055   -13.4    43.5   -13.4    43.5   -13.4    43.5   -13.4    43.5   -13.4    43.5
 11059   -13.5    38.9   -13.5    38.9   -13.5    38.9   -13.5    38.9   -13.5    38.9
 11063   -13.4    35.8   -13.4    35.8   -13.4    35.8   -13.4    35.8   -13.4    35.8
 11066   -13.7    30.8   -13.7    30.8   -13.7    30.8   -13.7    30.8   -13.7    30.8
 11070   -13.7    25.9   -13.7    25.9   -13.7    25.9   -13.7    25.9   -13.7    25.9
 11074   -13.6    21.5   -13.6    21.5   -13.6    21.5   -13.6    21.5   -13.6    21.5
 11078   -13.7    18.3   -13.7    18.3   -13.7    18.3   -13.7    18.3   -13.7    18.3
 11082   -13.7    13.3   -13.7    13.3   -13.7    13.3   -13.7    13.3   -13.7    13.3
 11086   -13.8    10.0   -13.8    10.0   -13.8    10.0   -13.8    10.0   -13.8    10.0
 11090   -13.7     6.2   -13.7     6.2   -13.7     6.2   -13.7     6.2   -13.7     6.2
 11094   -13.8     0.7   -13.8     0.7   -13.8     0.7   -13.8     0.7   -13.8     0.7
 11098   -13.6    -3.2   -13.6    -3.2   -13.6    -3.2   -13.6    -3.2   -13.6    -3.2
 11102   -14.0    -7.3   -14.0    -7.3   -14.0    -7.3   -14.0    -7.3   -14.0    -7.3
 11105   -13.8   -12.2   -13.8   -12.2   -13.8   -12.2   -13.8   -12.2   -13.8   -12.2
 11109   -13.9   -15.0   -13.9   -15.0   -13.9   -15.0   -13.9   -15.0   -13.9   -15.0
 11113   -13.8   -19.8   -13.8   -19.8   -13.8   -19.8   -13.8   -19.8   -13.8   -19.8
 11117   -13.9   -24.6   -13.9   -24.6   -13.9   -24.6   -13.9   -24.6   -13.9   -24.6
 11121   -14.0   -28.2   -14.0   -28.2   -14.0   -28.2   -14.0   -28.2   -14.0   -28.2
 11125   -14.1   -33.6   -14.1   -33.6   -14.1   -33.6   -14.1   -33.6   -14.1   -33.6
 11129   -14.0   -36.3   -14.0   -36.3   -14.0   -36.3   -14.0   -36.3   -14.0   -36.3
 11133   -14.1   -42.0   -14.1   -42.0   -14.1   -42.0   -14.1   -42.0   -14.1   -42.0
 11137   -14.2   -45.9   -14.2   -45.9   -14.2   -45.9   -14.2   -45.9   -14.2   -45.9
 11141   -14.1   -48.9   -14.1   -48.9   -14.1   -48.9   -14.1   -48.9   -14.1   -48.9
 11145   -14.2   -54.6   -14.2   -54.6   -14.2   -54.6   -14.2   -54.6   -14.2   -54.6
 11148   -14.1   -58.8   -14.1   -58.8   -14.1   -58.8   -14.1   -58.8   -14.1   -58.8
 11152   -14.3   -62.7   -14.3   -62.7   -14.3   -62.7   -14.3   -62.7   -14.3   -62.7
 11156   -14.4   -67.3   -14.4   -67.3   -14.4   -67.3   -14.4   -67.3   -14.4   -67.3
 11160   -14.1   -71.8   -14.1   -71.8   -14.1   -71.8   -14.1   -71.8   -14.1   -71.8
 11164   -14.2   -76.6   -14.2   -76.6   -14.2   -76.6   -14.2   -76.6   -14.2   -76.6
 11168   -14.4   -80.8   -14.4   -80.8   -14.4   -80.8   -14.4   -80.8   -14.4   -80.8
 11172   -14.3   -85.4   -14.3   -85.4   -14.3   -85.4   -14.3   -85.4   -14.3   -85.4
 11176   -14.4   -89.3   -14.4   -89.3   -14.4   -89.3   -14.4   -89.3   -14.4   -89.3
 11180   -14.6   -92.4   -14.6   -92.4   -14.6   -92.4   -14.6   -92.4   -14.6   -92.4
 11184   -14.4   -98.1   -14.4   -98.1   -14.4   -98.1   -14.4   -98.1   -14.4   -98.1
 11188   -14.3  -103.7   -14.3  -103.7   -14.3  -103.7   -14.3  -103.7   -14.3  -103.7
 11191   -14.5  -106.4   -14.5  -106.4   -14.5  -106.4   -14.5  -106.4   -14.5  -106.4
 11195   -14.5  -111.7   -14.5  -111.7   -14.5  -111.7   -14.5  -111.7   -14.5  -111.7
 11199   -14.4  -115.3   -14.4  -115.3   -14.4  -115.3   -14.4  -115.3   -14.4  -115.3
 11203   -14.6  -120.3   -14.6  -120.3   -14.6  -120.3   -14.6  -120.3   -14.6  -120.3
 11207   -14.6  -124.7   -14.6  -124.7   -14.6  -124.7   -14.6  -124.7   -14.6  -124.7
 11211   -14.7  -127.8   -14.7  -127.8   -14.7  -127.8   -14.7  -127.8   -14.7  -127.8
 11215   -14.8  -132.4   -14.8  -132.4   -14.8  -132.4   -14.8  -132.4   -14.8  -132.4
 11219   -14.7  -137.1   -14.7  -137.1   -14.7  -137.1   -14.7  -137.1   -14.7  -137.1
 11223   -14.8  -141.3   -14.8  -141.3   -14.8  -141.3   -14.8  -141.3   -14.8  -141.3
 11227   -14.9  -145.7   -14.9  -145.7   -14.9  -145.7   -14.9  -145.7   -14.9  -145.7
 11230   -14.8  -150.0   -14.8  -150.0   -14.8  -150.0   -14.8  -150.0   -14.8  -150.0
 11234   -14.6  -154.4   -14.6  -154.4   -14.6  -154.4   -14.6  -154.4   -14.6  -154.4
 11238   -14.9  -160.0   -14.9  -160.0   -14.9  -160.0   -14.9  -160.0   -14.9  -160.0
 11242   -15.0  -163.7   -15.0  -163.7   -15.0  -163.7   -15.0  -163.7   -15.0  -163.7
 11246   -14.9  -167.7   -14.9  -167.7   -14.9  -167.7   -14.9  -167.7   -14.9  -167.7
 11250   -15.0  -173.5   -15.0  -173.5   -15.0  -173.5   -15.0  -173.5   -15.0  -173.5
 11254   -15.1  -177.2   -15.1  -177.2   -15.1  -177.2   -15.1  -177.2   -15.1  -177.2
 11258   -15.1   177.7   -15.1   177.7   -15.1   177.7   -15.1   177.7   -15.1   177.7
 11262   -15.0   174.3   -15.0   174.3   -15.0   174.3   -15.0   174.3   -15.0   174.3
 11266   -15.1   169.2   -15.1   169.2   -15.1   169.2   -15.1   169.2   -15.1   169.2
 11270   -15.3   165.2   -15.3   165.2   -15.3   165.2   -15.3   165.2   -15.3   165.2
 11273   -15.3   159.8   -15.3   159.8   -15.3   159.8   -15.3   159.8   -15.3   159.8
 11277   -15.4   155.9   -15.4   155.9   -15.4   155.9   -15.4   155.9   -15.4   155.9
 11281   -15.4   151.2   -15.4   151.2   -15.4   151.2   -15.4   151.2   -15.4   151.2
 11285   -15.3   146.5   -15.3   146.5   -15.3   146.5   -15.3   146.5   -15.3   146.5
 11289   -15.3   142.5   -15.3   142.5   -15.3   142.5   -15.3   142.5   -15.3   142.5
 11293   -15.5   137.1   -15.5   137.1   -15.5   137.1   -15.5   137.1   -15.5   137.1
 11297   -15.5   134.5   -15.5   134.5   -15.5   134.5   -15.5   134.5   -15.5   134.5
 11301   -15.7   129.2   -15.7   129.2   -15.7   129.2   -15.7   129.2   -15.7   129.2
 11305   -15.5   124.1   -15.5   124.1   -15.5   124.1   -15.5   124.1   -15.5   124.1
 11309   -15.6   119.0   -15.6   119.0   -15.6   119.0   -15.6   119.0   -15.6   119.0
 11313   -15.7   113.9   -15.7   113.9   -15.7   113.9   -15.7   113.9   -15.7   113.9
 11316   -15.5   109.5   -15.5   109.5   -15.5   109.5   -15.5   109.5   -15.5   109.5
 11320   -15.6   105.1   -15.6   105.1   -15.6   105.1   -15.6   105.1   -15.6   105.1
 11324   -15.9   101.0   -15.9   101.0   -15.9   101.0   -15.9   101.0   -15.9   101.0
 11328   -15.9    96.7   -15.9    96.7   -15.9    96.7   -15.9    96.7   -15.9    96.7
 11332   -15.8    91.6   -15.8    91.6   -15.8    91.6   -15.8    91.6   -15.8    91.6
 11336   -15.9    88.0   -15.9    88.0   -15.9    88.0   -15.9    88.0   -15.9    88.0
 11340   -15.9    81.0   -15.9    81.0   -15.9    81.0   -15.9    81.0   -15.9    81.0
 11344   -15.8    77.4   -15.8    77.4   -15.8    77.4   -15.8    77.4   -15.8    77.4
 11348   -16.1    72.0   -16.1    72.0   -16.1    72.0   -16.1    72.0   -16.1    72.0
 11352   -16.0    68.1   -16.0    68.1   -16.0    68.1   -16.0    68.1   -16.0    68.1
 11355   -16.1    63.3   -16.1    63.3   -16.1    63.3   -16.1    63.3   -16.1    63.3
 11359   -16.0    58.1   -16.0    58.1   -16.0    58.1   -16.0    58.1   -16.0    58.1
 11363   -16.0    52.5   -16.0    52.5   -16.0    52.5   -16.0    52.5   -16.0    52.5
 11367   -16.1    49.6   -16.1    49.6   -16.1    49.6   -16.1    49.6   -16.1    49.6
 11371   -16.2    43.2   -16.2    43.2   -16.2    43.2   -16.2    43.2   -16.2    43.2
 11375   -16.0    40.7   -16.0    40.7   -16.0    40.7   -16.0    40.7   -16.0    40.7
 11379   -16.2    34.1   -16.2    34.1   -16.2    34.1   -16.2    34.1   -16.2    34.1
 11383   -16.1    29.3   -16.1    29.3   -16.1    29.3   -16.1    29.3   -16.1    29.3
 11387   -16.2    25.1   -16.2    25.1   -16.2    25.1   -16.2    25.1   -16.2    25.1
 11391   -16.2    18.9   -16.2    18.9   -16.2    18.9   -16.2    18.9   -16.2    18.9
 11395   -16.2    14.4   -16.2    14.4   -16.2    14.4   -16.2    14.4   -16.2    14.4
 11398   -16.2    10.1   -16.2    10.1   -16.2    10.1   -16.2    10.1   -16.2    10.1
 11402   -16.2     4.3   -16.2     4.3   -16.2     4.3   -16.2     4.3   -16.2     4.3
 11406   -16.1    -0.2   -16.1    -0.2   -16.1    -0.2   -16.1    -0.2   -16.1    -0.2
 11410   -16.3    -4.6   -16.3    -4.6   -16.3    -4.6   -16.3    -4.6   -16.3    -4.6
 11414   -16.5   -10.9   -16.5   -10.9   -16.5   -10.9   -16.5   -10.9   -16.5   -10.9
 11418   -16.4   -14.0   -16.4   -14.0   -16.4   -14.0   -16.4   -14.0   -16.4   -14.0
 11422   -16.4   -20.5   -16.4   -20.5   -16.4   -20.5   -16.4   -20.5   -16.4   -20.5
 11426   -16.6   -25.8   -16.6   -25.8   -16.6   -25.8   -16.6   -25.8   -16.6   -25.8
 11430   -16.2   -29.7   -16.2   -29.7   -16.2   -29.7   -16.2   -29.7   -16.2   -29.7
 11434   -16.5   -35.7   -16.5   -35.7   -16.5   -35.7   -16.5   -35.7   -16.5   -35.7
 11438   -16.3   -41.1   -16.3   -41.1   -16.3   -41.1   -16.3   -41.1   -16.3   -41.1
 11441   -16.3   -45.7   -16.3   -45.7   -16.3   -45.7   -16.3   -45.7   -16.3   -45.7
 11445   -16.4   -52.5   -16.4   -52.5   -16.4   -52.5   -16.4   -52.5   -16.4   -52.5
 11449   -16.2   -57.2   -16.2   -57.2   -16.2   -57.2   -16.2   -57.2   -16.2   -57.2
 11453   -16.4   -60.7   -16.4   -60.7   -16.4   -60.7   -16.4   -60.7   -16.4   -60.7
 11457   -16.5   -68.8   -16.5   -68.8   -16.5   -68.8   -16.5   -68.8   -16.5   -68.8
 11461   -16.3   -72.5   -16.3   -72.5   -16.3   -72.5   -16.3   -72.5   -16.3   -72.5
 11465   -16.3   -76.8   -16.3   -76.8   -16.3   -76.8   -16.3   -76.8   -16.3   -76.8
 11469   -16.3   -83.6   -16.3   -83.6   -16.3   -83.6   -16.3   -83.6   -16.3   -83.6
 11473   -16.3   -87.5   -16.3   -87.5   -16.3   -87.5   -16.3   -87.5   -16.3   -87.5
 11477   -16.2   -93.1   -16.2   -93.1   -16.2   -93.1   -16.2   -93.1   -16.2   -93.1
 11480   -16.1  -100.4   -16.1  -100.4   -16.1  -100.4   -16.1  -100.4   -16.1  -100.4
 11484   -16.0  -103.5   -16.0  -103.5   -16.0  -103.5   -16.0  -103.5   -16.0  -103.5
 11488   -16.0  -107.9   -16.0  -107.9   -16.0  -107.9   -16.0  -107.9   -16.0  -107.9
 11492   -16.0  -115.0   -16.0  -115.0   -16.0  -115.0   -16.0  -115.0   -16.0  -115.0
 11496   -15.8  -118.6   -15.8  -118.6   -15.8  -118.6   -15.8  -118.6   -15.8  -118.6
 11500   -16.0  -125.5   -16.0  -125.5   -16.0  -125.5   -16.0  -125.5   -16.0  -125.5
 11504   -15.7  -132.2   -15.7  -132.2   -15.7  -132.2   -15.7  -132.2   -15.7  -132.2
 11508   -15.6  -136.4   -15.6  -136.4   -15.6  -136.4   -15.6  -136.4   -15.6  -136.4
 11512   -15.8  -143.4   -15.8  -143.4   -15.8  -143.4   -15.8  -143.4   -15.8  -143.4
 11516   -15.5  -147.2   -15.5  -147.2   -15.5  -147.2   -15.5  -147.2   -15.5  -147.2
 11520   -15.6  -151.3   -15.6  -151.3   -15.6  -151.3   -15.6  -151.3   -15.6  -151.3
 11523   -15.2  -159.4   -15.2  -159.4   -15.2  -159.4   -15.2  -159.4   -15.2  -159.4
 11527   -15.2  -163.3   -15.2  -163.3   -15.2  -163.3   -15.2  -163.3   -15.2  -163.3
 11531   -15.2  -169.1   -15.2  -169.1   -15.2  -169.1   -15.2  -169.1   -15.2  -169.1
 11535   -15.0  -175.5   -15.0  -175.5   -15.0  -175.5   -15.0  -175.5   -15.0  -175.5
 11539   -14.8  -179.5   -14.8  -179.5   -14.8  -179.5   -14.8  -179.5   -14.8  -179.5
 11543   -14.9   175.5   -14.9   175.5   -14.9   175.5   -14.9   175.5   -14.9   175.5
 11547   -14.6   168.0   -14.6   168.0   -14.6   168.0   -14.6   168.0   -14.6   168.0
 11551   -14.5   164.8   -14.5   164.8   -14.5   164.8   -14.5   164.8   -14.5   164.8
 11555   -14.6   158.5   -14.6   158.5   -14.6   158.5   -14.6   158.5   -14.6   158.5
 11559   -14.3   152.9   -14.3   152.9   -14.3   152.9   -14.3   152.9   -14.3   152.9
 11563   -14.2   147.4   -14.2   147.4   -14.2   147.4   -14.2   147.4   -14.2   147.4
 11566   -14.0   142.1   -14.0   142.1   -14.0   142.1   -14.0   142.1   -14.0   142.1
 11570   -13.9   136.4   -13.9   136.4   -13.9   136.4   -13.9   136.4   -13.9   136.4
 11574   -13.8   132.4   -13.8   132.4   -13.8   132.4   -13.8   132.4   -13.8   132.4
 11578   -13.4   125.2   -13.4   125.2   -13.4   125.2   -13.4   125.2   -13.4   125.2
 11582   -13.0   121.2   -13.0   121.2   -13.0   121.2   -13.0   121.2   -13.0   121.2
 11586   -13.1   115.5   -13.1   115.5   -13.1   115.5   -13.1   115.5   -13.1   115.5
 11590   -12.9   108.9   -12.9   108.9   -12.9   108.9   -12.9   108.9   -12.9   108.9
 11594   -12.7   105.2   -12.7   105.2   -12.7   105.2   -12.7   105.2   -12.7   105.2
 11598   -12.8    99.3   -12.8    99.3   -12.8    99.3   -12.8    99.3   -12.8    99.3
 11602   -12.3    93.8   -12.3    93.8   -12.3    93.8   -12.3    93.8   -12.3    93.8
 11605   -12.2    89.3   -12.2    89.3   -12.2    89.3   -12.2    89.3   -12.2    89.3
 11609   -12.1    83.3   -12.1    83.3   -12.1    83.3   -12.1    83.3   -12.1    83.3
 11613   -11.7    78.2   -11.7    78.2   -11.7    78.2   -11.7    78.2   -11.7    78.2
 11617   -11.6    72.9   -11.6    72.9   -11.6    72.9   -11.6    72.9   -11.6    72.9
 11621   -11.4    66.9   -11.4    66.9   -11.4    66.9   -11.4    66.9   -11.4    66.9
 11625   -11.2    62.9   -11.2    62.9   -11.2    62.9   -11.2    62.9   -11.2    62.9
 11629   -11.2    57.3   -11.2    57.3   -11.2    57.3   -11.2    57.3   -11.2    57.3
 11633   -10.8    51.8   -10.8    51.8   -10.8    51.8   -10.8    51.8   -10.8    51.8
 11637   -10.5    46.7   -10.5    46.7   -10.5    46.7   -10.5    46.7   -10.5    46.7
 11641   -10.4    40.6   -10.4    40.6   -10.4    40.6   -10.4    40.6   -10.4    40.6
 11645   -10.1    35.5   -10.1    35.5   -10.1    35.5   -10.1    35.5   -10.1    35.5
 11648   -10.0    31.3   -10.0    31.3   -10.0    31.3   -10.0    31.3   -10.0    31.3
 11652    -9.7    25.7    -9.7    25.7    -9.7    25.7    -9.7    25.7    -9.7    25.7
 11656    -9.4    20.1    -9.4    20.1    -9.4    20.1    -9.4    20.1    -9.4    20.1
 11660    -9.2    15.5    -9.2    15.5    -9.2    15.5    -9.2    15.5    -9.2    15.5
 11664    -8.9     8.9    -8.9     8.9    -8.9     8.9    -8.9     8.9    -8.9     8.9
 11668    -8.6     5.4    -8.6     5.4    -8.6     5.4    -8.6     5.4    -8.6     5.4
 11672    -8.4    -1.1    -8.4    -1.1    -8.4    -1.1    -8.4    -1.1    -8.4    -1.1
 11676    -8.2    -6.6    -8.2    -6.6    -8.2    -6.6    -8.2    -6.6    -8.2    -6.6
 11680    -7.9   -10.7    -7.9   -10.7    -7.9   -10.7    -7.9   -10.7    -7.9   -10.7
 11684    -7.7   -16.7    -7.7   -16.7    -7.7   -16.7    -7.7   -16.7    -7.7   -16.7
 11688    -7.5   -22.2    -7.5   -22.2    -7.5   -22.2    -7.5   -22.2    -7.5   -22.2
 11691    -7.2   -26.3    -7.2   -26.3    -7.2   -26.3    -7.2   -26.3    -7.2   -26.3
 11695    -7.0   -32.7    -7.0   -32.7    -7.0   -32.7    -7.0   -32.7    -7.0   -32.7
 11699    -6.6   -37.4    -6.6   -37.4    -6.6   -37.4    -6.6   -37.4    -6.6   -37.4
 11703    -6.4   -42.4    -6.4   -42.4    -6.4   -42.4    -6.4   -42.4    -6.4   -42.4
 11707    -6.2   -48.9    -6.2   -48.9    -6.2   -48.9    -6.2   -48.9    -6.2   -48.9
 11711    -5.9   -53.6    -5.9   -53.6    -5.9   -53.6    -5.9   -53.6    -5.9   -53.6
 11715    -5.7   -58.9    -5.7   -58.9    -5.7   -58.9    -5.7   -58.9    -5.7   -58.9
 11719    -5.3   -64.4    -5.3   -64.4    -5.3   -64.4    -5.3   -64.4    -5.3   -64.4
 11723    -5.0   -69.3    -5.0   -69.3    -5.0   -69.3    -5.0   -69.3    -5.0   -69.3
 11727    -4.9   -75.2    -4.9   -75.2    -4.9   -75.2    -4.9   -75.2    -4.9   -75.2
 11730    -4.5   -80.9    -4.5   -80.9    -4.5   -80.9    -4.5   -80.9    -4.5   -80.9
 11734    -4.2   -85.6    -4.2   -85.6    -4.2   -85.6    -4.2   -85.6    -4.2   -85.6
 11738    -4.0   -91.9    -4.0   -91.9    -4.0   -91.9    -4.0   -91.9    -4.0   -91.9
 11742    -3.7   -97.2    -3.7   -97.2    -3.7   -97.2    -3.7   -97.2    -3.7   -97.2
 11746    -3.4  -102.7    -3.4  -102.7    -3.4  -102.7    -3.4  -102.7    -3.4  -102.7
 11750    -3.1  -108.6    -3.1  -108.6    -3.1  -108.6    -3.1  -108.6    -3.1  -108.6
 11754    -2.8  -113.9    -2.8  -113.9    -2.8  -113.9    -2.8  -113.9    -2.8  -113.9
 11758    -2.6  -119.6    -2.6  -119.6    -2.6  -119.6    -2.6  -119.6    -2.6  -119.6
 11762    -2.2  -125.9    -2.2  -125.9    -2.2  -125.9    -2.2  -125.9    -2.2  -125.9
 11766    -2.0  -131.3    -2.0  -131.3    -2.0  -131.3    -2.0  -131.3    -2.0  -131.3
 11770    -1.7  -137.6    -1.7  -137.6    -1.7  -137.6    -1.7  -137.6    -1.7  -137.6
 11773    -1.4  -143.1    -1.4  -143.1    -1.4  -143.1    -1.4  -143.1    -1.4  -143.1
 11777    -1.2  -149.4    -1.2  -149.4    -1.2  -149.4    -1.2  -149.4    -1.2  -149.4
 11781    -0.9  -155.7    -0.9  -155.7    -0.9  -155.7    -0.9  -155.7    -0.9  -155.7
 11785    -0.6  -161.3    -0.6  -161.3    -0.6  -161.3    -0.6  -161.3    -0.6  -161.3
 11789    -0.4  -167.3    -0.4  -167.3    -0.4  -167.3    -0.4  -167.3    -0.4  -167.3
 11793    -0.1  -174.3    -0.1  -174.3    -0.1  -174.3    -0.1  -174.3    -0.1  -174.3
 11797     0.2  -179.9     0.2  -179.9     0.2  -179.9     0.2  -179.9     0.2  -179.9
 11801     0.3   173.3     0.3   173.3     0.3   173.3     0.3   173.3     0.3   173.3
 11805     0.6   167.0     0.6   167.0     0.6   167.0     0.6   167.0     0.6   167.0
 11809     0.8   160.7     0.8   160.7     0.8   160.7     0.8   160.7     0.8   160.7
 11813     1.0   153.8     1.0   153.8     1.0   153.8     1.0   153.8     1.0   153.8
 11816     1.3   147.3     1.3   147.3     1.3   147.3     1.3   147.3     1.3   147.3
 11820     1.4   140.7     1.4   140.7     1.4   140.7     1.4   140.7     1.4   140.7
 11824     1.6   133.5     1.6   133.5     1.6   133.5     1.6   133.5     1.6   133.5
 11828     1.7   127.1     1.7   127.1     1.7   127.1     1.7   127.1     1.7   127.1
 11832     1.8   120.1     1.8   120.1     1.8   120.1     1.8   120.1     1.8   120.1
 11836     2.0   113.4     2.0   113.4     2.0   113.4     2.0   113.4     2.0   113.4
 11840     2.1   106.7     2.1   106.7     2.1   106.7     2.1   106.7     2.1   106.7
 11844     2.1    99.3     2.1    99.3     2.1    99.3     2.1    99.3     2.1    99.3
 11848     2.2    92.7     2.2    92.7     2.2    92.7     2.2    92.7     2.2    92.7
 11852     2.2    85.9     2.2    85.9     2.2    85.9     2.2    85.9     2.2    85.9
 11855     2.3    79.0     2.3    79.0     2.3    79.0     2.3    79.0     2.3    79.0
 11859     2.3    72.6     2.3    72.6     2.3    72.6     2.3    72.6     2.3    72.6
 11863     2.3    65.7     2.3    65.7     2.3    65.7     2.3    65.7     2.3    65.7
 11867     2.3    58.9     2.3    58.9     2.3    58.9     2.3    58.9     2.3    58.9
 11871     2.2    52.5     2.2    52.5     2.2    52.5     2.2    52.5     2.2    52.5
 11875     2.2    45.8     2.2    45.8     2.2    45.8     2.2    45.8     2.2    45.8
 11879     2.2    39.4     2.2    39.4     2.2    39.4     2.2    39.4     2.2    39.4
 11883     2.0    33.1     2.0    33.1     2.0    33.1     2.0    33.1     2.0    33.1
 11887     2.0    26.6     2.0    26.6     2.0    26.6     2.0    26.6     2.0    26.6
 11891     1.9    20.6     1.9    20.6     1.9    20.6     1.9    20.6     1.9    20.6
 11895     1.8    14.3     1.8    14.3     1.8    14.3     1.8    14.3     1.8    14.3
 11898     1.7     8.1     1.7     8.1     1.7     8.1     1.7     8.1     1.7     8.1
 11902     1.5     2.3     1.5     2.3     1.5     2.3     1.5     2.3     1.5     2.3
 11906     1.4    -4.0     1.4    -4.0     1.4    -4.0     1.4    -4.0     1.4    -4.0
 11910     1.4    -9.5     1.4    -9.5     1.4    -9.5     1.4    -9.5     1.4    -9.5
 11914     1.2   -15.1     1.2   -15.1     1.2   -15.1     1.2   -15.1     1.2   -15.1
 11918     1.1   -21.2     1.1   -21.2     1.1   -21.2     1.1   -21.2     1.1   -21.2
 11922     1.0   -26.5     1.0   -26.5     1.0   -26.5     1.0   -26.5     1.0   -26.5
 11926     0.8   -32.2     0.8   -32.2     0.8   -32.2     0.8   -32.2     0.8   -32.2
 11930     0.7   -37.8     0.7   -37.8     0.7   -37.8     0.7   -37.8     0.7   -37.8
 11934     0.6   -43.0     0.6   -43.0     0.6   -43.0     0.6   -43.0     0.6   -43.0
 11938     0.4   -48.6     0.4   -48.6     0.4   -48.6     0.4   -48.6     0.4   -48.6
 11941     0.3   -54.0     0.3   -54.0     0.3   -54.0     0.3   -54.0     0.3   -54.0
 11945     0.2   -59.0     0.2   -59.0     0.2   -59.0     0.2   -59.0     0.2   -59.0
 11949     0.0   -64.5     0.0   -64.5     0.0   -64.5     0.0   -64.5     0.0   -64.5
 11953    -0.1   -69.4    -0.1   -69.4    -0.1   -69.4    -0.1   -69.4    -0.1   -69.4
 11957    -0.2   -74.6    -0.2   -74.6    -0.2   -74.6    -0.2   -74.6    -0.2   -74.6
 11961    -0.3   -79.7    -0.3   -79.7    -0.3   -79.7    -0.3   -79.7    -0.3   -79.7
 11965    -0.5   -84.6    -0.5   -84.6    -0.5   -84.6    -0.5   -84.6    -0.5   -84.6
 11969    -0.6   -89.7    -0.6   -89.7    -0.6   -89.7    -0.6   -89.7    -0.6   -89.7
 11973    -0.7   -94.6    -0.7   -94.6    -0.7   -94.6    -0.7   -94.6    -0.7   -94.6
 11977    -0.8   -99.4    -0.8   -99.4    -0.8   -99.4    -0.8   -99.4    -0.8   -99.4
 11980    -0.9  -104.4    -0.9  -104.4    -0.9  -104.4    -0.9  -104.4    -0.9  -104.4
 11984    -1.0  -109.2    -1.0  -109.2    -1.0  -109.2    -1.0  -109.2    -1.0  -109.2
 11988    -1.2  -114.1    -1.2  -114.1    -1.2  -114.1    -1.2  -114.1    -1.2  -114.1
 11992    -1.3  -118.9    -1.3  -118.9    -1.3  -118.9    -1.3  -118.9    -1.3  -118.9
 11996    -1.4  -123.5    -1.4  -123.5    -1.4  -123.5    -1.4  -123.5    -1.4  -123.5
 12000    -1.5  -128.5    -1.5  -128.5    -1.5  -128.5    -1.5  -128.5    -1.5  -128.5
 12004    -1.6  -133.3    -1.6  -133.3    -1.6  -133.3    -1.6  -133.3    -1.6  -133.3
 12008    -1.7  -137.9    -1.7  -137.9    -1.7  -137.9    -1.7  -137.9    -1.7  -137.9
 12012    -1.8  -142.9    -1.8  -142.9    -1.8  -142.9    -1.8  -142.9    -1.8  -142.9
 12016    -1.9  -147.2    -1.9  -147.2    -1.9  -147.2    -1.9  -147.2    -1.9  -147.2
 12020    -2.1  -151.8    -2.1  -151.8    -2.1  -151.8    -2.1  -151.8    -2.1  -151.8
 12023    -2.1  -156.5    -2.1  -156.5    -2.1  -156.5    -2.1  -156.5    -2.1  -156.5
 12027    -2.2  -160.8    -2.2  -160.8    -2.2  -160.8    -2.2  -160.8    -2.2  -160.8
 12031    -2.3  -165.6    -2.3  -165.6    -2.3  -165.6    -2.3  -165.6    -2.3  -165.6
 12035    -2.4  -170.0    -2.4  -170.0    -2.4  -170.0    -2.4  -170.0    -2.4  -170.0
 12039    -2.5  -174.9    -2.5  -174.9    -2.5  -174.9    -2.5  -174.9    -2.5  -174.9
 12043    -2.6  -179.3    -2.6  -179.3    -2.6  -179.3    -2.6  -179.3    -2.6  -179.3
 12047    -2.7   176.2    -2.7   176.2    -2.7   176.2    -2.7   176.2    -2.7   176.2
 12051    -2.8   172.1    -2.8   172.1    -2.8   172.1    -2.8   172.1    -2.8   172.1
 12055    -2.9   167.3    -2.9   167.3    -2.9   167.3    -2.9   167.3    -2.9   167.3
 12059    -3.0   163.0    -3.0   163.0    -3.0   163.0    -3.0   163.0    -3.0   163.0
 12063    -3.1   158.4    -3.1   158.4    -3.1   158.4    -3.1   158.4    -3.1   158.4
 12066    -3.1   154.1    -3.1   154.1    -3.1   154.1    -3.1   154.1    -3.1   154.1
 12070    -3.2   149.8    -3.2   149.8    -3.2   149.8    -3.2   149.8    -3.2   149.8
 12074    -3.3   145.0    -3.3   145.0    -3.3   145.0    -3.3   145.0    -3.3   145.0
 12078    -3.3   140.7    -3.3   140.7    -3.3   140.7    -3.3   140.7    -3.3   140.7
 12082    -3.4   136.5    -3.4   136.5    -3.4   136.5    -3.4   136.5    -3.4   136.5
 12086    -3.5   132.0    -3.5   132.0    -3.5   132.0    -3.5   132.0    -3.5   132.0
 12090    -3.5   127.9    -3.5   127.9    -3.5   127.9    -3.5   127.9    -3.5   127.9
 12094    -3.6   123.0    -3.6   123.0    -3.6   123.0    -3.6   123.0    -3.6   123.0
 12098    -3.7   118.9    -3.7   118.9    -3.7   118.9    -3.7   118.9    -3.7   118.9
 12102    -3.8   114.9    -3.8   114.9    -3.8   114.9    -3.8   114.9    -3.8   114.9
 12105    -3.9   110.4    -3.9   110.4    -3.9   110.4    -3.9   110.4    -3.9   110.4
 12109    -3.9   105.7    -3.9   105.7    -3.9   105.7    -3.9   105.7    -3.9   105.7
 12113    -4.0   101.9    -4.0   101.9    -4.0   101.9    -4.0   101.9    -4.0   101.9
 12117    -4.1    97.4    -4.1    97.4    -4.1    97.4    -4.1    97.4    -4.1    97.4
 12121    -4.1    93.2    -4.1    93.2    -4.1    93.2    -4.1    93.2    -4.1    93.2
 12125    -4.2    88.9    -4.2    88.9    -4.2    88.9    -4.2    88.9    -4.2    88.9
 12129    -4.2    84.5    -4.2    84.5    -4.2    84.5    -4.2    84.5    -4.2    84.5
 12133    -4.3    80.4    -4.3    80.4    -4.3    80.4    -4.3    80.4    -4.3    80.4
 12137    -4.4    76.1    -4.4    76.1    -4.4    76.1    -4.4    76.1    -4.4    76.1
 12141    -4.4    71.5    -4.4    71.5    -4.4    71.5    -4.4    71.5    -4.4    71.5
 12145    -4.5    67.7    -4.5    67.7    -4.5    67.7    -4.5    67.7    -4.5    67.7
 12148    -4.5    63.2    -4.5    63.2    -4.5    63.2    -4.5    63.2    -4.5    63.2
 12152    -4.6    59.0    -4.6    59.0    -4.6    59.0    -4.6    59.0    -4.6    59.0
 12156    -4.7    54.5    -4.7    54.5    -4.7    54.5    -4.7    54.5    -4.7    54.5
 12160    -4.7    50.7    -4.7    50.7    -4.7    50.7    -4.7    50.7    -4.7    50.7
 12164    -4.8    46.3    -4.8    46.3    -4.8    46.3    -4.8    46.3    -4.8    46.3
 12168    -4.8    42.0    -4.8    42.0    -4.8    42.0    -4.8    42.0    -4.8    42.0
 12172    -4.9    37.9    -4.9    37.9    -4.9    37.9    -4.9    37.9    -4.9    37.9
 12176    -5.0    33.5    -5.0    33.5    -5.0    33.5    -5.0    33.5    -5.0    33.5
 12180    -5.0    29.0    -5.0    29.0    -5.0    29.0    -5.0    29.0    -5.0    29.0
 12184    -5.0    25.3    -5.0    25.3    -5.0    25.3    -5.0    25.3    -5.0    25.3
 12188    -5.1    21.2    -5.1    21.2    -5.1    21.2    -5.1    21.2    -5.1    21.2
 12191    -5.1    16.8    -5.1    16.8    -5.1    16.8    -5.1    16.8    -5.1    16.8
 12195    -5.2    12.7    -5.2    12.7    -5.2    12.7    -5.2    12.7    -5.2    12.7
 12199    -5.3     8.3    -5.3     8.3    -5.3     8.3    -5.3     8.3    -5.3     8.3
 12203    -5.3     4.2    -5.3     4.2    -5.3     4.2    -5.3     4.2    -5.3     4.2
 12207    -5.4     0.1    -5.4     0.1    -5.4     0.1    -5.4     0.1    -5.4     0.1
 12211    -5.4    -4.1    -5.4    -4.1    -5.4    -4.1    -5.4    -4.1    -5.4    -4.1
 12215    -5.4    -8.0    -5.4    -8.0    -5.4    -8.0    -5.4    -8.0    -5.4    -8.0
 12219    -5.5   -12.7    -5.5   -12.7    -5.5   -12.7    -5.5   -12.7    -5.5   -12.7
 12223    -5.5   -17.0    -5.5   -17.0    -5.5   -17.0    -5.5   -17.0    -5.5   -17.0
 12227    -5.6   -20.8    -5.6   -20.8    -5.6   -20.8    -5.6   -20.8    -5.6   -20.8
 12230    -5.7   -25.0    -5.7   -25.0    -5.7   -25.0    -5.7   -25.0    -5.7   -25.0
 12234    -5.7   -29.2    -5.7   -29.2    -5.7   -29.2    -5.7   -29.2    -5.7   -29.2
 12238    -5.7   -33.4    -5.7   -33.4    -5.7   -33.4    -5.7   -33.4    -5.7   -33.4
 12242    -5.8   -37.2    -5.8   -37.2    -5.8   -37.2    -5.8   -37.2    -5.8   -37.2
 12246    -5.7   -41.5    -5.7   -41.5    -5.7   -41.5    -5.7   -41.5    -5.7   -41.5
 12250    -5.8   -46.1    -5.8   -46.1    -5.8   -46.1    -5.8   -46.1    -5.8   -46.1
 12254    -5.9   -50.0    -5.9   -50.0    -5.9   -50.0    -5.9   -50.0    -5.9   -50.0
 12258    -5.9   -53.8    -5.9   -53.8    -5.9   -53.8    -5.9   -53.8    -5.9   -53.8
 12262    -6.0   -58.1    -6.0   -58.1    -6.0   -58.1    -6.0   -58.1    -6.0   -58.1
 12266    -6.0   -62.2    -6.0   -62.2    -6.0   -62.2    -6.0   -62.2    -6.0   -62.2
 12270    -6.1   -66.6    -6.1   -66.6    -6.1   -66.6    -6.1   -66.6    -6.1   -66.6
 12273    -6.1   -70.9    -6.1   -70.9    -6.1   -70.9    -6.1   -70.9    -6.1   -70.9
 12277    -6.1   -74.7    -6.1   -74.7    -6.1   -74.7    -6.1   -74.7    -6.1   -74.7
 12281    -6.2   -78.7    -6.2   -78.7    -6.2   -78.7    -6.2   -78.7    -6.2   -78.7
 12285    -6.2   -82.7    -6.2   -82.7    -6.2   -82.7    -6.2   -82.7    -6.2   -82.7
 12289    -6.2   -87.0    -6.2   -87.0    -6.2   -87.0    -6.2   -87.0    -6.2   -87.0
 12293    -6.3   -91.3    -6.3   -91.3    -6.3   -91.3    -6.3   -91.3    -6.3   -91.3
 12297    -6.3   -95.3    -6.3   -95.3    -6.3   -95.3    -6.3   -95.3    -6.3   -95.3
 12301    -6.3   -99.7    -6.3   -99.7    -6.3   -99.7    -6.3   -99.7    -6.3   -99.7
 12305    -6.4  -103.5    -6.4  -103.5    -6.4  -103.5    -6.4  -103.5    -6.4  -103.5
 12309    -6.5  -107.5    -6.5  -107.5    -6.5  -107.5    -6.5  -107.5    -6.5  -107.5
 12313    -6.5  -112.1    -6.5  -112.1    -6.5  -112.1    -6.5  -112.1    -6.5  -112.1
 12316    -6.5  -116.2    -6.5  -116.2    -6.5  -116.2    -6.5  -116.2    -6.5  -116.2
 12320    -6.6  -119.9    -6.6  -119.9    -6.6  -119.9    -6.6  -119.9    -6.6  -119.9
 12324    -6.6  -124.1    -6.6  -124.1    -6.6  -124.1    -6.6  -124.1    -6.6  -124.1
 12328    -6.6  -127.7    -6.6  -127.7    -6.6  -127.7    -6.6  -127.7    -6.6  -127.7
 12332    -6.6  -132.2    -6.6  -132.2    -6.6  -132.2    -6.6  -132.2    -6.6  -132.2
 12336    -6.7  -136.3    -6.7  -136.3    -6.7  -136.3    -6.7  -136.3    -6.7  -136.3
 12340    -6.7  -140.2    -6.7  -140.2    -6.7  -140.2    -6.7  -140.2    -6.7  -140.2
 12344    -6.7  -144.8    -6.7  -144.8    -6.7  -144.8    -6.7  -144.8    -6.7  -144.8
 12348    -6.7  -148.6    -6.7  -148.6    -6.7  -148.6    -6.7  -148.6    -6.7  -148.6
 12352    -6.8  -152.6    -6.8  -152.6    -6.8  -152.6    -6.8  -152.6    -6.8  -152.6
 12355    -6.8  -156.9    -6.8  -156.9    -6.8  -156.9    -6.8  -156.9    -6.8  -156.9
 12359    -6.8  -160.9    -6.8  -160.9    -6.8  -160.9    -6.8  -160.9    -6.8  -160.9
 12363    -6.9  -165.0    -6.9  -165.0    -6.9  -165.0    -6.9  -165.0    -6.9  -165.0
 12367    -6.9  -169.1    -6.9  -169.1    -6.9  -169.1    -6.9  -169.1    -6.9  -169.1
 12371    -7.0  -173.0    -7.0  -173.0    -7.0  -173.0    -7.0  -173.0    -7.0  -173.0
 12375    -7.0  -176.8    -7.0  -176.8    -7.0  -176.8    -7.0  -176.8    -7.0  -176.8
 12379    -7.0   178.6    -7.0   178.6    -7.0   178.6    -7.0   178.6    -7.0   178.6
 12383    -7.1   174.6    -7.1   174.6    -7.1   174.6    -7.1   174.6    -7.1   174.6
 12387    -7.0   170.6    -7.0   170.6    -7.0   170.6    -7.0   170.6    -7.0   170.6
 12391    -7.1   166.6    -7.1   166.6    -7.1   166.6    -7.1   166.6    -7.1   166.6
 12395    -7.2   162.7    -7.2   162.7    -7.2   162.7    -7.2   162.7    -7.2   162.7
 12398    -7.2   158.3    -7.2   158.3    -7.2   158.3    -7.2   158.3    -7.2   158.3
 12402    -7.2   154.5    -7.2   154.5    -7.2   154.5    -7.2   154.5    -7.2   154.5
 12406    -7.2   150.4    -7.2   150.4    -7.2   150.4    -7.2   150.4    -7.2   150.4
 12410    -7.3   146.5    -7.3   146.5    -7.3   146.5    -7.3   146.5    -7.3   146.5
 12414    -7.3   142.3    -7.3   142.3    -7.3   142.3    -7.3   142.3    -7.3   142.3
 12418    -7.3   138.1    -7.3   138.1    -7.3   138.1    -7.3   138.1    -7.3   138.1
 12422    -7.4   134.0    -7.4   134.0    -7.4   134.0    -7.4   134.0    -7.4   134.0
 12426    -7.3   130.1    -7.3   130.1    -7.3   130.1    -7.3   130.1    -7.3   130.1
 12430    -7.4   126.1    -7.4   126.1    -7.4   126.1    -7.4   126.1    -7.4   126.1
 12434    -7.4   122.3    -7.4   122.3    -7.4   122.3    -7.4   122.3    -7.4   122.3
 12438    -7.4   118.3    -7.4   118.3    -7.4   118.3    -7.4   118.3    -7.4   118.3
 12441    -7.5   113.8    -7.5   113.8    -7.5   113.8    -7.5   113.8    -7.5   113.8
 12445    -7.5   109.8    -7.5   109.8    -7.5   109.8    -7.5   109.8    -7.5   109.8
 12449    -7.5   105.3    -7.5   105.3    -7.5   105.3    -7.5   105.3    -7.5   105.3
 12453    -7.6   101.5    -7.6   101.5    -7.6   101.5    -7.6   101.5    -7.6   101.5
 12457    -7.6    97.5    -7.6    97.5    -7.6    97.5    -7.6    97.5    -7.6    97.5
 12461    -7.6    93.9    -7.6    93.9    -7.6    93.9    -7.6    93.9    -7.6    93.9
 12465    -7.7    89.1    -7.7    89.1    -7.7    89.1    -7.7    89.1    -7.7    89.1
 12469    -7.6    86.0    -7.6    86.0    -7.6    86.0    -7.6    86.0    -7.6    86.0
 12473    -7.7    81.5    -7.7    81.5    -7.7    81.5    -7.7    81.5    -7.7    81.5
 12477    -7.8    77.3    -7.8    77.3    -7.8    77.3    -7.8    77.3    -7.8    77.3
 12480    -7.7    73.4    -7.7    73.4    -7.7    73.4    -7.7    73.4    -7.7    73.4
 12484    -7.8    69.2    -7.8    69.2    -7.8    69.2    -7.8    69.2    -7.8    69.2
 12488    -7.8    65.3    -7.8    65.3    -7.8    65.3    -7.8    65.3    -7.8    65.3
 12492    -7.8    61.6    -7.8    61.6    -7.8    61.6    -7.8    61.6    -7.8    61.6
 12496    -7.8    57.0    -7.8    57.0    -7.8    57.0    -7.8    57.0    -7.8    57.0
 12500    -7.9    53.1    -7.9    53.1    -7.9    53.1    -7.9    53.1    -7.9    53.1
 12504    -7.9    49.6    -7.9    49.6    -7.9    49.6    -7.9    49.6    -7.9    49.6
 12508    -7.9    45.0    -7.9    45.0    -7.9    45.0    -7.9    45.0    -7.9    45.0
 12512    -7.9    41.2    -7.9    41.2    -7.9    41.2    -7.9    41.2    -7.9    41.2
 12516    -8.0    36.8    -8.0    36.8    -8.0    36.8    -8.0    36.8    -8.0    36.8
 12520    -8.0    32.7    -8.0    32.7    -8.0    32.7    -8.0    32.7    -8.0    32.7
 12523    -8.0    28.8    -8.0    28.8    -8.0    28.8    -8.0    28.8    -8.0    28.8
 12527    -8.0    24.8    -8.0    24.8    -8.0    24.8    -8.0    24.8    -8.0    24.8
 12531    -8.1    21.0    -8.1    21.0    -8.1    21.0    -8.1    21.0    -8.1    21.0
 12535    -8.1    17.4    -8.1    17.4    -8.1    17.4    -8.1    17.4    -8.1    17.4
 12539    -8.1    12.6    -8.1    12.6    -8.1    12.6    -8.1    12.6    -8.1    12.6
 12543    -8.1     8.9    -8.1     8.9    -8.1     8.9    -8.1     8.9    -8.1     8.9
 12547    -8.2     4.6    -8.2     4.6    -8.2     4.6    -8.2     4.6    -8.2     4.6
 12551    -8.1     1.2    -8.1     1.2    -8.1     1.2    -8.1     1.2    -8.1     1.2
 12555    -8.2    -3.2    -8.2    -3.2    -8.2    -3.2    -8.2    -3.2    -8.2    -3.2
 12559    -8.3    -6.6    -8.3    -6.6    -8.3    -6.6    -8.3    -6.6    -8.3    -6.6
 12563    -8.3   -10.9    -8.3   -10.9    -8.3   -10.9    -8.3   -10.9    -8.3   -10.9
 12566    -8.4   -15.1    -8.4   -15.1    -8.4   -15.1    -8.4   -15.1    -8.4   -15.1
 12570    -8.3   -19.0    -8.3   -19.0    -8.3   -19.0    -8.3   -19.0    -8.3   -19.0
 12574    -8.4   -23.3    -8.4   -23.3    -8.4   -23.3    -8.4   -23.3    -8.4   -23.3
 12578    -8.4   -27.2    -8.4   -27.2    -8.4   -27.2    -8.4   -27.2    -8.4   -27.2
 12582    -8.4   -31.5    -8.4   -31.5    -8.4   -31.5    -8.4   -31.5    -8.4   -31.5
 12586    -8.4   -35.4    -8.4   -35.4    -8.4   -35.4    -8.4   -35.4    -8.4   -35.4
 12590    -8.5   -39.6    -8.5   -39.6    -8.5   -39.6    -8.5   -39.6    -8.5   -39.6
 12594    -8.4   -43.6    -8.4   -43.6    -8.4   -43.6    -8.4   -43.6    -8.4   -43.6
 12598    -8.5   -47.4    -8.5   -47.4    -8.5   -47.4    -8.5   -47.4    -8.5   -47.4
 12602    -8.5   -51.3    -8.5   -51.3    -8.5   -51.3    -8.5   -51.3    -8.5   -51.3
 12605    -8.6   -55.5    -8.6   -55.5    -8.6   -55.5    -8.6   -55.5    -8.6   -55.5
 12609    -8.5   -59.6    -8.5   -59.6    -8.5   -59.6    -8.5   -59.6    -8.5   -59.6
 12613    -8.5   -63.4    -8.5   -63.4    -8.5   -63.4    -8.5   -63.4    -8.5   -63.4
 12617    -8.6   -67.4    -8.6   -67.4    -8.6   -67.4    -8.6   -67.4    -8.6   -67.4
 12621    -8.7   -71.4    -8.7   -71.4    -8.7   -71.4    -8.7   -71.4    -8.7   -71.4
 12625    -8.7   -75.3    -8.7   -75.3    -8.7   -75.3    -8.7   -75.3    -8.7   -75.3
 12629    -8.6   -78.9    -8.6   -78.9    -8.6   -78.9    -8.6   -78.9    -8.6   -78.9
 12633    -8.8   -83.1    -8.8   -83.1    -8.8   -83.1    -8.8   -83.1    -8.8   -83.1
 12637    -8.7   -87.7    -8.7   -87.7    -8.7   -87.7    -8.7   -87.7    -8.7   -87.7
 12641    -8.8   -91.4    -8.8   -91.4    -8.8   -91.4    -8.8   -91.4    -8.8   -91.4
 12645    -8.8   -94.8    -8.8   -94.8    -8.8   -94.8    -8.8   -94.8    -8.8   -94.8
 12648    -8.8   -99.6    -8.8   -99.6    -8.8   -99.6    -8.8   -99.6    -8.8   -99.6
 12652    -8.9  -103.4    -8.9  -103.4    -8.9  -103.4    -8.9  -103.4    -8.9  -103.4
 12656    -8.8  -107.2    -8.8  -107.2    -8.8  -107.2    -8.8  -107.2    -8.8  -107.2
 12660    -8.8  -111.2    -8.8  -111.2    -8.8  -111.2    -8.8  -111.2    -8.8  -111.2
 12664    -8.9  -115.2    -8.9  -115.2    -8.9  -115.2    -8.9  -115.2    -8.9  -115.2
 12668    -8.9  -119.4    -8.9  -119.4    -8.9  -119.4    -8.9  -119.4    -8.9  -119.4
 12672    -8.8  -123.2    -8.8  -123.2    -8.8  -123.2    -8.8  -123.2    -8.8  -123.2
 12676    -9.0  -127.3    -9.0  -127.3    -9.0  -127.3    -9.0  -127.3    -9.0  -127.3
 12680    -8.9  -130.7    -8.9  -130.7    -8.9  -130.7    -8.9  -130.7    -8.9  -130.7
 12684    -9.0  -135.1    -9.0  -135.1    -9.0  -135.1    -9.0  -135.1    -9.0  -135.1
 12688    -9.0  -139.0    -9.0  -139.0    -9.0  -139.0    -9.0  -139.0    -9.0  -139.0
 12691    -9.0  -143.4    -9.0  -143.4    -9.0  -143.4    -9.0  -143.4    -9.0  -143.4
 12695    -9.0  -147.2    -9.0  -147.2    -9.0  -147.2    -9.0  -147.2    -9.0  -147.2
 12699    -9.1  -151.4    -9.1  -151.4    -9.1  -151.4    -9.1  -151.4    -9.1  -151.4
 12703    -9.1  -155.2    -9.1  -155.2    -9.1  -155.2    -9.1  -155.2    -9.1  -155.2
 12707    -9.2  -159.6    -9.2  -159.6    -9.2  -159.6    -9.2  -159.6    -9.2  -159.6
 12711    -9.2  -162.5    -9.2  -162.5    -9.2  -162.5    -9.2  -162.5    -9.2  -162.5
 12715    -9.2  -167.1    -9.2  -167.1    -9.2  -167.1    -9.2  -167.1    -9.2  -167.1
 12719    -9.2  -170.6    -9.2  -170.6    -9.2  -170.6    -9.2  -170.6    -9.2  -170.6
 12723    -9.2  -175.3    -9.2  -175.3    -9.2  -175.3    -9.2  -175.3    -9.2  -175.3
 12727    -9.2  -179.1    -9.2  -179.1    -9.2  -179.1    -9.2  -179.1    -9.2  -179.1
 12730    -9.3   177.0    -9.3   177.0    -9.3   177.0    -9.3   177.0    -9.3   177.0
 12734    -9.3   172.8    -9.3   172.8    -9.3   172.8    -9.3   172.8    -9.3   172.8
 12738    -9.4   169.1    -9.4   169.1    -9.4   169.1    -9.4   169.1    -9.4   169.1
 12742    -9.4   164.9    -9.4   164.9    -9.4   164.9    -9.4   164.9    -9.4   164.9
 12746    -9.3   160.7    -9.3   160.7    -9.3   160.7    -9.3   160.7    -9.3   160.7
 12750    -9.4   157.4    -9.4   157.4    -9.4   157.4    -9.4   157.4    -9.4   157.4
 12754    -9.4   153.5    -9.4   153.5    -9.4   153.5    -9.4   153.5    -9.4   153.5
 12758    -9.4   149.2    -9.4   149.2    -9.4   149.2    -9.4   149.2    -9.4   149.2
 12762    -9.4   145.2    -9.4   145.2    -9.4   145.2    -9.4   145.2    -9.4   145.2
 12766    -9.5   141.2    -9.5   141.2    -9.5   141.2    -9.5   141.2    -9.5   141.2
 12770    -9.5   137.0    -9.5   137.0    -9.5   137.0    -9.5   137.0    -9.5   137.0
 12773    -9.5   133.3    -9.5   133.3    -9.5   133.3    -9.5   133.3    -9.5   133.3
 12777    -9.6   129.5    -9.6   129.5    -9.6   129.5    -9.6   129.5    -9.6   129.5
 12781    -9.6   125.7    -9.6   125.7    -9.6   125.7    -9.6   125.7    -9.6   125.7
 12785    -9.6   121.3    -9.6   121.3    -9.6   121.3    -9.6   121.3    -9.6   121.3
 12789    -9.6   117.6    -9.6   117.6    -9.6   117.6    -9.6   117.6    -9.6   117.6
 12793    -9.6   113.5    -9.6   113.5    -9.6   113.5    -9.6   113.5    -9.6   113.5
 12797    -9.6   110.0    -9.6   110.0    -9.6   110.0    -9.6   110.0    -9.6   110.0
 12801    -9.7   105.5    -9.7   105.5    -9.7   105.5    -9.7   105.5    -9.7   105.5
 12805    -9.8   101.4    -9.8   101.4    -9.8   101.4    -9.8   101.4    -9.8   101.4
 12809    -9.7    97.8    -9.7    97.8    -9.7    97.8    -9.7    97.8    -9.7    97.8
 12813    -9.7    93.8    -9.7    93.8    -9.7    93.8    -9.7    93.8    -9.7    93.8
 12816    -9.7    90.3    -9.7    90.3    -9.7    90.3    -9.7    90.3    -9.7    90.3
 12820    -9.8    86.2    -9.8    86.2    -9.8    86.2    -9.8    86.2    -9.8    86.2
 12824    -9.8    81.9    -9.8    81.9    -9.8    81.9    -9.8    81.9    -9.8    81.9
 12828    -9.8    77.8    -9.8    77.8    -9.8    77.8    -9.8    77.8    -9.8    77.8
 12832    -9.8    73.8    -9.8    73.8    -9.8    73.8    -9.8    73.8    -9.8    73.8
 12836    -9.8    70.5    -9.8    70.5    -9.8    70.5    -9.8    70.5    -9.8    70.5
 12840    -9.9    66.2    -9.9    66.2    -9.9    66.2    -9.9    66.2    -9.9    66.2
 12844   -10.0    62.4   -10.0    62.4   -10.0    62.4   -10.0    62.4   -10.0    62.4
 12848   -10.0    58.1   -10.0    58.1   -10.0    58.1   -10.0    58.1   -10.0    58.1
 12852    -9.9    54.4    -9.9    54.4    -9.9    54.4    -9.9    54.4    -9.9    54.4
 12855    -9.9    50.7    -9.9    50.7    -9.9    50.7    -9.9    50.7    -9.9    50.7
 12859   -10.0    46.2   -10.0    46.2   -10.0    46.2   -10.0    46.2   -10.0    46.2
 12863   -10.0    42.6   -10.0    42.6   -10.0    42.6   -10.0    42.6   -10.0    42.6
 12867   -10.0    38.3   -10.0    38.3   -10.0    38.3   -10.0    38.3   -10.0    38.3
 12871   -10.0    34.4   -10.0    34.4   -10.0    34.4   -10.0    34.4   -10.0    34.4
 12875   -10.0    31.1   -10.0    31.1   -10.0    31.1   -10.0    31.1   -10.0    31.1
 12879   -10.1    26.6   -10.1    26.6   -10.1    26.6   -10.1    26.6   -10.1    26.6
 12883   -10.2    22.5   -10.2    22.5   -10.2    22.5   -10.2    22.5   -10.2    22.5
 12887   -10.2    19.2   -10.2    19.2   -10.2    19.2   -10.2    19.2   -10.2    19.2
 12891   -10.3    15.0   -10.3    15.0   -10.3    15.0   -10.3    15.0   -10.3    15.0
 12895   -10.2    11.6   -10.2    11.6   -10.2    11.6   -10.2    11.6   -10.2    11.6
 12898   -10.2     7.0   -10.2     7.0   -10.2     7.0   -10.2     7.0   -10.2     7.0
 12902   -10.2     3.4   -10.2     3.4   -10.2     3.4   -10.2     3.4   -10.2     3.4
 12906   -10.3    -0.2   -10.3    -0.2   -10.3    -0.2   -10.3    -0.2   -10.3    -0.2
 12910   -10.3    -5.4   -10.3    -5.4   -10.3    -5.4   -10.3    -5.4   -10.3    -5.4
 12914   -10.3    -8.6   -10.3    -8.6   -10.3    -8.6   -10.3    -8.6   -10.3    -8.6
 12918   -10.3   -12.1   -10.3   -12.1   -10.3   -12.1   -10.3   -12.1   -10.3   -12.1
 12922   -10.4   -15.8   -10.4   -15.8   -10.4   -15.8   -10.4   -15.8   -10.4   -15.8
 12926   -10.4   -19.9   -10.4   -19.9   -10.4   -19.9   -10.4   -19.9   -10.4   -19.9
 12930   -10.3   -24.5   -10.3   -24.5   -10.3   -24.5   -10.3   -24.5   -10.3   -24.5
 12934   -10.3   -27.5   -10.3   -27.5   -10.3   -27.5   -10.3   -27.5   -10.3   -27.5
 12938   -10.4   -31.7   -10.4   -31.7   -10.4   -31.7   -10.4   -31.7   -10.4   -31.7
 12941   -10.4   -35.3   -10.4   -35.3   -10.4   -35.3   -10.4   -35.3   -10.4   -35.3
 12945   -10.5   -39.5   -10.5   -39.5   -10.5   -39.5   -10.5   -39.5   -10.5   -39.5
 12949   -10.5   -43.7   -10.5   -43.7   -10.5   -43.7   -10.5   -43.7   -10.5   -43.7
 12953   -10.5   -47.2   -10.5   -47.2   -10.5   -47.2   -10.5   -47.2   -10.5   -47.2
 12957   -10.5   -51.7   -10.5   -51.7   -10.5   -51.7   -10.5   -51.7   -10.5   -51.7
 12961   -10.6   -55.3   -10.6   -55.3   -10.6   -55.3   -10.6   -55.3   -10.6   -55.3
 12965   -10.6   -58.9   -10.6   -58.9   -10.6   -58.9   -10.6   -58.9   -10.6   -58.9
 12969   -10.6   -62.9   -10.6   -62.9   -10.6   -62.9   -10.6   -62.9   -10.6   -62.9
 12973   -10.7   -66.2   -10.7   -66.2   -10.7   -66.2   -10.7   -66.2   -10.7   -66.2
 12977   -10.6   -70.7   -10.6   -70.7   -10.6   -70.7   -10.6   -70.7   -10.6   -70.7
 12980   -10.6   -75.4   -10.6   -75.4   -10.6   -75.4   -10.6   -75.4   -10.6   -75.4
 12984   -10.7   -78.8   -10.7   -78.8   -10.7   -78.8   -10.7   -78.8   -10.7   -78.8
 12988   -10.7   -82.9   -10.7   -82.9   -10.7   -82.9   -10.7   -82.9   -10.7   -82.9
 12992   -10.7   -86.9   -10.7   -86.9   -10.7   -86.9   -10.7   -86.9   -10.7   -86.9
 12996   -10.7   -90.5   -10.7   -90.5   -10.7   -90.5   -10.7   -90.5   -10.7   -90.5
 13000   -10.7   -94.3   -10.7   -94.3   -10.7   -94.3   -10.7   -94.3   -10.7   -94.3
 13004   -10.7   -98.4   -10.7   -98.4   -10.7   -98.4   -10.7   -98.4   -10.7   -98.4
 13008   -10.8  -102.2   -10.8  -102.2   -10.8  -102.2   -10.8  -102.2   -10.8  -102.2
 13012   -10.8  -105.3   -10.8  -105.3   -10.8  -105.3   -10.8  -105.3   -10.8  -105.3
 13016   -10.8  -109.8   -10.8  -109.8   -10.8  -109.8   -10.8  -109.8   -10.8  -109.8
 13020   -10.9  -113.3   -10.9  -113.3   -10.9  -113.3   -10.9  -113.3   -10.9  -113.3
 13023   -10.9  -117.3   -10.9  -117.3   -10.9  -117.3   -10.9  -117.3   -10.9  -117.3
 13027   -10.9  -120.9   -10.9  -120.9   -10.9  -120.9   -10.9  -120.9   -10.9  -120.9
 13031   -10.9  -125.6   -10.9  -125.6   -10.9  -125.6   -10.9  -125.6   -10.9  -125.6
 13035   -10.9  -129.5   -10.9  -129.5   -10.9  -129.5   -10.9  -129.5   -10.9  -129.5
 13039   -10.9  -132.6   -10.9  -132.6   -10.9  -132.6   -10.9  -132.6   -10.9  -132.6
 13043   -11.0  -137.3   -11.0  -137.3   -11.0  -137.3   -11.0  -137.3   -11.0  -137.3
 13047   -11.0  -140.8   -11.0  -140.8   -11.0  -140.8   -11.0  -140.8   -11.0  -140.8
 13051   -11.0  -144.4   -11.0  -144.4   -11.0  -144.4   -11.0  -144.4   -11.0  -144.4
 13055   -11.0  -148.5   -11.0  -148.5   -11.0  -148.5   -11.0  -148.5   -11.0  -148.5
 13059   -11.0  -152.5   -11.0  -152.5   -11.0  -152.5   -11.0  -152.5   -11.0  -152.5
 13063   -11.0  -156.3   -11.0  -156.3   -11.0  -156.3   -11.0  -156.3   -11.0  -156.3
 13066   -11.0  -160.5   -11.0  -160.5   -11.0  -160.5   -11.0  -160.5   -11.0  -160.5
 13070   -11.1  -163.9   -11.1  -163.9   -11.1  -163.9   -11.1  -163.9   -11.1  -163.9
 13074   -11.1  -167.5   -11.1  -167.5   -11.1  -167.5   -11.1  -167.5   -11.1  -167.5
 13078   -11.1  -171.5   -11.1  -171.5   -11.1  -171.5   -11.1  -171.5   -11.1  -171.5
 13082   -11.1  -175.6   -11.1  -175.6   -11.1  -175.6   -11.1  -175.6   -11.1  -175.6
 13086   -11.1  -179.3   -11.1  -179.3   -11.1  -179.3   -11.1  -179.3   -11.1  -179.3
 13090   -11.2   177.7   -11.2   177.7   -11.2   177.7   -11.2   177.7   -11.2   177.7
 13094   -11.3   173.2   -11.3   173.2   -11.3   173.2   -11.3   173.2   -11.3   173.2
 13098   -11.2   169.4   -11.2   169.4   -11.2   169.4   -11.2   169.4   -11.2   169.4
 13102   -11.1   165.4   -11.1   165.4   -11.1   165.4   -11.1   165.4   -11.1   165.4
 13105   -11.1   161.5   -11.1   161.5   -11.1   161.5   -11.1   161.5   -11.1   161.5
 13109   -11.4   158.0   -11.4   158.0   -11.4   158.0   -11.4   158.0   -11.4   158.0
 13113   -11.3   154.0   -11.3   154.0   -11.3   154.0   -11.3   154.0   -11.3   154.0
 13117   -11.2   149.9   -11.2   149.9   -11.2   149.9   -11.2   149.9   -11.2   149.9
 13121   -11.2   146.5   -11.2   146.5   -11.2   146.5   -11.2   146.5   -11.2   146.5
 13125   -11.2   142.4   -11.2   142.4   -11.2   142.4   -11.2   142.4   -11.2   142.4
 13129   -11.3   138.1   -11.3   138.1   -11.3   138.1   -11.3   138.1   -11.3   138.1
 13133   -11.3   135.4   -11.3   135.4   -11.3   135.4   -11.3   135.4   -11.3   135.4
 13137   -11.3   131.4   -11.3   131.4   -11.3   131.4   -11.3   131.4   -11.3   131.4
 13141   -11.3   127.5   -11.3   127.5   -11.3   127.5   -11.3   127.5   -11.3   127.5
 13145   -11.4   123.1   -11.4   123.1   -11.4   123.1   -11.4   123.1   -11.4   123.1
 13148   -11.4   119.2   -11.4   119.2   -11.4   119.2   -11.4   119.2   -11.4   119.2
 13152   -11.4   115.3   -11.4   115.3   -11.4   115.3   -11.4   115.3   -11.4   115.3
 13156   -11.3   111.6   -11.3   111.6   -11.3   111.6   -11.3   111.6   -11.3   111.6
 13160   -11.4   108.8   -11.4   108.8   -11.4   108.8   -11.4   108.8   -11.4   108.8
 13164   -11.4   104.0   -11.4   104.0   -11.4   104.0   -11.4   104.0   -11.4   104.0
 13168   -11.4   101.0   -11.4   101.0   -11.4   101.0   -11.4   101.0   -11.4   101.0
 13172   -11.5    96.2   -11.5    96.2   -11.5    96.2   -11.5    96.2   -11.5    96.2
 13176   -11.5    93.0   -11.5    93.0   -11.5    93.0   -11.5    93.0   -11.5    93.0
 13180   -11.5    88.8   -11.5    88.8   -11.5    88.8   -11.5    88.8   -11.5    88.8
 13184   -11.6    85.1   -11.6    85.1   -11.6    85.1   -11.6    85.1   -11.6    85.1
 13188   -11.5    81.6   -11.5    81.6   -11.5    81.6   -11.5    81.6   -11.5    81.6
 13191   -11.5    77.6   -11.5    77.6   -11.5    77.6   -11.5    77.6   -11.5    77.6
 13195   -11.6    74.1   -11.6    74.1   -11.6    74.1   -11.6    74.1   -11.6    74.1
 13199   -11.5    69.5   -11.5    69.5   -11.5    69.5   -11.5    69.5   -11.5    69.5
 13203   -11.6    66.5   -11.6    66.5   -11.6    66.5   -11.6    66.5   -11.6    66.5
 13207   -11.5    62.2   -11.5    62.2   -11.5    62.2   -11.5    62.2   -11.5    62.2
 13211   -11.6    58.6   -11.6    58.6   -11.6    58.6   -11.6    58.6   -11.6    58.6
 13215   -11.6    54.9   -11.6    54.9   -11.6    54.9   -11.6    54.9   -11.6    54.9
 13219   -11.6    50.3   -11.6    50.3   -11.6    50.3   -11.6    50.3   -11.6    50.3
 13223   -11.5    46.7   -11.5    46.7   -11.5    46.7   -11.5    46.7   -11.5    46.7
 13227   -11.5    43.9   -11.5    43.9   -11.5    43.9   -11.5    43.9   -11.5    43.9
 13230   -11.5    39.2   -11.5    39.2   -11.5    39.2   -11.5    39.2   -11.5    39.2
 13234   -11.5    36.1   -11.5    36.1   -11.5    36.1   -11.5    36.1   -11.5    36.1
 13238   -11.5    31.1   -11.5    31.1   -11.5    31.1   -11.5    31.1   -11.5    31.1
 13242   -11.6    28.3   -11.6    28.3   -11.6    28.3   -11.6    28.3   -11.6    28.3
 13246   -11.6    23.9   -11.6    23.9   -11.6    23.9   -11.6    23.9   -11.6    23.9
 13250   -11.6    20.6   -11.6    20.6   -11.6    20.6   -11.6    20.6   -11.6    20.6
 13254   -11.5    16.5   -11.5    16.5   -11.5    16.5   -11.5    16.5   -11.5    16.5
 13258   -11.6    12.9   -11.6    12.9   -11.6    12.9   -11.6    12.9   -11.6    12.9
 13262   -11.6     8.7   -11.6     8.7   -11.6     8.7   -11.6     8.7   -11.6     8.7
 13266   -11.6     5.3   -11.6     5.3   -11.6     5.3   -11.6     5.3   -11.6     5.3
 13270   -11.7     0.8   -11.7     0.8   -11.7     0.8   -11.7     0.8   -11.7     0.8
 13273   -11.6    -2.4   -11.6    -2.4   -11.6    -2.4   -11.6    -2.4   -11.6    -2.4
 13277   -11.6    -6.3   -11.6    -6.3   -11.6    -6.3   -11.6    -6.3   -11.6    -6.3
 13281   -11.7    -9.6   -11.7    -9.6   -11.7    -9.6   -11.7    -9.6   -11.7    -9.6
 13285   -11.7   -13.6   -11.7   -13.6   -11.7   -13.6   -11.7   -13.6   -11.7   -13.6
 13289   -11.6   -17.5   -11.6   -17.5   -11.6   -17.5   -11.6   -17.5   -11.6   -17.5
 13293   -11.6   -21.4   -11.6   -21.4   -11.6   -21.4   -11.6   -21.4   -11.6   -21.4
 13297   -11.7   -25.1   -11.7   -25.1   -11.7   -25.1   -11.7   -25.1   -11.7   -25.1
 13301   -11.6   -29.2   -11.6   -29.2   -11.6   -29.2   -11.6   -29.2   -11.6   -29.2
 13305   -11.6   -32.4   -11.6   -32.4   -11.6   -32.4   -11.6   -32.4   -11.6   -32.4
 13309   -11.7   -36.9   -11.7   -36.9   -11.7   -36.9   -11.7   -36.9   -11.7   -36.9
 13313   -11.6   -40.5   -11.6   -40.5   -11.6   -40.5   -11.6   -40.5   -11.6   -40.5
 13316   -11.6   -44.5   -11.6   -44.5   -11.6   -44.5   -11.6   -44.5   -11.6   -44.5
 13320   -11.7   -47.4   -11.7   -47.4   -11.7   -47.4   -11.7   -47.4   -11.7   -47.4
 13324   -11.6   -51.8   -11.6   -51.8   -11.6   -51.8   -11.6   -51.8   -11.6   -51.8
 13328   -11.7   -55.7   -11.7   -55.7   -11.7   -55.7   -11.7   -55.7   -11.7   -55.7
 13332   -11.6   -59.7   -11.6   -59.7   -11.6   -59.7   -11.6   -59.7   -11.6   -59.7
 13336   -11.6   -63.1   -11.6   -63.1   -11.6   -63.1   -11.6   -63.1   -11.6   -63.1
 13340   -11.6   -67.1   -11.6   -67.1   -11.6   -67.1   -11.6   -67.1   -11.6   -67.1
 13344   -11.6   -70.8   -11.6   -70.8   -11.6   -70.8   -11.6   -70.8   -11.6   -70.8
 13348   -11.5   -74.7   -11.5   -74.7   -11.5   -74.7   -11.5   -74.7   -11.5   -74.7
 13352   -11.6   -78.2   -11.6   -78.2   -11.6   -78.2   -11.6   -78.2   -11.6   -78.2
 13355   -11.7   -82.0   -11.7   -82.0   -11.7   -82.0   -11.7   -82.0   -11.7   -82.0
 13359   -11.6   -85.5   -11.6   -85.5   -11.6   -85.5   -11.6   -85.5   -11.6   -85.5
 13363   -11.6   -89.6   -11.6   -89.6   -11.6   -89.6   -11.6   -89.6   -11.6   -89.6
 13367   -11.5   -94.0   -11.5   -94.0   -11.5   -94.0   -11.5   -94.0   -11.5   -94.0
 13371   -11.6   -96.8   -11.6   -96.8   -11.6   -96.8   -11.6   -96.8   -11.6   -96.8
 13375   -11.6  -101.4   -11.6  -101.4   -11.6  -101.4   -11.6  -101.4   -11.6  -101.4
 13379   -11.5  -104.7   -11.5  -104.7   -11.5  -104.7   -11.5  -104.7   -11.5  -104.7
 13383   -11.5  -108.4   -11.5  -108.4   -11.5  -108.4   -11.5  -108.4   -11.5  -108.4
 13387   -11.5  -112.6   -11.5  -112.6   -11.5  -112.6   -11.5  -112.6   -11.5  -112.6
 13391   -11.4  -116.3   -11.4  -116.3   -11.4  -116.3   -11.4  -116.3   -11.4  -116.3
 13395   -11.6  -120.0   -11.6  -120.0   -11.6  -120.0   -11.6  -120.0   -11.6  -120.0
 13398   -11.5  -123.2   -11.5  -123.2   -11.5  -123.2   -11.5  -123.2   -11.5  -123.2
 13402   -11.4  -127.3   -11.4  -127.3   -11.4  -127.3   -11.4  -127.3   -11.4  -127.3
 13406   -11.5  -131.5   -11.5  -131.5   -11.5  -131.5   -11.5  -131.5   -11.5  -131.5
 13410   -11.4  -134.8   -11.4  -134.8   -11.4  -134.8   -11.4  -134.8   -11.4  -134.8
 13414   -11.5  -138.8   -11.5  -138.8   -11.5  -138.8   -11.5  -138.8   -11.5  -138.8
 13418   -11.4  -142.5   -11.4  -142.5   -11.4  -142.5   -11.4  -142.5   -11.4  -142.5
 13422   -11.3  -146.8   -11.3  -146.8   -11.3  -146.8   -11.3  -146.8   -11.3  -146.8
 13426   -11.4  -150.5   -11.4  -150.5   -11.4  -150.5   -11.4  -150.5   -11.4  -150.5
 13430   -11.5  -154.4   -11.5  -154.4   -11.5  -154.4   -11.5  -154.4   -11.5  -154.4
 13434   -11.4  -158.4   -11.4  -158.4   -11.4  -158.4   -11.4  -158.4   -11.4  -158.4
 13438   -11.3  -162.2   -11.3  -162.2   -11.3  -162.2   -11.3  -162.2   -11.3  -162.2
 13441   -11.3  -165.9   -11.3  -165.9   -11.3  -165.9   -11.3  -165.9   -11.3  -165.9
 13445   -11.4  -169.6   -11.4  -169.6   -11.4  -169.6   -11.4  -169.6   -11.4  -169.6
 13449   -11.4  -173.5   -11.4  -173.5   -11.4  -173.5   -11.4  -173.5   -11.4  -173.5
 13453   -11.4  -177.1   -11.4  -177.1   -11.4  -177.1   -11.4  -177.1   -11.4  -177.1
 13457   -11.3   179.3   -11.3   179.3   -11.3   179.3   -11.3   179.3   -11.3   179.3
 13461   -11.3   174.9   -11.3   174.9   -11.3   174.9   -11.3   174.9   -11.3   174.9
 13465   -11.3   170.7   -11.3   170.7   -11.3   170.7   -11.3   170.7   -11.3   170.7
 13469   -11.3   167.3   -11.3   167.3   -11.3   167.3   -11.3   167.3   -11.3   167.3
 13473   -11.2   163.6   -11.2   163.6   -11.2   163.6   -11.2   163.6   -11.2   163.6
 13477   -11.1   160.4   -11.1   160.4   -11.1   160.4   -11.1   160.4   -11.1   160.4
 13480   -11.1   156.1   -11.1   156.1   -11.1   156.1   -11.1   156.1   -11.1   156.1
 13484   -11.2   152.1   -11.2   152.1   -11.2   152.1   -11.2   152.1   -11.2   152.1
 13488   -11.2   147.8   -11.2   147.8   -11.2   147.8   -11.2   147.8   -11.2   147.8
 13492   -11.1   144.1   -11.1   144.1   -11.1   144.1   -11.1   144.1   -11.1   144.1
 13496   -11.1   140.3   -11.1   140.3   -11.1   140.3   -11.1   140.3   -11.1   140.3
 13500   -11.2   136.6   -11.2   136.6   -11.2   136.6   -11.2   136.6   -11.2   136.6
 13504   -11.1   133.4   -11.1   133.4   -11.1   133.4   -11.1   133.4   -11.1   133.4
 13508   -11.0   129.3   -11.0   129.3   -11.0   129.3   -11.0   129.3   -11.0   129.3
 13512   -11.0   125.6   -11.0   125.6   -11.0   125.6   -11.0   125.6   -11.0   125.6
 13516   -11.0   120.6   -11.0   120.6   -11.0   120.6   -11.0   120.6   -11.0   120.6
 13520   -10.9   117.9   -10.9   117.9   -10.9   117.9   -10.9   117.9   -10.9   117.9
 13523   -11.0   113.6   -11.0   113.6   -11.0   113.6   -11.0   113.6   -11.0   113.6
 13527   -10.9   109.8   -10.9   109.8   -10.9   109.8   -10.9   109.8   -10.9   109.8
 13531   -11.0   105.5   -11.0   105.5   -11.0   105.5   -11.0   105.5   -11.0   105.5
 13535   -10.8   102.0   -10.8   102.0   -10.8   102.0   -10.8   102.0   -10.8   102.0
 13539   -10.8    98.6   -10.8    98.6   -10.8    98.6   -10.8    98.6   -10.8    98.6
 13543   -10.9    94.4   -10.9    94.4   -10.9    94.4   -10.9    94.4   -10.9    94.4
 13547   -10.9    90.4   -10.9    90.4   -10.9    90.4   -10.9    90.4   -10.9    90.4
 13551   -10.8    86.6   -10.8    86.6   -10.8    86.6   -10.8    86.6   -10.8    86.6
 13555   -10.8    82.5   -10.8    82.5   -10.8    82.5   -10.8    82.5   -10.8    82.5
 13559   -10.8    78.4   -10.8    78.4   -10.8    78.4   -10.8    78.4   -10.8    78.4
 13563   -10.7    74.8   -10.7    74.8   -10.7    74.8   -10.7    74.8   -10.7    74.8
 13566   -10.7    71.5   -10.7    71.5   -10.7    71.5   -10.7    71.5   -10.7    71.5
 13570   -10.8    67.4   -10.8    67.4   -10.8    67.4   -10.8    67.4   -10.8    67.4
 13574   -10.7    63.0   -10.7    63.0   -10.7    63.0   -10.7    63.0   -10.7    63.0
 13578   -10.7    59.4   -10.7    59.4   -10.7    59.4   -10.7    59.4   -10.7    59.4
 13582   -10.6    55.2   -10.6    55.2   -10.6    55.2   -10.6    55.2   -10.6    55.2
 13586   -10.7    51.2   -10.7    51.2   -10.7    51.2   -10.7    51.2   -10.7    51.2
 13590   -10.6    48.3   -10.6    48.3   -10.6    48.3   -10.6    48.3   -10.6    48.3
 13594   -10.6    44.1   -10.6    44.1   -10.6    44.1   -10.6    44.1   -10.6    44.1
 13598   -10.6    40.7   -10.6    40.7   -10.6    40.7   -10.6    40.7   -10.6    40.7
 13602   -10.4    36.3   -10.4    36.3   -10.4    36.3   -10.4    36.3   -10.4    36.3
 13605   -10.4    32.1   -10.4    32.1   -10.4    32.1   -10.4    32.1   -10.4    32.1
 13609   -10.5    28.3   -10.5    28.3   -10.5    28.3   -10.5    28.3   -10.5    28.3
 13613   -10.5    24.8   -10.5    24.8   -10.5    24.8   -10.5    24.8   -10.5    24.8
 13617   -10.5    20.0   -10.5    20.0   -10.5    20.0   -10.5    20.0   -10.5    20.0
 13621   -10.4    15.9   -10.4    15.9   -10.4    15.9   -10.4    15.9   -10.4    15.9
 13625   -10.4    12.9   -10.4    12.9   -10.4    12.9   -10.4    12.9   -10.4    12.9
 13629   -10.3     8.5   -10.3     8.5   -10.3     8.5   -10.3     8.5   -10.3     8.5
 13633   -10.3     4.3   -10.3     4.3   -10.3     4.3   -10.3     4.3   -10.3     4.3
 13637   -10.2     0.5   -10.2     0.5   -10.2     0.5   -10.2     0.5   -10.2     0.5
 13641   -10.2    -3.0   -10.2    -3.0   -10.2    -3.0   -10.2    -3.0   -10.2    -3.0
 13645   -10.2    -7.0   -10.2    -7.0   -10.2    -7.0   -10.2    -7.0   -10.2    -7.0
 13648   -10.2   -11.0   -10.2   -11.0   -10.2   -11.0   -10.2   -11.0   -10.2   -11.0
 13652   -10.2   -15.0   -10.2   -15.0   -10.2   -15.0   -10.2   -15.0   -10.2   -15.0
 13656   -10.1   -19.2   -10.1   -19.2   -10.1   -19.2   -10.1   -19.2   -10.1   -19.2
 13660   -10.1   -22.2   -10.1   -22.2   -10.1   -22.2   -10.1   -22.2   -10.1   -22.2
 13664   -10.1   -26.4   -10.1   -26.4   -10.1   -26.4   -10.1   -26.4   -10.1   -26.4
 13668   -10.0   -30.4   -10.0   -30.4   -10.0   -30.4   -10.0   -30.4   -10.0   -30.4
 13672   -10.1   -34.8   -10.1   -34.8   -10.1   -34.8   -10.1   -34.8   -10.1   -34.8
 13676   -10.0   -38.3   -10.0   -38.3   -10.0   -38.3   -10.0   -38.3   -10.0   -38.3
 13680   -10.0   -42.6   -10.0   -42.6   -10.0   -42.6   -10.0   -42.6   -10.0   -42.6
 13684   -10.0   -46.5   -10.0   -46.5   -10.0   -46.5   -10.0   -46.5   -10.0   -46.5
 13688   -10.0   -49.6   -10.0   -49.6   -10.0   -49.6   -10.0   -49.6   -10.0   -49.6
 13691    -9.8   -53.9    -9.8   -53.9    -9.8   -53.9    -9.8   -53.9    -9.8   -53.9
 13695    -9.9   -58.2    -9.9   -58.2    -9.9   -58.2    -9.9   -58.2    -9.9   -58.2
 13699    -9.8   -61.9    -9.8   -61.9    -9.8   -61.9    -9.8   -61.9    -9.8   -61.9
 13703    -9.8   -66.2    -9.8   -66.2    -9.8   -66.2    -9.8   -66.2    -9.8   -66.2
 13707    -9.9   -70.1    -9.9   -70.1    -9.9   -70.1    -9.9   -70.1    -9.9   -70.1
 13711    -9.7   -73.9    -9.7   -73.9    -9.7   -73.9    -9.7   -73.9    -9.7   -73.9
 13715    -9.7   -77.7    -9.7   -77.7    -9.7   -77.7    -9.7   -77.7    -9.7   -77.7
 13719    -9.8   -81.6    -9.8   -81.6    -9.8   -81.6    -9.8   -81.6    -9.8   -81.6
 13723    -9.7   -85.6    -9.7   -85.6    -9.7   -85.6    -9.7   -85.6    -9.7   -85.6
 13727    -9.6   -89.9    -9.6   -89.9    -9.6   -89.9    -9.6   -89.9    -9.6   -89.9
 13730    -9.6   -93.6    -9.6   -93.6    -9.6   -93.6    -9.6   -93.6    -9.6   -93.6
 13734    -9.6   -97.6    -9.6   -97.6    -9.6   -97.6    -9.6   -97.6    -9.6   -97.6
 13738    -9.5  -101.8    -9.5  -101.8    -9.5  -101.8    -9.5  -101.8    -9.5  -101.8
 13742    -9.5  -105.0    -9.5  -105.0    -9.5  -105.0    -9.5  -105.0    -9.5  -105.0
 13746    -9.5  -109.5    -9.5  -109.5    -9.5  -109.5    -9.5  -109.5    -9.5  -109.5
 13750    -9.5  -113.7    -9.5  -113.7    -9.5  -113.7    -9.5  -113.7    -9.5  -113.7
 13754    -9.4  -117.3    -9.4  -117.3    -9.4  -117.3    -9.4  -117.3    -9.4  -117.3
 13758    -9.4  -121.3    -9.4  -121.3    -9.4  -121.3    -9.4  -121.3    -9.4  -121.3
 13762    -9.4  -125.3    -9.4  -125.3    -9.4  -125.3    -9.4  -125.3    -9.4  -125.3
 13766    -9.3  -129.4    -9.3  -129.4    -9.3  -129.4    -9.3  -129.4    -9.3  -129.4
 13770    -9.3  -133.4    -9.3  -133.4    -9.3  -133.4    -9.3  -133.4    -9.3  -133.4
 13773    -9.3  -137.3    -9.3  -137.3    -9.3  -137.3    -9.3  -137.3    -9.3  -137.3
 13777    -9.2  -141.3    -9.2  -141.3    -9.2  -141.3    -9.2  -141.3    -9.2  -141.3
 13781    -9.3  -145.3    -9.3  -145.3    -9.3  -145.3    -9.3  -145.3    -9.3  -145.3
 13785    -9.2  -149.5    -9.2  -149.5    -9.2  -149.5    -9.2  -149.5    -9.2  -149.5
 13789    -9.2  -153.8    -9.2  -153.8    -9.2  -153.8    -9.2  -153.8    -9.2  -153.8
 13793    -9.2  -157.5    -9.2  -157.5    -9.2  -157.5    -9.2  -157.5    -9.2  -157.5
 13797    -9.2  -161.2    -9.2  -161.2    -9.2  -161.2    -9.2  -161.2    -9.2  -161.2
 13801    -9.2  -165.4    -9.2  -165.4    -9.2  -165.4    -9.2  -165.4    -9.2  -165.4
 13805    -9.1  -169.3    -9.1  -169.3    -9.1  -169.3    -9.1  -169.3    -9.1  -169.3
 13809    -8.9  -173.6    -8.9  -173.6    -8.9  -173.6    -8.9  -173.6    -8.9  -173.6
 13813    -9.0  -177.7    -9.0  -177.7    -9.0  -177.7    -9.0  -177.7    -9.0  -177.7
 13816    -9.0   178.8    -9.0   178.8    -9.0   178.8    -9.0   178.8    -9.0   178.8
 13820    -8.9   174.4    -8.9   174.4    -8.9   174.4    -8.9   174.4    -8.9   174.4
 13824    -9.0   170.3    -9.0   170.3    -9.0   170.3    -9.0   170.3    -9.0   170.3
 13828    -8.9   166.8    -8.9   166.8    -8.9   166.8    -8.9   166.8    -8.9   166.8
 13832    -8.9   162.9    -8.9   162.9    -8.9   162.9    -8.9   162.9    -8.9   162.9
 13836    -8.8   158.4    -8.8   158.4    -8.8   158.4    -8.8   158.4    -8.8   158.4
 13840    -8.8   154.2    -8.8   154.2    -8.8   154.2    -8.8   154.2    -8.8   154.2
 13844    -8.8   150.3    -8.8   150.3    -8.8   150.3    -8.8   150.3    -8.8   150.3
 13848    -8.7   146.3    -8.7   146.3    -8.7   146.3    -8.7   146.3    -8.7   146.3
 13852    -8.7   142.3    -8.7   142.3    -8.7   142.3    -8.7   142.3    -8.7   142.3
 13855    -8.7   138.9    -8.7   138.9    -8.7   138.9    -8.7   138.9    -8.7   138.9
 13859    -8.6   134.5    -8.6   134.5    -8.6   134.5    -8.6   134.5    -8.6   134.5
 13863    -8.5   130.1    -8.5   130.1    -8.5   130.1    -8.5   130.1    -8.5   130.1
 13867    -8.4   125.8    -8.4   125.8    -8.4   125.8    -8.4   125.8    -8.4   125.8
 13871    -8.6   122.2    -8.6   122.2    -8.6   122.2    -8.6   122.2    -8.6   122.2
 13875    -8.5   118.0    -8.5   118.0    -8.5   118.0    -8.5   118.0    -8.5   118.0
 13879    -8.4   113.9    -8.4   113.9    -8.4   113.9    -8.4   113.9    -8.4   113.9
 13883    -8.4   110.1    -8.4   110.1    -8.4   110.1    -8.4   110.1    -8.4   110.1
 13887    -8.4   105.8    -8.4   105.8    -8.4   105.8    -8.4   105.8    -8.4   105.8
 13891    -8.4   102.0    -8.4   102.0    -8.4   102.0    -8.4   102.0    -8.4   102.0
 13895    -8.3    97.5    -8.3    97.5    -8.3    97.5    -8.3    97.5    -8.3    97.5
 13898    -8.3    93.7    -8.3    93.7    -8.3    93.7    -8.3    93.7    -8.3    93.7
 13902    -8.2    89.5    -8.2    89.5    -8.2    89.5    -8.2    89.5    -8.2    89.5
 13906    -8.3    85.7    -8.3    85.7    -8.3    85.7    -8.3    85.7    -8.3    85.7
 13910    -8.1    81.5    -8.1    81.5    -8.1    81.5    -8.1    81.5    -8.1    81.5
 13914    -8.2    76.9    -8.2    76.9    -8.2    76.9    -8.2    76.9    -8.2    76.9
 13918    -8.2    73.5    -8.2    73.5    -8.2    73.5    -8.2    73.5    -8.2    73.5
 13922    -8.0    69.4    -8.0    69.4    -8.0    69.4    -8.0    69.4    -8.0    69.4
 13926    -8.1    64.9    -8.1    64.9    -8.1    64.9    -8.1    64.9    -8.1    64.9
 13930    -8.0    61.6    -8.0    61.6    -8.0    61.6    -8.0    61.6    -8.0    61.6
 13934    -8.0    57.0    -8.0    57.0    -8.0    57.0    -8.0    57.0    -8.0    57.0
 13938    -7.9    53.0    -7.9    53.0    -7.9    53.0    -7.9    53.0    -7.9    53.0
 13941    -7.9    48.7    -7.9    48.7    -7.9    48.7    -7.9    48.7    -7.9    48.7
 13945    -7.9    44.7    -7.9    44.7    -7.9    44.7    -7.9    44.7    -7.9    44.7
 13949    -7.8    41.2    -7.8    41.2    -7.8    41.2    -7.8    41.2    -7.8    41.2
 13953    -7.9    36.7    -7.9    36.7    -7.9    36.7    -7.9    36.7    -7.9    36.7
 13957    -7.8    32.5    -7.8    32.5    -7.8    32.5    -7.8    32.5    -7.8    32.5
 13961    -7.8    28.4    -7.8    28.4    -7.8    28.4    -7.8    28.4    -7.8    28.4
 13965    -7.7    24.7    -7.7    24.7    -7.7    24.7    -7.7    24.7    -7.7    24.7
 13969    -7.6    20.6    -7.6    20.6    -7.6    20.6    -7.6    20.6    -7.6    20.6
 13973    -7.7    16.6    -7.7    16.6    -7.7    16.6    -7.7    16.6    -7.7    16.6
 13977    -7.6    12.2    -7.6    12.2    -7.6    12.2    -7.6    12.2    -7.6    12.2
 13980    -7.6     8.0    -7.6     8.0    -7.6     8.0    -7.6     8.0    -7.6     8.0
 13984    -7.5     4.2    -7.5     4.2    -7.5     4.2    -7.5     4.2    -7.5     4.2
 13988    -7.6     0.1    -7.6     0.1    -7.6     0.1    -7.6     0.1    -7.6     0.1
 13992    -7.5    -3.8    -7.5    -3.8    -7.5    -3.8    -7.5    -3.8    -7.5    -3.8
 13996    -7.4    -8.7    -7.4    -8.7    -7.4    -8.7    -7.4    -8.7    -7.4    -8.7
 14000    -7.4   -12.1    -7.4   -12.1    -7.4   -12.1    -7.4   -12.1    -7.4   -12.1
 14004    -7.4   -16.4    -7.4   -16.4    -7.4   -16.4    -7.4   -16.4    -7.4   -16.4
 14008    -7.3   -20.6    -7.3   -20.6    -7.3   -20.6    -7.3   -20.6    -7.3   -20.6
 14012    -7.3   -24.4    -7.3   -24.4    -7.3   -24.4    -7.3   -24.4    -7.3   -24.4
 14016    -7.2   -28.9    -7.2   -28.9    -7.2   -28.9    -7.2   -28.9    -7.2   -28.9
 14020    -7.2   -33.0    -7.2   -33.0    -7.2   -33.0    -7.2   -33.0    -7.2   -33.0
 14023    -7.1   -37.3    -7.1   -37.3    -7.1   -37.3    -7.1   -37.3    -7.1   -37.3
 14027    -7.1   -41.6    -7.1   -41.6    -7.1   -41.6    -7.1   -41.6    -7.1   -41.6
 14031    -7.2   -45.6    -7.2   -45.6    -7.2   -45.6    -7.2   -45.6    -7.2   -45.6
 14035    -7.1   -49.8    -7.1   -49.8    -7.1   -49.8    -7.1   -49.8    -7.1   -49.8
 14039    -7.0   -54.0    -7.0   -54.0    -7.0   -54.0    -7.0   -54.0    -7.0   -54.0
 14043    -7.0   -58.1    -7.0   -58.1    -7.0   -58.1    -7.0   -58.1    -7.0   -58.1
 14047    -7.0   -61.8    -7.0   -61.8    -7.0   -61.8    -7.0   -61.8    -7.0   -61.8
 14051    -7.0   -66.3    -7.0   -66.3    -7.0   -66.3    -7.0   -66.3    -7.0   -66.3
 14055    -6.9   -70.4    -6.9   -70.4    -6.9   -70.4    -6.9   -70.4    -6.9   -70.4
 14059    -6.8   -74.3    -6.8   -74.3    -6.8   -74.3    -6.8   -74.3    -6.8   -74.3
 14063    -6.8   -78.7    -6.8   -78.7    -6.8   -78.7    -6.8   -78.7    -6.8   -78.7
 14066    -6.8   -82.5    -6.8   -82.5    -6.8   -82.5    -6.8   -82.5    -6.8   -82.5
 14070    -6.7   -86.8    -6.7   -86.8    -6.7   -86.8    -6.7   -86.8    -6.7   -86.8
 14074    -6.7   -91.4    -6.7   -91.4    -6.7   -91.4    -6.7   -91.4    -6.7   -91.4
 14078    -6.6   -95.5    -6.6   -95.5    -6.6   -95.5    -6.6   -95.5    -6.6   -95.5
 14082    -6.6   -99.4    -6.6   -99.4    -6.6   -99.4    -6.6   -99.4    -6.6   -99.4
 14086    -6.6  -103.6    -6.6  -103.6    -6.6  -103.6    -6.6  -103.6    -6.6  -103.6
 14090    -6.5  -107.7    -6.5  -107.7    -6.5  -107.7    -6.5  -107.7    -6.5  -107.7
 14094    -6.5  -112.1    -6.5  -112.1    -6.5  -112.1    -6.5  -112.1    -6.5  -112.1
 14098    -6.4  -116.6    -6.4  -116.6    -6.4  -116.6    -6.4  -116.6    -6.4  -116.6
 14102    -6.4  -120.5    -6.4  -120.5    -6.4  -120.5    -6.4  -120.5    -6.4  -120.5
 14105    -6.4  -124.9    -6.4  -124.9    -6.4  -124.9    -6.4  -124.9    -6.4  -124.9
 14109    -6.3  -128.7    -6.3  -128.7    -6.3  -128.7    -6.3  -128.7    -6.3  -128.7
 14113    -6.4  -133.0    -6.4  -133.0    -6.4  -133.0    -6.4  -133.0    -6.4  -133.0
 14117    -6.2  -137.3    -6.2  -137.3    -6.2  -137.3    -6.2  -137.3    -6.2  -137.3
 14121    -6.2  -141.4    -6.2  -141.4    -6.2  -141.4    -6.2  -141.4    -6.2  -141.4
 14125    -6.2  -145.1    -6.2  -145.1    -6.2  -145.1    -6.2  -145.1    -6.2  -145.1
 14129    -6.1  -149.5    -6.1  -149.5    -6.1  -149.5    -6.1  -149.5    -6.1  -149.5
 14133    -6.1  -154.0    -6.1  -154.0    -6.1  -154.0    -6.1  -154.0    -6.1  -154.0
 14137    -6.1  -158.2    -6.1  -158.2    -6.1  -158.2    -6.1  -158.2    -6.1  -158.2
 14141    -6.1  -162.6    -6.1  -162.6    -6.1  -162.6    -6.1  -162.6    -6.1  -162.6
 14145    -6.1  -166.5    -6.1  -166.5    -6.1  -166.5    -6.1  -166.5    -6.1  -166.5
 14148    -5.9  -170.8    -5.9  -170.8    -5.9  -170.8    -5.9  -170.8    -5.9  -170.8
 14152    -5.9  -175.1    -5.9  -175.1    -5.9  -175.1    -5.9  -175.1    -5.9  -175.1
 14156    -5.9  -179.5    -5.9  -179.5    -5.9  -179.5    -5.9  -179.5    -5.9  -179.5
 14160    -5.8   176.2    -5.8   176.2    -5.8   176.2    -5.8   176.2    -5.8   176.2
 14164    -5.8   172.3    -5.8   172.3    -5.8   172.3    -5.8   172.3    -5.8   172.3
 14168    -5.8   168.0    -5.8   168.0    -5.8   168.0    -5.8   168.0    -5.8   168.0
 14172    -5.7   163.8    -5.7   163.8    -5.7   163.8    -5.7   163.8    -5.7   163.8
 14176    -5.7   159.5    -5.7   159.5    -5.7   159.5    -5.7   159.5    -5.7   159.5
 14180    -5.6   155.6    -5.6   155.6    -5.6   155.6    -5.6   155.6    -5.6   155.6
 14184    -5.6   151.2    -5.6   151.2    -5.6   151.2    -5.6   151.2    -5.6   151.2
 14188    -5.6   146.7    -5.6   146.7    -5.6   146.7    -5.6   146.7    -5.6   146.7
 14191    -5.5   142.8    -5.5   142.8    -5.5   142.8    -5.5   142.8    -5.5   142.8
 14195    -5.4   138.2    -5.4   138.2    -5.4   138.2    -5.4   138.2    -5.4   138.2
 14199    -5.4   134.1    -5.4   134.1    -5.4   134.1    -5.4   134.1    -5.4   134.1
 14203    -5.3   129.6    -5.3   129.6    -5.3   129.6    -5.3   129.6    -5.3   129.6
 14207    -5.4   125.5    -5.4   125.5    -5.4   125.5    -5.4   125.5    -5.4   125.5
 14211    -5.3   121.2    -5.3   121.2    -5.3   121.2    -5.3   121.2    -5.3   121.2
 14215    -5.2   117.2    -5.2   117.2    -5.2   117.2    -5.2   117.2    -5.2   117.2
 14219    -5.2   112.6    -5.2   112.6    -5.2   112.6    -5.2   112.6    -5.2   112.6
 14223    -5.1   108.8    -5.1   108.8    -5.1   108.8    -5.1   108.8    -5.1   108.8
 14227    -5.1   103.9    -5.1   103.9    -5.1   103.9    -5.1   103.9    -5.1   103.9
 14230    -5.1    99.7    -5.1    99.7    -5.1    99.7    -5.1    99.7    -5.1    99.7
 14234    -5.0    95.6    -5.0    95.6    -5.0    95.6    -5.0    95.6    -5.0    95.6
 14238    -4.9    91.0    -4.9    91.0    -4.9    91.0    -4.9    91.0    -4.9    91.0
 14242    -4.9    86.7    -4.9    86.7    -4.9    86.7    -4.9    86.7    -4.9    86.7
 14246    -4.9    82.2    -4.9    82.2    -4.9    82.2    -4.9    82.2    -4.9    82.2
 14250    -4.8    78.3    -4.8    78.3    -4.8    78.3    -4.8    78.3    -4.8    78.3
 14254    -4.8    73.5    -4.8    73.5    -4.8    73.5    -4.8    73.5    -4.8    73.5
 14258    -4.7    69.7    -4.7    69.7    -4.7    69.7    -4.7    69.7    -4.7    69.7
 14262    -4.6    65.3    -4.6    65.3    -4.6    65.3    -4.6    65.3    -4.6    65.3
 14266    -4.6    60.8    -4.6    60.8    -4.6    60.8    -4.6    60.8    -4.6    60.8
 14270    -4.5    56.7    -4.5    56.7    -4.5    56.7    -4.5    56.7    -4.5    56.7
 14273    -4.5    52.2    -4.5    52.2    -4.5    52.2    -4.5    52.2    -4.5    52.2
 14277    -4.4    48.0    -4.4    48.0    -4.4    48.0    -4.4    48.0    -4.4    48.0
 14281    -4.4    43.8    -4.4    43.8    -4.4    43.8    -4.4    43.8    -4.4    43.8
 14285    -4.4    39.5    -4.4    39.5    -4.4    39.5    -4.4    39.5    -4.4    39.5
 14289    -4.3    35.0    -4.3    35.0    -4.3    35.0    -4.3    35.0    -4.3    35.0
 14293    -4.2    30.4    -4.2    30.4    -4.2    30.4    -4.2    30.4    -4.2    30.4
 14297    -4.2    25.9    -4.2    25.9    -4.2    25.9    -4.2    25.9    -4.2    25.9
 14301    -4.1    21.6    -4.1    21.6    -4.1    21.6    -4.1    21.6    -4.1    21.6
 14305    -4.1    17.4    -4.1    17.4    -4.1    17.4    -4.1    17.4    -4.1    17.4
 14309    -4.0    12.9    -4.0    12.9    -4.0    12.9    -4.0    12.9    -4.0    12.9
 14313    -4.0     8.0    -4.0     8.0    -4.0     8.0    -4.0     8.0    -4.0     8.0
 14316    -3.9     4.1    -3.9     4.1    -3.9     4.1    -3.9     4.1    -3.9     4.1
 14320    -3.9    -0.3    -3.9    -0.3    -3.9    -0.3    -3.9    -0.3    -3.9    -0.3
 14324    -3.9    -5.0    -3.9    -5.0    -3.9    -5.0    -3.9    -5.0    -3.9    -5.0
 14328    -3.7    -9.1    -3.7    -9.1    -3.7    -9.1    -3.7    -9.1    -3.7    -9.1
 14332    -3.7   -13.8    -3.7   -13.8    -3.7   -13.8    -3.7   -13.8    -3.7   -13.8
 14336    -3.7   -18.0    -3.7   -18.0    -3.7   -18.0    -3.7   -18.0    -3.7   -18.0
 14340    -3.6   -22.5    -3.6   -22.5    -3.6   -22.5    -3.6   -22.5    -3.6   -22.5
 14344    -3.5   -27.1    -3.5   -27.1    -3.5   -27.1    -3.5   -27.1    -3.5   -27.1
 14348    -3.5   -31.5    -3.5   -31.5    -3.5   -31.5    -3.5   -31.5    -3.5   -31.5
 14352    -3.4   -35.8    -3.4   -35.8    -3.4   -35.8    -3.4   -35.8    -3.4   -35.8
 14355    -3.3   -40.3    -3.3   -40.3    -3.3   -40.3    -3.3   -40.3    -3.3   -40.3
 14359    -3.3   -44.9    -3.3   -44.9    -3.3   -44.9    -3.3   -44.9    -3.3   -44.9
 14363    -3.2   -49.3    -3.2   -49.3    -3.2   -49.3    -3.2   -49.3    -3.2   -49.3
 14367    -3.2   -54.0    -3.2   -54.0    -3.2   -54.0    -3.2   -54.0    -3.2   -54.0
 14371    -3.1   -58.5    -3.1   -58.5    -3.1   -58.5    -3.1   -58.5    -3.1   -58.5
 14375    -3.0   -62.9    -3.0   -62.9    -3.0   -62.9    -3.0   -62.9    -3.0   -62.9
 14379    -3.0   -67.5    -3.0   -67.5    -3.0   -67.5    -3.0   -67.5    -3.0   -67.5
 14383    -2.9   -71.9    -2.9   -71.9    -2.9   -71.9    -2.9   -71.9    -2.9   -71.9
 14387    -2.9   -76.6    -2.9   -76.6    -2.9   -76.6    -2.9   -76.6    -2.9   -76.6
 14391    -2.7   -80.8    -2.7   -80.8    -2.7   -80.8    -2.7   -80.8    -2.7   -80.8
 14395    -2.7   -85.3    -2.7   -85.3    -2.7   -85.3    -2.7   -85.3    -2.7   -85.3
 14398    -2.6   -90.0    -2.6   -90.0    -2.6   -90.0    -2.6   -90.0    -2.6   -90.0
 14402    -2.6   -94.8    -2.6   -94.8    -2.6   -94.8    -2.6   -94.8    -2.6   -94.8
 14406    -2.5   -99.1    -2.5   -99.1    -2.5   -99.1    -2.5   -99.1    -2.5   -99.1
 14410    -2.5  -103.7    -2.5  -103.7    -2.5  -103.7    -2.5  -103.7    -2.5  -103.7
 14414    -2.4  -108.3    -2.4  -108.3    -2.4  -108.3    -2.4  -108.3    -2.4  -108.3
 14418    -2.3  -113.0    -2.3  -113.0    -2.3  -113.0    -2.3  -113.0    -2.3  -113.0
 14422    -2.3  -117.5    -2.3  -117.5    -2.3  -117.5    -2.3  -117.5    -2.3  -117.5
 14426    -2.2  -122.3    -2.2  -122.3    -2.2  -122.3    -2.2  -122.3    -2.2  -122.3
 14430    -2.1  -126.8    -2.1  -126.8    -2.1  -126.8    -2.1  -126.8    -2.1  -126.8
 14434    -2.0  -131.2    -2.0  -131.2    -2.0  -131.2    -2.0  -131.2    -2.0  -131.2
 14438    -2.0  -136.3    -2.0  -136.3    -2.0  -136.3    -2.0  -136.3    -2.0  -136.3
 14441    -1.9  -140.7    -1.9  -140.7    -1.9  -140.7    -1.9  -140.7    -1.9  -140.7
 14445    -1.8  -145.4    -1.8  -145.4    -1.8  -145.4    -1.8  -145.4    -1.8  -145.4
 14449    -1.7  -150.1    -1.7  -150.1    -1.7  -150.1    -1.7  -150.1    -1.7  -150.1
 14453    -1.6  -154.6    -1.6  -154.6    -1.6  -154.6    -1.6  -154.6    -1.6  -154.6
 14457    -1.5  -159.5    -1.5  -159.5    -1.5  -159.5    -1.5  -159.5    -1.5  -159.5
 14461    -1.5  -164.0    -1.5  -164.0    -1.5  -164.0    -1.5  -164.0    -1.5  -164.0
 14465    -1.4  -168.9    -1.4  -168.9    -1.4  -168.9    -1.4  -168.9    -1.4  -168.9
 14469    -1.3  -173.7    -1.3  -173.7    -1.3  -173.7    -1.3  -173.7    -1.3  -173.7
 14473    -1.2  -178.5    -1.2  -178.5    -1.2  -178.5    -1.2  -178.5    -1.2  -178.5
 14477    -1.2   177.0    -1.2   177.0    -1.2   177.0    -1.2   177.0    -1.2   177.0
 14480    -1.1   171.9    -1.1   171.9    -1.1   171.9    -1.1   171.9    -1.1   171.9
 14484    -1.0   167.2    -1.0   167.2    -1.0   167.2    -1.0   167.2    -1.0   167.2
 14488    -0.9   162.4    -0.9   162.4    -0.9   162.4    -0.9   162.4    -0.9   162.4
 14492    -0.8   157.7    -0.8   157.7    -0.8   157.7    -0.8   157.7    -0.8   157.7
 14496    -0.7   152.7    -0.7   152.7    -0.7   152.7    -0.7   152.7    -0.7   152.7
 14500    -0.6   148.0    -0.6   148.0    -0.6   148.0    -0.6   148.0    -0.6   148.0
 14504    -0.6   143.3    -0.6   143.3    -0.6   143.3    -0.6   143.3    -0.6   143.3
 14508    -0.5   138.2    -0.5   138.2    -0.5   138.2    -0.5   138.2    -0.5   138.2
 14512    -0.4   133.4    -0.4   133.4    -0.4   133.4    -0.4   133.4    -0.4   133.4
 14516    -0.2   128.3    -0.2   128.3    -0.2   128.3    -0.2   128.3    -0.2   128.3
 14520    -0.2   123.5    -0.2   123.5    -0.2   123.5    -0.2   123.5    -0.2   123.5
 14523    -0.1   118.7    -0.1   118.7    -0.1   118.7    -0.1   118.7    -0.1   118.7
 14527     0.0   113.5     0.0   113.5     0.0   113.5     0.0   113.5     0.0   113.5
 14531     0.1   108.6     0.1   108.6     0.1   108.6     0.1   108.6     0.1   108.6
 14535     0.2   103.4     0.2   103.4     0.2   103.4     0.2   103.4     0.2   103.4
 14539     0.3    98.5     0.3    98.5     0.3    98.5     0.3    98.5     0.3    98.5
 14543     0.4    93.4     0.4    93.4     0.4    93.4     0.4    93.4     0.4    93.4
 14547     0.5    88.4     0.5    88.4     0.5    88.4     0.5    88.4     0.5    88.4
 14551     0.6    83.4     0.6    83.4     0.6    83.4     0.6    83.4     0.6    83.4
 14555     0.8    78.0     0.8    78.0     0.8    78.0     0.8    78.0     0.8    78.0
 14559     0.8    72.9     0.8    72.9     0.8    72.9     0.8    72.9     0.8    72.9
 14563     1.0    67.8     1.0    67.8     1.0    67.8     1.0    67.8     1.0    67.8
 14566     1.1    62.3     1.1    62.3     1.1    62.3     1.1    62.3     1.1    62.3
 14570     1.2    57.3     1.2    57.3     1.2    57.3     1.2    57.3     1.2    57.3
 14574     1.3    52.0     1.3    52.0     1.3    52.0     1.3    52.0     1.3    52.0
 14578     1.4    46.8     1.4    46.8     1.4    46.8     1.4    46.8     1.4    46.8
 14582     1.5    41.4     1.5    41.4     1.5    41.4     1.5    41.4     1.5    41.4
 14586     1.7    35.9     1.7    35.9     1.7    35.9     1.7    35.9     1.7    35.9
 14590     1.8    30.7     1.8    30.7     1.8    30.7     1.8    30.7     1.8    30.7
 14594     1.9    25.4     1.9    25.4     1.9    25.4     1.9    25.4     1.9    25.4
 14598     2.0    19.7     2.0    19.7     2.0    19.7     2.0    19.7     2.0    19.7
 14602     2.1    14.2     2.1    14.2     2.1    14.2     2.1    14.2     2.1    14.2
 14605     2.2     8.7     2.2     8.7     2.2     8.7     2.2     8.7     2.2     8.7
 14609     2.4     3.1     2.4     3.1     2.4     3.1     2.4     3.1     2.4     3.1
 14613     2.5    -2.3     2.5    -2.3     2.5    -2.3     2.5    -2.3     2.5    -2.3
 14617     2.6    -8.2     2.6    -8.2     2.6    -8.2     2.6    -8.2     2.6    -8.2
 14621     2.7   -13.8     2.7   -13.8     2.7   -13.8     2.7   -13.8     2.7   -13.8
 14625     2.9   -19.7     2.9   -19.7     2.9   -19.7     2.9   -19.7     2.9   -19.7
 14629     3.0   -25.6     3.0   -25.6     3.0   -25.6     3.0   -25.6     3.0   -25.6
 14633     3.1   -31.1     3.1   -31.1     3.1   -31.1     3.1   -31.1     3.1   -31.1
 14637     3.2   -37.2     3.2   -37.2     3.2   -37.2     3.2   -37.2     3.2   -37.2
 14641     3.4   -42.8     3.4   -42.8     3.4   -42.8     3.4   -42.8     3.4   -42.8
 14645     3.5   -49.1     3.5   -49.1     3.5   -49.1     3.5   -49.1     3.5   -49.1
 14648     3.6   -55.1     3.6   -55.1     3.6   -55.1     3.6   -55.1     3.6   -55.1
 14652     3.7   -61.2     3.7   -61.2     3.7   -61.2     3.7   -61.2     3.7   -61.2
 14656     3.9   -67.3     3.9   -67.3     3.9   -67.3     3.9   -67.3     3.9   -67.3
 14660     3.9   -73.6     3.9   -73.6     3.9   -73.6     3.9   -73.6     3.9   -73.6
 14664     4.1   -79.8     4.1   -79.8     4.1   -79.8     4.1   -79.8     4.1   -79.8
 14668     4.2   -86.2     4.2   -86.2     4.2   -86.2     4.2   -86.2     4.2   -86.2
 14672     4.3   -92.5     4.3   -92.5     4.3   -92.5     4.3   -92.5     4.3   -92.5
 14676     4.4   -99.0     4.4   -99.0     4.4   -99.0     4.4   -99.0     4.4   -99.0
 14680     4.5  -105.5     4.5  -105.5     4.5  -105.5     4.5  -105.5     4.5  -105.5
 14684     4.6  -111.9     4.6  -111.9     4.6  -111.9     4.6  -111.9     4.6  -111.9
 14688     4.6  -118.8     4.6  -118.8     4.6  -118.8     4.6  -118.8     4.6  -118.8
 14691     4.7  -125.1     4.7  -125.1     4.7  -125.1     4.7  -125.1     4.7  -125.1
 14695     4.8  -132.1     4.8  -132.1     4.8  -132.1     4.8  -132.1     4.8  -132.1
 14699     4.8  -138.8     4.8  -138.8     4.8  -138.8     4.8  -138.8     4.8  -138.8
 14703     4.9  -145.6     4.9  -145.6     4.9  -145.6     4.9  -145.6     4.9  -145.6
 14707     5.0  -152.5     5.0  -152.5     5.0  -152.5     5.0  -152.5     5.0  -152.5
 14711     5.0  -159.3     5.0  -159.3     5.0  -159.3     5.0  -159.3     5.0  -159.3
 14715     5.0  -166.3     5.0  -166.3     5.0  -166.3     5.0  -166.3     5.0  -166.3
 14719     5.0  -173.3     5.0  -173.3     5.0  -173.3     5.0  -173.3     5.0  -173.3
 14723     5.0   179.8     5.0   179.8     5.0   179.8     5.0   179.8     5.0   179.8
 14727     5.0   172.8     5.0   172.8     5.0   172.8     5.0   172.8     5.0   172.8
 14730     5.0   165.7     5.0   165.7     5.0   165.7     5.0   165.7     5.0   165.7
 14734     5.0   158.8     5.0   158.8     5.0   158.8     5.0   158.8     5.0   158.8
 14738     4.9   151.5     4.9   151.5     4.9   151.5     4.9   151.5     4.9   151.5
 14742     4.9   144.7     4.9   144.7     4.9   144.7     4.9   144.7     4.9   144.7
 14746     4.8   137.4     4.8   137.4     4.8   137.4     4.8   137.4     4.8   137.4
 14750     4.7   130.6     4.7   130.6     4.7   130.6     4.7   130.6     4.7   130.6
 14754     4.6   123.5     4.6   123.5     4.6   123.5     4.6   123.5     4.6   123.5
 14758     4.6   116.5     4.6   116.5     4.6   116.5     4.6   116.5     4.6   116.5
 14762     4.4   109.5     4.4   109.5     4.4   109.5     4.4   109.5     4.4   109.5
 14766     4.4   102.6     4.4   102.6     4.4   102.6     4.4   102.6     4.4   102.6
 14770     4.2    95.7     4.2    95.7     4.2    95.7     4.2    95.7     4.2    95.7
 14773     4.1    88.9     4.1    88.9     4.1    88.9     4.1    88.9     4.1    88.9
 14777     4.0    82.1     4.0    82.1     4.0    82.1     4.0    82.1     4.0    82.1
 14781     3.8    75.2     3.8    75.2     3.8    75.2     3.8    75.2     3.8    75.2
 14785     3.7    68.7     3.7    68.7     3.7    68.7     3.7    68.7     3.7    68.7
 14789     3.5    61.7     3.5    61.7     3.5    61.7     3.5    61.7     3.5    61.7
 14793     3.4    55.3     3.4    55.3     3.4    55.3     3.4    55.3     3.4    55.3
 14797     3.2    48.5     3.2    48.5     3.2    48.5     3.2    48.5     3.2    48.5
 14801     3.1    42.1     3.1    42.1     3.1    42.1     3.1    42.1     3.1    42.1
 14805     2.9    35.4     2.9    35.4     2.9    35.4     2.9    35.4     2.9    35.4
 14809     2.8    28.9     2.8    28.9     2.8    28.9     2.8    28.9     2.8    28.9
 14813     2.6    22.4     2.6    22.4     2.6    22.4     2.6    22.4     2.6    22.4
 14816     2.4    16.0     2.4    16.0     2.4    16.0     2.4    16.0     2.4    16.0
 14820     2.2     9.6     2.2     9.6     2.2     9.6     2.2     9.6     2.2     9.6
 14824     2.1     3.4     2.1     3.4     2.1     3.4     2.1     3.4     2.1     3.4
 14828     1.9    -3.0     1.9    -3.0     1.9    -3.0     1.9    -3.0     1.9    -3.0
 14832     1.8    -9.3     1.8    -9.3     1.8    -9.3     1.8    -9.3     1.8    -9.3
 14836     1.6   -15.4     1.6   -15.4     1.6   -15.4     1.6   -15.4     1.6   -15.4
 14840     1.4   -21.8     1.4   -21.8     1.4   -21.8     1.4   -21.8     1.4   -21.8
 14844     1.3   -27.6     1.3   -27.6     1.3   -27.6     1.3   -27.6     1.3   -27.6
 14848     1.1   -34.1     1.1   -34.1     1.1   -34.1     1.1   -34.1     1.1   -34.1
 14852     0.9   -40.0     0.9   -40.0     0.9   -40.0     0.9   -40.0     0.9   -40.0
 14855     0.8   -46.2     0.8   -46.2     0.8   -46.2     0.8   -46.2     0.8   -46.2
 14859     0.6   -52.2     0.6   -52.2     0.6   -52.2     0.6   -52.2     0.6   -52.2
 14863     0.5   -58.4     0.5   -58.4     0.5   -58.4     0.5   -58.4     0.5   -58.4
 14867     0.3   -64.2     0.3   -64.2     0.3   -64.2     0.3   -64.2     0.3   -64.2
 14871     0.2   -70.1     0.2   -70.1     0.2   -70.1     0.2   -70.1     0.2   -70.1
 14875     0.1   -76.0     0.1   -76.0     0.1   -76.0     0.1   -76.0     0.1   -76.0
 14879    -0.1   -82.0    -0.1   -82.0    -0.1   -82.0    -0.1   -82.0    -0.1   -82.0
 14883    -0.2   -88.1    -0.2   -88.1    -0.2   -88.1    -0.2   -88.1    -0.2   -88.1
 14887    -0.4   -93.7    -0.4   -93.7    -0.4   -93.7    -0.4   -93.7    -0.4   -93.7
 14891    -0.5   -99.8    -0.5   -99.8    -0.5   -99.8    -0.5   -99.8    -0.5   -99.8
 14895    -0.6  -105.3    -0.6  -105.3    -0.6  -105.3    -0.6  -105.3    -0.6  -105.3
 14898    -0.8  -111.3    -0.8  -111.3    -0.8  -111.3    -0.8  -111.3    -0.8  -111.3
 14902    -1.0  -117.0    -1.0  -117.0    -1.0  -117.0    -1.0  -117.0    -1.0  -117.0
 14906    -1.1  -122.7    -1.1  -122.7    -1.1  -122.7    -1.1  -122.7    -1.1  -122.7
 14910    -1.2  -128.6    -1.2  -128.6    -1.2  -128.6    -1.2  -128.6    -1.2  -128.6
 14914    -1.3  -134.5    -1.3  -134.5    -1.3  -134.5    -1.3  -134.5    -1.3  -134.5
 14918    -1.4  -140.0    -1.4  -140.0    -1.4  -140.0    -1.4  -140.0    -1.4  -140.0
 14922    -1.5  -145.9    -1.5  -145.9    -1.5  -145.9    -1.5  -145.9    -1.5  -145.9
 14926    -1.7  -151.4    -1.7  -151.4    -1.7  -151.4    -1.7  -151.4    -1.7  -151.4
 14930    -1.8  -157.1    -1.8  -157.1    -1.8  -157.1    -1.8  -157.1    -1.8  -157.1
 14934    -1.9  -162.7    -1.9  -162.7    -1.9  -162.7    -1.9  -162.7    -1.9  -162.7
 14938    -2.0  -168.3    -2.0  -168.3    -2.0  -168.3    -2.0  -168.3    -2.0  -168.3
 14941    -2.1  -174.1    -2.1  -174.1    -2.1  -174.1    -2.1  -174.1    -2.1  -174.1
 14945    -2.2  -179.3    -2.2  -179.3    -2.2  -179.3    -2.2  -179.3    -2.2  -179.3
 14949    -2.3   175.1    -2.3   175.1    -2.3   175.1    -2.3   175.1    -2.3   175.1
 14953    -2.4   169.4    -2.4   169.4    -2.4   169.4    -2.4   169.4    -2.4   169.4
 14957    -2.5   163.9    -2.5   163.9    -2.5   163.9    -2.5   163.9    -2.5   163.9
 14961    -2.6   158.4    -2.6   158.4    -2.6   158.4    -2.6   158.4    -2.6   158.4
 14965    -2.7   152.7    -2.7   152.7    -2.7   152.7    -2.7   152.7    -2.7   152.7
 14969    -2.7   147.2    -2.7   147.2    -2.7   147.2    -2.7   147.2    -2.7   147.2
 14973    -2.9   141.3    -2.9   141.3    -2.9   141.3    -2.9   141.3    -2.9   141.3
 14977    -2.9   136.1    -2.9   136.1    -2.9   136.1    -2.9   136.1    -2.9   136.1
 14980    -3.0   130.5    -3.0   130.5    -3.0   130.5    -3.0   130.5    -3.0   130.5
 14984    -3.1   125.2    -3.1   125.2    -3.1   125.2    -3.1   125.2    -3.1   125.2
 14988    -3.2   119.7    -3.2   119.7    -3.2   119.7    -3.2   119.7    -3.2   119.7
 14992    -3.3   114.2    -3.3   114.2    -3.3   114.2    -3.3   114.2    -3.3   114.2
 14996    -3.4   109.0    -3.4   109.0    -3.4   109.0    -3.4   109.0    -3.4   109.0
 15000    -3.4   103.3    -3.4   103.3    -3.4   103.3    -3.4   103.3    -3.4   103.3
 15004    -3.5    98.1    -3.5    98.1    -3.5    98.1    -3.5    98.1    -3.5    98.1
 15008    -3.6    92.5    -3.6    92.5    -3.6    92.5    -3.6    92.5    -3.6    92.5
 15012    -3.6    87.2    -3.6    87.2    -3.6    87.2    -3.6    87.2    -3.6    87.2
 15016    -3.7    81.5    -3.7    81.5    -3.7    81.5    -3.7    81.5    -3.7    81.5
 15020    -3.7    76.6    -3.7    76.6    -3.7    76.6    -3.7    76.6    -3.7    76.6
 15023    -3.8    71.2    -3.8    71.2    -3.8    71.2    -3.8    71.2    -3.8    71.2
 15027    -3.9    66.0    -3.9    66.0    -3.9    66.0    -3.9    66.0    -3.9    66.0
 15031    -3.9    60.8    -3.9    60.8    -3.9    60.8    -3.9    60.8    -3.9    60.8
 15035    -4.0    55.1    -4.0    55.1    -4.0    55.1    -4.0    55.1    -4.0    55.1
 15039    -4.1    49.6    -4.1    49.6    -4.1    49.6    -4.1    49.6    -4.1    49.6
 15043    -4.1    44.4    -4.1    44.4    -4.1    44.4    -4.1    44.4    -4.1    44.4
 15047    -4.2    39.2    -4.2    39.2    -4.2    39.2    -4.2    39.2    -4.2    39.2
 15051    -4.2    34.0    -4.2    34.0    -4.2    34.0    -4.2    34.0    -4.2    34.0
 15055    -4.3    28.5    -4.3    28.5    -4.3    28.5    -4.3    28.5    -4.3    28.5
 15059    -4.4    23.5    -4.4    23.5    -4.4    23.5    -4.4    23.5    -4.4    23.5
 15063    -4.4    18.3    -4.4    18.3    -4.4    18.3    -4.4    18.3    -4.4    18.3
 15066    -4.4    13.1    -4.4    13.1    -4.4    13.1    -4.4    13.1    -4.4    13.1
 15070    -4.5     7.6    -4.5     7.6    -4.5     7.6    -4.5     7.6    -4.5     7.6
 15074    -4.5     2.5    -4.5     2.5    -4.5     2.5    -4.5     2.5    -4.5     2.5
 15078    -4.6    -3.0    -4.6    -3.0    -4.6    -3.0    -4.6    -3.0    -4.6    -3.0
 15082    -4.6    -7.9    -4.6    -7.9    -4.6    -7.9    -4.6    -7.9    -4.6    -7.9
 15086    -4.6   -13.1    -4.6   -13.1    -4.6   -13.1    -4.6   -13.1    -4.6   -13.1
 15090    -4.8   -18.7    -4.8   -18.7    -4.8   -18.7    -4.8   -18.7    -4.8   -18.7
 15094    -4.8   -23.4    -4.8   -23.4    -4.8   -23.4    -4.8   -23.4    -4.8   -23.4
 15098    -4.8   -28.8    -4.8   -28.8    -4.8   -28.8    -4.8   -28.8    -4.8   -28.8
 15102    -4.9   -33.7    -4.9   -33.7    -4.9   -33.7    -4.9   -33.7    -4.9   -33.7
 15105    -4.9   -39.3    -4.9   -39.3    -4.9   -39.3    -4.9   -39.3    -4.9   -39.3
 15109    -4.9   -44.3    -4.9   -44.3    -4.9   -44.3    -4.9   -44.3    -4.9   -44.3
 15113    -5.0   -49.6    -5.0   -49.6    -5.0   -49.6    -5.0   -49.6    -5.0   -49.6
 15117    -5.0   -54.4    -5.0   -54.4    -5.0   -54.4    -5.0   -54.4    -5.0   -54.4
 15121    -5.1   -59.6    -5.1   -59.6    -5.1   -59.6    -5.1   -59.6    -5.1   -59.6
 15125    -5.1   -64.7    -5.1   -64.7    -5.1   -64.7    -5.1   -64.7    -5.1   -64.7
 15129    -5.2   -69.8    -5.2   -69.8    -5.2   -69.8    -5.2   -69.8    -5.2   -69.8
 15133    -5.2   -75.2    -5.2   -75.2    -5.2   -75.2    -5.2   -75.2    -5.2   -75.2
 15137    -5.2   -80.1    -5.2   -80.1    -5.2   -80.1    -5.2   -80.1    -5.2   -80.1
 15141    -5.3   -85.3    -5.3   -85.3    -5.3   -85.3    -5.3   -85.3    -5.3   -85.3
 15145    -5.3   -90.4    -5.3   -90.4    -5.3   -90.4    -5.3   -90.4    -5.3   -90.4
 15148    -5.3   -95.4    -5.3   -95.4    -5.3   -95.4    -5.3   -95.4    -5.3   -95.4
 15152    -5.4  -100.4    -5.4  -100.4    -5.4  -100.4    -5.4  -100.4    -5.4  -100.4
 15156    -5.4  -105.5    -5.4  -105.5    -5.4  -105.5    -5.4  -105.5    -5.4  -105.5
 15160    -5.4  -110.6    -5.4  -110.6    -5.4  -110.6    -5.4  -110.6    -5.4  -110.6
 15164    -5.5  -115.6    -5.5  -115.6    -5.5  -115.6    -5.5  -115.6    -5.5  -115.6
 15168    -5.5  -120.5    -5.5  -120.5    -5.5  -120.5    -5.5  -120.5    -5.5  -120.5
 15172    -5.5  -126.0    -5.5  -126.0    -5.5  -126.0    -5.5  -126.0    -5.5  -126.0
 15176    -5.6  -130.6    -5.6  -130.6    -5.6  -130.6    -5.6  -130.6    -5.6  -130.6
 15180    -5.6  -135.9    -5.6  -135.9    -5.6  -135.9    -5.6  -135.9    -5.6  -135.9
 15184    -5.6  -141.0    -5.6  -141.0    -5.6  -141.0    -5.6  -141.0    -5.6  -141.0
 15188    -5.7  -145.6    -5.7  -145.6    -5.7  -145.6    -5.7  -145.6    -5.7  -145.6
 15191    -5.7  -151.1    -5.7  -151.1    -5.7  -151.1    -5.7  -151.1    -5.7  -151.1
 15195    -5.7  -156.1    -5.7  -156.1    -5.7  -156.1    -5.7  -156.1    -5.7  -156.1
 15199    -5.7  -160.5    -5.7  -160.5    -5.7  -160.5    -5.7  -160.5    -5.7  -160.5
 15203    -5.8  -166.4    -5.8  -166.4    -5.8  -166.4    -5.8  -166.4    -5.8  -166.4
 15207    -5.8  -171.2    -5.8  -171.2    -5.8  -171.2    -5.8  -171.2    -5.8  -171.2
 15211    -5.8  -176.0    -5.8  -176.0    -5.8  -176.0    -5.8  -176.0    -5.8  -176.0
 15215    -5.9   179.0    -5.9   179.0    -5.9   179.0    -5.9   179.0    -5.9   179.0
 15219    -5.9   174.3    -5.9   174.3    -5.9   174.3    -5.9   174.3    -5.9   174.3
 15223    -5.9   169.3    -5.9   169.3    -5.9   169.3    -5.9   169.3    -5.9   169.3
 15227    -6.0   163.8    -6.0   163.8    -6.0   163.8    -6.0   163.8    -6.0   163.8
 15230    -6.0   159.0    -6.0   159.0    -6.0   159.0    -6.0   159.0    -6.0   159.0
 15234    -6.1   154.4    -6.1   154.4    -6.1   154.4    -6.1   154.4    -6.1   154.4
 15238    -6.1   149.3    -6.1   149.3    -6.1   149.3    -6.1   149.3    -6.1   149.3
 15242    -6.0   144.3    -6.0   144.3    -6.0   144.3    -6.0   144.3    -6.0   144.3
 15246    -6.1   139.6    -6.1   139.6    -6.1   139.6    -6.1   139.6    -6.1   139.6
 15250    -6.1   134.8    -6.1   134.8    -6.1   134.8    -6.1   134.8    -6.1   134.8
 15254    -6.2   129.6    -6.2   129.6    -6.2   129.6    -6.2   129.6    -6.2   129.6
 15258    -6.2   124.3    -6.2   124.3    -6.2   124.3    -6.2   124.3    -6.2   124.3
 15262    -6.2   119.3    -6.2   119.3    -6.2   119.3    -6.2   119.3    -6.2   119.3
 15266    -6.2   114.6    -6.2   114.6    -6.2   114.6    -6.2   114.6    -6.2   114.6
 15270    -6.3   109.9    -6.3   109.9    -6.3   109.9    -6.3   109.9    -6.3   109.9
 15273    -6.3   104.5    -6.3   104.5    -6.3   104.5    -6.3   104.5    -6.3   104.5
 15277    -6.3    99.8    -6.3    99.8    -6.3    99.8    -6.3    99.8    -6.3    99.8
 15281    -6.3    94.9    -6.3    94.9    -6.3    94.9    -6.3    94.9    -6.3    94.9
 15285    -6.5    90.0    -6.5    90.0    -6.5    90.0    -6.5    90.0    -6.5    90.0
 15289    -6.4    84.6    -6.4    84.6    -6.4    84.6    -6.4    84.6    -6.4    84.6
 15293    -6.4    80.0    -6.4    80.0    -6.4    80.0    -6.4    80.0    -6.4    80.0
 15297    -6.5    75.1    -6.5    75.1    -6.5    75.1    -6.5    75.1    -6.5    75.1
 15301    -6.4    70.1    -6.4    70.1    -6.4    70.1    -6.4    70.1    -6.4    70.1
 15305    -6.5    65.5    -6.5    65.5    -6.5    65.5    -6.5    65.5    -6.5    65.5
 15309    -6.5    60.7    -6.5    60.7    -6.5    60.7    -6.5    60.7    -6.5    60.7
 15313    -6.6    55.4    -6.6    55.4    -6.6    55.4    -6.6    55.4    -6.6    55.4
 15316    -6.6    50.3    -6.6    50.3    -6.6    50.3    -6.6    50.3    -6.6    50.3
 15320    -6.6    45.5    -6.6    45.5    -6.6    45.5    -6.6    45.5    -6.6    45.5
 15324    -6.7    40.7    -6.7    40.7    -6.7    40.7    -6.7    40.7    -6.7    40.7
 15328    -6.7    35.9    -6.7    35.9    -6.7    35.9    -6.7    35.9    -6.7    35.9
 15332    -6.7    30.7    -6.7    30.7    -6.7    30.7    -6.7    30.7    -6.7    30.7
 15336    -6.8    26.0    -6.8    26.0    -6.8    26.0    -6.8    26.0    -6.8    26.0
 15340    -6.8    20.9    -6.8    20.9    -6.8    20.9    -6.8    20.9    -6.8    20.9
 15344    -6.8    16.0    -6.8    16.0    -6.8    16.0    -6.8    16.0    -6.8    16.0
 15348    -6.9    11.1    -6.9    11.1    -6.9    11.1    -6.9    11.1    -6.9    11.1
 15352    -6.9     6.6    -6.9     6.6    -6.9     6.6    -6.9     6.6    -6.9     6.6
 15355    -6.9     1.3    -6.9     1.3    -6.9     1.3    -6.9     1.3    -6.9     1.3
 15359    -6.9    -3.0    -6.9    -3.0    -6.9    -3.0    -6.9    -3.0    -6.9    -3.0
 15363    -6.9    -8.5    -6.9    -8.5    -6.9    -8.5    -6.9    -8.5    -6.9    -8.5
 15367    -6.9   -13.3    -6.9   -13.3    -6.9   -13.3    -6.9   -13.3    -6.9   -13.3
 15371    -7.0   -18.4    -7.0   -18.4    -7.0   -18.4    -7.0   -18.4    -7.0   -18.4
 15375    -7.0   -22.8    -7.0   -22.8    -7.0   -22.8    -7.0   -22.8    -7.0   -22.8
 15379    -7.1   -27.9    -7.1   -27.9    -7.1   -27.9    -7.1   -27.9    -7.1   -27.9
 15383    -7.1   -32.6    -7.1   -32.6    -7.1   -32.6    -7.1   -32.6    -7.1   -32.6
 15387    -7.1   -37.7    -7.1   -37.7    -7.1   -37.7    -7.1   -37.7    -7.1   -37.7
 15391    -7.2   -42.6    -7.2   -42.6    -7.2   -42.6    -7.2   -42.6    -7.2   -42.6
 15395    -7.1   -47.8    -7.1   -47.8    -7.1   -47.8    -7.1   -47.8    -7.1   -47.8
 15398    -7.2   -52.4    -7.2   -52.4    -7.2   -52.4    -7.2   -52.4    -7.2   -52.4
 15402    -7.2   -57.4    -7.2   -57.4    -7.2   -57.4    -7.2   -57.4    -7.2   -57.4
 15406    -7.3   -62.4    -7.3   -62.4    -7.3   -62.4    -7.3   -62.4    -7.3   -62.4
 15410    -7.3   -67.0    -7.3   -67.0    -7.3   -67.0    -7.3   -67.0    -7.3   -67.0
 15414    -7.3   -72.1    -7.3   -72.1    -7.3   -72.1    -7.3   -72.1    -7.3   -72.1
 15418    -7.3   -77.0    -7.3   -77.0    -7.3   -77.0    -7.3   -77.0    -7.3   -77.0
 15422    -7.4   -82.0    -7.4   -82.0    -7.4   -82.0    -7.4   -82.0    -7.4   -82.0
 15426    -7.4   -86.3    -7.4   -86.3    -7.4   -86.3    -7.4   -86.3    -7.4   -86.3
 15430    -7.4   -91.4    -7.4   -91.4    -7.4   -91.4    -7.4   -91.4    -7.4   -91.4
 15434    -7.5   -96.4    -7.5   -96.4    -7.5   -96.4    -7.5   -96.4    -7.5   -96.4
 15438    -7.5  -101.3    -7.5  -101.3    -7.5  -101.3    -7.5  -101.3    -7.5  -101.3
 15441    -7.4  -106.4    -7.4  -106.4    -7.4  -106.4    -7.4  -106.4    -7.4  -106.4
 15445    -7.6  -111.1    -7.6  -111.1    -7.6  -111.1    -7.6  -111.1    -7.6  -111.1
 15449    -7.6  -115.9    -7.6  -115.9    -7.6  -115.9    -7.6  -115.9    -7.6  -115.9
 15453    -7.6  -120.7    -7.6  -120.7    -7.6  -120.7    -7.6  -120.7    -7.6  -120.7
 15457    -7.6  -126.1    -7.6  -126.1    -7.6  -126.1    -7.6  -126.1    -7.6  -126.1
 15461    -7.7  -130.6    -7.7  -130.6    -7.7  -130.6    -7.7  -130.6    -7.7  -130.6
 15465    -7.7  -135.5    -7.7  -135.5    -7.7  -135.5    -7.7  -135.5    -7.7  -135.5
 15469    -7.7  -140.3    -7.7  -140.3    -7.7  -140.3    -7.7  -140.3    -7.7  -140.3
 15473    -7.8  -145.4    -7.8  -145.4    -7.8  -145.4    -7.8  -145.4    -7.8  -145.4
 15477    -7.9  -150.4    -7.9  -150.4    -7.9  -150.4    -7.9  -150.4    -7.9  -150.4
 15480    -7.8  -155.3    -7.8  -155.3    -7.8  -155.3    -7.8  -155.3    -7.8  -155.3
 15484    -7.8  -159.9    -7.8  -159.9    -7.8  -159.9    -7.8  -159.9    -7.8  -159.9
 15488    -7.9  -165.0    -7.9  -165.0    -7.9  -165.0    -7.9  -165.0    -7.9  -165.0
 15492    -7.9  -170.2    -7.9  -170.2    -7.9  -170.2    -7.9  -170.2    -7.9  -170.2
 15496    -7.9  -174.9    -7.9  -174.9    -7.9  -174.9    -7.9  -174.9    -7.9  -174.9
 15500    -8.0  -179.5    -8.0  -179.5    -8.0  -179.5    -8.0  -179.5    -8.0  -179.5
 15504    -8.0   174.9    -8.0   174.9    -8.0   174.9    -8.0   174.9    -8.0   174.9
 15508    -8.1   170.5    -8.1   170.5    -8.1   170.5    -8.1   170.5    -8.1   170.5
 15512    -8.1   165.4    -8.1   165.4    -8.1   165.4    -8.1   165.4    -8.1   165.4
 15516    -8.1   160.2    -8.1   160.2    -8.1   160.2    -8.1   160.2    -8.1   160.2
 15520    -8.2   155.5    -8.2   155.5    -8.2   155.5    -8.2   155.5    -8.2   155.5
 15523    -8.2   150.6    -8.2   150.6    -8.2   150.6    -8.2   150.6    -8.2   150.6
 15527    -8.3   145.6    -8.3   145.6    -8.3   145.6    -8.3   145.6    -8.3   145.6
 15531    -8.2   141.0    -8.2   141.0    -8.2   141.0    -8.2   141.0    -8.2   141.0
 15535    -8.3   135.5    -8.3   135.5    -8.3   135.5    -8.3   135.5    -8.3   135.5
 15539    -8.3   130.8    -8.3   130.8    -8.3   130.8    -8.3   130.8    -8.3   130.8
 15543    -8.4   126.1    -8.4   126.1    -8.4   126.1    -8.4   126.1    -8.4   126.1
 15547    -8.4   121.0    -8.4   121.0    -8.4   121.0    -8.4   121.0    -8.4   121.0
 15551    -8.4   115.6    -8.4   115.6    -8.4   115.6    -8.4   115.6    -8.4   115.6
 15555    -8.5   111.1    -8.5   111.1    -8.5   111.1    -8.5   111.1    -8.5   111.1
 15559    -8.5   106.4    -8.5   106.4    -8.5   106.4    -8.5   106.4    -8.5   106.4
 15563    -8.5   101.0    -8.5   101.0    -8.5   101.0    -8.5   101.0    -8.5   101.0
 15566    -8.6    95.8    -8.6    95.8    -8.6    95.8    -8.6    95.8    -8.6    95.8
 15570    -8.6    91.5    -8.6    91.5    -8.6    91.5    -8.6    91.5    -8.6    91.5
 15574    -8.7    86.1    -8.7    86.1    -8.7    86.1    -8.7    86.1    -8.7    86.1
 15578    -8.8    81.4    -8.8    81.4    -8.8    81.4    -8.8    81.4    -8.8    81.4
 15582    -8.8    76.2    -8.8    76.2    -8.8    76.2    -8.8    76.2    -8.8    76.2
 15586    -8.8    71.2    -8.8    71.2    -8.8    71.2    -8.8    71.2    -8.8    71.2
 15590    -8.9    66.2    -8.9    66.2    -8.9    66.2    -8.9    66.2    -8.9    66.2
 15594    -8.9    61.5    -8.9    61.5    -8.9    61.5    -8.9    61.5    -8.9    61.5
 15598    -8.9    55.8    -8.9    55.8    -8.9    55.8    -8.9    55.8    -8.9    55.8
 15602    -8.9    51.4    -8.9    51.4    -8.9    51.4    -8.9    51.4    -8.9    51.4
 15605    -9.0    46.3    -9.0    46.3    -9.0    46.3    -9.0    46.3    -9.0    46.3
 15609    -9.0    41.2    -9.0    41.2    -9.0    41.2    -9.0    41.2    -9.0    41.2
 15613    -9.1    36.0    -9.1    36.0    -9.1    36.0    -9.1    36.0    -9.1    36.0
 15617    -9.2    30.9    -9.2    30.9    -9.2    30.9    -9.2    30.9    -9.2    30.9
 15621    -9.2    25.8    -9.2    25.8    -9.2    25.8    -9.2    25.8    -9.2    25.8
 15625    -9.3    21.4    -9.3    21.4    -9.3    21.4    -9.3    21.4    -9.3    21.4
 15629    -9.3    16.0    -9.3    16.0    -9.3    16.0    -9.3    16.0    -9.3    16.0
 15633    -9.4    10.9    -9.4    10.9    -9.4    10.9    -9.4    10.9    -9.4    10.9
 15637    -9.4     5.8    -9.4     5.8    -9.4     5.8    -9.4     5.8    -9.4     5.8
 15641    -9.4     0.9    -9.4     0.9    -9.4     0.9    -9.4     0.9    -9.4     0.9
 15645    -9.5    -4.6    -9.5    -4.6    -9.5    -4.6    -9.5    -4.6    -9.5    -4.6
 15648    -9.6    -9.2    -9.6    -9.2    -9.6    -9.2    -9.6    -9.2    -9.6    -9.2
 15652    -9.6   -14.0    -9.6   -14.0    -9.6   -14.0    -9.6   -14.0    -9.6   -14.0
 15656    -9.7   -19.5    -9.7   -19.5    -9.7   -19.5    -9.7   -19.5    -9.7   -19.5
 15660    -9.7   -25.1    -9.7   -25.1    -9.7   -25.1    -9.7   -25.1    -9.7   -25.1
 15664    -9.8   -29.6    -9.8   -29.6    -9.8   -29.6    -9.8   -29.6    -9.8   -29.6
 15668    -9.8   -35.2    -9.8   -35.2    -9.8   -35.2    -9.8   -35.2    -9.8   -35.2
 15672    -9.9   -39.5    -9.9   -39.5    -9.9   -39.5    -9.9   -39.5    -9.9   -39.5
 15676    -9.9   -44.9    -9.9   -44.9    -9.9   -44.9    -9.9   -44.9    -9.9   -44.9
 15680   -10.0   -50.7   -10.0   -50.7   -10.0   -50.7   -10.0   -50.7   -10.0   -50.7
 15684   -10.1   -55.3   -10.1   -55.3   -10.1   -55.3   -10.1   -55.3   -10.1   -55.3
 15688   -10.1   -60.6   -10.1   -60.6   -10.1   -60.6   -10.1   -60.6   -10.1   -60.6
 15691   -10.2   -65.7   -10.2   -65.7   -10.2   -65.7   -10.2   -65.7   -10.2   -65.7
 15695   -10.2   -70.7   -10.2   -70.7   -10.2   -70.7   -10.2   -70.7   -10.2   -70.7
 15699   -10.3   -75.7   -10.3   -75.7   -10.3   -75.7   -10.3   -75.7   -10.3   -75.7
 15703   -10.4   -81.5   -10.4   -81.5   -10.4   -81.5   -10.4   -81.5   -10.4   -81.5
 15707   -10.4   -86.2   -10.4   -86.2   -10.4   -86.2   -10.4   -86.2   -10.4   -86.2
 15711   -10.5   -91.8   -10.5   -91.8   -10.5   -91.8   -10.5   -91.8   -10.5   -91.8
 15715   -10.6   -96.6   -10.6   -96.6   -10.6   -96.6   -10.6   -96.6   -10.6   -96.6
 15719   -10.6  -102.1   -10.6  -102.1   -10.6  -102.1   -10.6  -102.1   -10.6  -102.1
 15723   -10.7  -107.3   -10.7  -107.3   -10.7  -107.3   -10.7  -107.3   -10.7  -107.3
 15727   -10.7  -112.1   -10.7  -112.1   -10.7  -112.1   -10.7  -112.1   -10.7  -112.1
 15730   -10.9  -117.8   -10.9  -117.8   -10.9  -117.8   -10.9  -117.8   -10.9  -117.8
 15734   -10.9  -123.1   -10.9  -123.1   -10.9  -123.1   -10.9  -123.1   -10.9  -123.1
 15738   -11.1  -128.3   -11.1  -128.3   -11.1  -128.3   -11.1  -128.3   -11.1  -128.3
 15742   -11.1  -133.2   -11.1  -133.2   -11.1  -133.2   -11.1  -133.2   -11.1  -133.2
 15746   -11.2  -138.9   -11.2  -138.9   -11.2  -138.9   -11.2  -138.9   -11.2  -138.9
 15750   -11.1  -144.1   -11.1  -144.1   -11.1  -144.1   -11.1  -144.1   -11.1  -144.1
 15754   -11.4  -148.5   -11.4  -148.5   -11.4  -148.5   -11.4  -148.5   -11.4  -148.5
 15758   -11.5  -154.7   -11.5  -154.7   -11.5  -154.7   -11.5  -154.7   -11.5  -154.7
 15762   -11.6  -160.4   -11.6  -160.4   -11.6  -160.4   -11.6  -160.4   -11.6  -160.4
 15766   -11.6  -165.1   -11.6  -165.1   -11.6  -165.1   -11.6  -165.1   -11.6  -165.1
 15770   -11.6  -170.6   -11.6  -170.6   -11.6  -170.6   -11.6  -170.6   -11.6  -170.6
 15773   -11.8  -176.0   -11.8  -176.0   -11.8  -176.0   -11.8  -176.0   -11.8  -176.0
 15777   -11.9   178.7   -11.9   178.7   -11.9   178.7   -11.9   178.7   -11.9   178.7
 15781   -12.0   172.7   -12.0   172.7   -12.0   172.7   -12.0   172.7   -12.0   172.7
 15785   -12.1   167.2   -12.1   167.2   -12.1   167.2   -12.1   167.2   -12.1   167.2
 15789   -12.2   162.3   -12.2   162.3   -12.2   162.3   -12.2   162.3   -12.2   162.3
 15793   -12.2   156.7   -12.2   156.7   -12.2   156.7   -12.2   156.7   -12.2   156.7
 15797   -12.4   151.4   -12.4   151.4   -12.4   151.4   -12.4   151.4   -12.4   151.4
 15801   -12.4   146.5   -12.4   146.5   -12.4   146.5   -12.4   146.5   -12.4   146.5
 15805   -12.5   140.3   -12.5   140.3   -12.5   140.3   -12.5   140.3   -12.5   140.3
 15809   -12.7   134.7   -12.7   134.7   -12.7   134.7   -12.7   134.7   -12.7   134.7
 15813   -12.7   129.1   -12.7   129.1   -12.7   129.1   -12.7   129.1   -12.7   129.1
 15816   -12.9   122.9   -12.9   122.9   -12.9   122.9   -12.9   122.9   -12.9   122.9
 15820   -12.9   117.7   -12.9   117.7   -12.9   117.7   -12.9   117.7   -12.9   117.7
 15824   -13.0   111.6   -13.0   111.6   -13.0   111.6   -13.0   111.6   -13.0   111.6
 15828   -13.2   106.4   -13.2   106.4   -13.2   106.4   -13.2   106.4   -13.2   106.4
 15832   -13.3   100.2   -13.3   100.2   -13.3   100.2   -13.3   100.2   -13.3   100.2
 15836   -13.4    95.6   -13.4    95.6   -13.4    95.6   -13.4    95.6   -13.4    95.6
 15840   -13.6    89.4   -13.6    89.4   -13.6    89.4   -13.6    89.4   -13.6    89.4
 15844   -13.7    84.9   -13.7    84.9   -13.7    84.9   -13.7    84.9   -13.7    84.9
 15848   -13.8    77.9   -13.8    77.9   -13.8    77.9   -13.8    77.9   -13.8    77.9
 15852   -13.8    72.6   -13.8    72.6   -13.8    72.6   -13.8    72.6   -13.8    72.6
 15855   -14.0    66.5   -14.0    66.5   -14.0    66.5   -14.0    66.5   -14.0    66.5
 15859   -14.0    61.0   -14.0    61.0   -14.0    61.0   -14.0    61.0   -14.0    61.0
 15863   -14.4    54.9   -14.4    54.9   -14.4    54.9   -14.4    54.9   -14.4    54.9
 15867   -14.4    48.6   -14.4    48.6   -14.4    48.6   -14.4    48.6   -14.4    48.6
 15871   -14.7    42.1   -14.7    42.1   -14.7    42.1   -14.7    42.1   -14.7    42.1
 15875   -14.8    36.6   -14.8    36.6   -14.8    36.6   -14.8    36.6   -14.8    36.6
 15879   -14.8    30.4   -14.8    30.4   -14.8    30.4   -14.8    30.4   -14.8    30.4
 15883   -15.0    24.3   -15.0    24.3   -15.0    24.3   -15.0    24.3   -15.0    24.3
 15887   -15.3    18.9   -15.3    18.9   -15.3    18.9   -15.3    18.9   -15.3    18.9
 15891   -15.2    11.6   -15.2    11.6   -15.2    11.6   -15.2    11.6   -15.2    11.6
 15895   -15.4     6.3   -15.4     6.3   -15.4     6.3   -15.4     6.3   -15.4     6.3
 15898   -15.7    -0.1   -15.7    -0.1   -15.7    -0.1   -15.7    -0.1   -15.7    -0.1
 15902   -15.8    -6.2   -15.8    -6.2   -15.8    -6.2   -15.8    -6.2   -15.8    -6.2
 15906   -15.7   -13.7   -15.7   -13.7   -15.7   -13.7   -15.7   -13.7   -15.7   -13.7
 15910   -15.9   -18.6   -15.9   -18.6   -15.9   -18.6   -15.9   -18.6   -15.9   -18.6
 15914   -16.2   -24.9   -16.2   -24.9   -16.2   -24.9   -16.2   -24.9   -16.2   -24.9
 15918   -16.4   -31.1   -16.4   -31.1   -16.4   -31.1   -16.4   -31.1   -16.4   -31.1
 15922   -16.5   -38.5   -16.5   -38.5   -16.5   -38.5   -16.5   -38.5   -16.5   -38.5
 15926   -16.5   -44.5   -16.5   -44.5   -16.5   -44.5   -16.5   -44.5   -16.5   -44.5
 15930   -16.6   -52.1   -16.6   -52.1   -16.6   -52.1   -16.6   -52.1   -16.6   -52.1
 15934   -16.9   -58.3   -16.9   -58.3   -16.9   -58.3   -16.9   -58.3   -16.9   -58.3
 15938   -17.1   -65.6   -17.1   -65.6   -17.1   -65.6   -17.1   -65.6   -17.1   -65.6
 15941   -17.0   -71.9   -17.0   -71.9   -17.0   -71.9   -17.0   -71.9   -17.0   -71.9
 15945   -17.3   -79.2   -17.3   -79.2   -17.3   -79.2   -17.3   -79.2   -17.3   -79.2
 15949   -17.4   -85.6   -17.4   -85.6   -17.4   -85.6   -17.4   -85.6   -17.4   -85.6
 15953   -17.5   -92.2   -17.5   -92.2   -17.5   -92.2   -17.5   -92.2   -17.5   -92.2
 15957   -17.7  -100.6   -17.7  -100.6   -17.7  -100.6   -17.7  -100.6   -17.7  -100.6
 15961   -17.8  -106.3   -17.8  -106.3   -17.8  -106.3   -17.8  -106.3   -17.8  -106.3
 15965   -17.7  -113.9   -17.7  -113.9   -17.7  -113.9   -17.7  -113.9   -17.7  -113.9
 15969   -17.9  -121.3   -17.9  -121.3   -17.9  -121.3   -17.9  -121.3   -17.9  -121.3
 15973   -17.8  -127.7   -17.8  -127.7   -17.8  -127.7   -17.8  -127.7   -17.8  -127.7
 15977   -18.0  -137.5   -18.0  -137.5   -18.0  -137.5   -18.0  -137.5   -18.0  -137.5
 15980   -18.2  -143.7   -18.2  -143.7   -18.2  -143.7   -18.2  -143.7   -18.2  -143.7
 15984   -18.1  -150.3   -18.1  -150.3   -18.1  -150.3   -18.1  -150.3   -18.1  -150.3
 15988   -17.9  -159.4   -17.9  -159.4   -17.9  -159.4   -17.9  -159.4   -17.9  -159.4
 15992   -18.3  -166.1   -18.3  -166.1   -18.3  -166.1   -18.3  -166.1   -18.3  -166.1
 15996   -18.1  -172.6   -18.1  -172.6   -18.1  -172.6   -18.1  -172.6   -18.1  -172.6
